product_id,title,category,price,rating,review_count,purchased_last_month,brand,seller,is_prime,product_url,scraped_at,original_price_won,image_url,maker,data_source,naver_category1,naver_category2,naver_category3,naver_category4,search_keyword,category_avg_price,price_to_category_avg_ratio,keyword_avg_price,price_to_keyword_avg_ratio,price_x_rating,rating_x_review_count,price_x_review_count
NAVER_55019390749,"AULA F108 올리비아 화이트, 저소음 바다축",디지털/가전 > 주변기기 > 키보드 > 무선키보드,60.74,4.4,39.0,64,AULA,네이버,False,https://search.shopping.naver.com/catalog/55019390749,2025-09-23 00:52:03.402862,82000,https://shopping-phinf.pstatic.net/main_5501939/55019390749.20250529105111.jpg,AULA,naver_shopping_search,디지털/가전,주변기기,키보드,무선키보드,키보드,54.32430769230769,1.1180998448066881,54.4031,1.116480494677693,267.25600000000003,171.60000000000002,2368.86
NAVER_54968379040,"프리플로우 아콘 AK74 104키 유무선 기계식 키보드 마카롱, 저소음 눈송이축",디지털/가전 > 주변기기 > 키보드 > 무선키보드,62.96,4.5,134.0,64,프리플로우,네이버,False,https://search.shopping.naver.com/catalog/54968379040,2025-09-23 00:52:03.402886,85000,https://shopping-phinf.pstatic.net/main_5496837/54968379040.20250526112405.jpg,프리플로우,naver_shopping_search,디지털/가전,주변기기,키보드,무선키보드,키보드,54.32430769230769,1.1589655289599783,54.4031,1.1572869928368053,283.32,603.0,8436.64
NAVER_87855337549,키크론 K10 PRO SE 레트로 무선 기계식 키보드 핫스왑 미지원 저소음 바나나축,디지털/가전 > 주변기기 > 키보드 > 무선키보드,88.15,3.9,81.0,44,키크론,키크론 공식스토어,False,https://smartstore.naver.com/main/products/10310833443,2025-09-23 00:52:03.402899,119000,https://shopping-phinf.pstatic.net/main_8785533/87855337549.17.jpg,키크론,naver_shopping_search,디지털/가전,주변기기,키보드,무선키보드,키보드,54.32430769230769,1.6226621883389787,54.4031,1.6203120778043898,343.785,315.9,7140.150000000001
NAVER_84224855970,게이밍 기계식 키보드 사무용 저소음 적축 키보드 게임 컴퓨터 키보드 자판,디지털/가전 > 주변기기 > 키보드 > 유선키보드,24.37,3.9,87.0,44,앱코,디엘유통,False,https://smartstore.naver.com/main/products/6680355648,2025-09-23 00:52:03.402913,32900,https://shopping-phinf.pstatic.net/main_8422485/84224855970.11.jpg,Unknown,naver_shopping_search,디지털/가전,주변기기,키보드,유선키보드,키보드,54.54942857142857,0.4467507843476166,54.4031,0.44795241447638096,95.043,339.3,2120.19
NAVER_83188533769,게이밍 기계식 키보드 앱코 K640 청축 배그 롤 피시방 서든어택 스타 사무용 업무용,디지털/가전 > 주변기기 > 키보드 > 유선키보드,31.11,3.6,17.0,63,해커,드림팩토리샵,False,https://smartstore.naver.com/main/products/5644036525,2025-09-23 00:52:03.402921,42000,https://shopping-phinf.pstatic.net/main_8318853/83188533769.6.jpg,앱코,naver_shopping_search,디지털/가전,주변기기,키보드,유선키보드,키보드,54.54942857142857,0.5703084489558617,54.4031,0.5718424133918839,111.996,61.2,528.87
NAVER_56692316987,로지텍 ALTO KEYS K98M,디지털/가전 > 주변기기 > 키보드 > 무선키보드,95.56,4.3,80.0,63,로지텍,네이버,False,https://search.shopping.naver.com/catalog/56692316987,2025-09-23 00:52:03.402928,129000,https://shopping-phinf.pstatic.net/main_5669231/56692316987.20250911173550.jpg,로지텍,naver_shopping_search,디지털/가전,주변기기,키보드,무선키보드,키보드,54.32430769230769,1.7590652151749606,54.4031,1.7565175513895348,410.908,344.0,7644.8
NAVER_54669334639,"AULA F108 스카이블랙, 세이야축",디지털/가전 > 주변기기 > 키보드 > 무선키보드,57.04,4.5,125.0,43,AULA,네이버,False,https://search.shopping.naver.com/catalog/54669334639,2025-09-23 00:52:03.402934,77000,https://shopping-phinf.pstatic.net/main_5466933/54669334639.20250509101232.jpg,AULA,naver_shopping_search,디지털/가전,주변기기,키보드,무선키보드,키보드,54.32430769230769,1.049990371217871,54.4031,1.0484696644125058,256.68,562.5,7130.0
NAVER_56262329803,"AULA F108Pro 치즈 화이트, 저소음 바다축",디지털/가전 > 주변기기 > 키보드 > 무선키보드,65.93,3.9,83.0,42,AULA,네이버,False,https://search.shopping.naver.com/catalog/56262329803,2025-09-23 00:52:03.402945,89000,https://shopping-phinf.pstatic.net/main_5626232/56262329803.20250814150806.jpg,AULA,naver_shopping_search,디지털/가전,주변기기,키보드,무선키보드,키보드,54.32430769230769,1.21363718748938,54.4031,1.2118794701037259,257.127,323.7,5472.1900000000005
NAVER_53527806224,"앱코 MK108 저소음 멤브레인 키보드 오트밀, 멤브레인",디지털/가전 > 주변기기 > 키보드 > 유선키보드,16.96,3.9,33.0,118,앱코,네이버,False,https://search.shopping.naver.com/catalog/53527806224,2025-09-23 00:52:03.402952,22900,https://shopping-phinf.pstatic.net/main_5352780/53527806224.20250626152230.jpg,앱코,naver_shopping_search,디지털/가전,주변기기,키보드,유선키보드,키보드,54.54942857142857,0.3109106812694123,54.4031,0.311746940891236,66.144,128.7,559.6800000000001
NAVER_53596732391,"로지텍 K120 NEW Keyboard 블랙, 멤브레인",디지털/가전 > 주변기기 > 키보드 > 유선키보드,9.39,4.3,36.0,65,로지텍,네이버,False,https://search.shopping.naver.com/catalog/53596732391,2025-09-23 00:52:03.402959,12670,https://shopping-phinf.pstatic.net/main_5359673/53596732391.20250317110631.jpg,로지텍,naver_shopping_search,디지털/가전,주변기기,키보드,유선키보드,키보드,54.54942857142857,0.17213745855659088,54.4031,0.1726004584297586,40.377,154.79999999999998,338.04
NAVER_82025049539,아이패드 블루투스키보드 애플 갤럭시탭 태블릿 노트북 맥북 미니 무선 키보드 휴대용 38,디지털/가전 > 주변기기 > 키보드 > 무선키보드,14.74,4.0,60.0,38,아이노트,성정마트,False,https://smartstore.naver.com/main/products/4480526635,2025-09-23 00:52:03.402966,19900,https://shopping-phinf.pstatic.net/main_8202504/82025049539.8.jpg,퓨전에프앤씨,naver_shopping_search,디지털/가전,주변기기,키보드,무선키보드,키보드,54.32430769230769,0.27133341640517916,54.4031,0.2709404427321237,58.96,240.0,884.4
NAVER_11234205895,코시 무선 휴대용 애플 태블릿 PC 핸드폰 아이패드 미니 블루투스키보드,디지털/가전 > 주변기기 > 키보드 > 무선키보드,11.48,4.1,22.0,89,코시,코시,False,https://smartstore.naver.com/main/products/692028242,2025-09-23 00:52:03.402973,15500,https://shopping-phinf.pstatic.net/main_1123420/11234205895.6.jpg,Unknown,naver_shopping_search,디지털/가전,주변기기,키보드,무선키보드,키보드,54.32430769230769,0.21132344778368092,54.4031,0.21101738687685076,47.068,90.19999999999999,252.56
NAVER_53530167724,"앱코 AS104 오피스네비게이터 3모드 기계식 키보드 화이트, 딥 사운드축",디지털/가전 > 주변기기 > 키보드 > 무선키보드,73.33,3.9,106.0,31,앱코,네이버,False,https://search.shopping.naver.com/catalog/53530167724,2025-09-23 00:52:03.402979,99000,https://shopping-phinf.pstatic.net/main_5353016/53530167724.20250916142526.jpg,앱코,naver_shopping_search,디지털/가전,주변기기,키보드,무선키보드,키보드,54.32430769230769,1.3498561346670142,54.4031,1.3479011306340998,285.98699999999997,413.4,7772.98
NAVER_88547796198,"AULA F108 유무선 독거미 한글 기계식 키보드 펀키스 국내 정품 올리비아 화이트, KTT 저소음바다축",디지털/가전 > 주변기기 > 키보드 > 무선키보드,60.74,4.2,42.0,63,AULA,펀키스,False,https://smartstore.naver.com/main/products/11003290102,2025-09-23 00:52:03.402986,82000,https://shopping-phinf.pstatic.net/main_8854779/88547796198.2.jpg,AULA,naver_shopping_search,디지털/가전,주변기기,키보드,무선키보드,키보드,54.32430769230769,1.1180998448066881,54.4031,1.116480494677693,255.10800000000003,176.4,2551.08
NAVER_53549203287,"지클릭커 슈퍼히어로 SPK100 저소음 무선 블루투스 기계식 키보드 레트로 레드, 저소음 적축",디지털/가전 > 주변기기 > 키보드 > 무선키보드,29.48,4.1,26.0,46,지클릭커,네이버,False,https://search.shopping.naver.com/catalog/53549203287,2025-09-23 00:52:03.402992,39800,https://shopping-phinf.pstatic.net/main_5354920/53549203287.20250807134608.jpg,지클릭커,naver_shopping_search,디지털/가전,주변기기,키보드,무선키보드,키보드,54.32430769230769,0.5426668328103583,54.4031,0.5418808854642474,120.868,106.6,766.48
NAVER_54748753441,"QSENN Q104 PBT 블루퍼플, 퍼플축",디지털/가전 > 주변기기 > 키보드 > 무선키보드,38.74,4.0,35.0,52,QSENN,네이버,False,https://search.shopping.naver.com/catalog/54748753441,2025-09-23 00:52:03.402997,52300,https://shopping-phinf.pstatic.net/main_5474875/54748753441.20250513175419.jpg,QSENN,naver_shopping_search,디지털/가전,주변기기,키보드,무선키보드,키보드,54.32430769230769,0.7131245964407491,54.4031,0.712091774181986,154.96,140.0,1355.9
NAVER_88547826011,"AULA F108 유무선 독거미 한글 기계식 키보드 펀키스 국내 정품 스카이 블랙, KTT 저소음바다축",디지털/가전 > 주변기기 > 키보드 > 무선키보드,60.74,4.1,75.0,74,AULA,펀키스,False,https://smartstore.naver.com/main/products/11003319915,2025-09-23 00:52:03.403003,82000,https://shopping-phinf.pstatic.net/main_8854782/88547826011.1.jpg,AULA,naver_shopping_search,디지털/가전,주변기기,키보드,무선키보드,키보드,54.32430769230769,1.1180998448066881,54.4031,1.116480494677693,249.034,307.5,4555.5
NAVER_53531271316,"로지텍 K270 무선 키보드 블랙, 멤브레인",디지털/가전 > 주변기기 > 키보드 > 무선키보드,19.93,3.8,50.0,116,로지텍,네이버,False,https://search.shopping.naver.com/catalog/53531271316,2025-09-23 00:52:03.403009,26900,https://shopping-phinf.pstatic.net/main_5353127/53531271316.20250313165155.jpg,로지텍,naver_shopping_search,디지털/가전,주변기기,키보드,무선키보드,키보드,54.32430769230769,0.36687075908787115,54.4031,0.3663394181581564,75.734,190.0,996.5
NAVER_89628296787,"AULA F87Pro 유무선 독거미 한글 기계식 키보드 펀키스 국내 정품 인디고 블랙, 저소음 솜사탕축",디지털/가전 > 주변기기 > 키보드 > 무선키보드,49.63,4.2,73.0,119,AULA,펀키스,False,https://smartstore.naver.com/main/products/12083786082,2025-09-23 00:52:03.403015,67000,https://shopping-phinf.pstatic.net/main_8962829/89628296787.jpg,AULA,naver_shopping_search,디지털/가전,주변기기,키보드,무선키보드,키보드,54.32430769230769,0.9135873443818889,54.4031,0.912264190827361,208.44600000000003,306.6,3622.9900000000002
NAVER_53527631593,"지클릭커 오피스프로 저소음 무선 키보드 WK10 블랙, 멤브레인",디지털/가전 > 주변기기 > 키보드 > 무선키보드,12.81,3.9,10.0,34,지클릭커,네이버,False,https://search.shopping.naver.com/catalog/53527631593,2025-09-23 00:52:03.403020,17300,https://shopping-phinf.pstatic.net/main_5352763/53527631593.20250513112030.jpg,지클릭커,naver_shopping_search,디지털/가전,주변기기,키보드,무선키보드,키보드,54.32430769230769,0.23580604234398542,54.4031,0.23546452316136396,49.959,39.0,128.1
NAVER_55947669707,"한성컴퓨터 GK898B PRO 염료승화 EDITION 8K 무접점키보드 퍼플 하트, 무접점(정전용량)",디지털/가전 > 주변기기 > 키보드 > 무선키보드,117.23,4.8,170.0,14,한성컴퓨터,네이버,False,https://search.shopping.naver.com/catalog/55947669707,2025-09-23 00:52:03.403027,158260,https://shopping-phinf.pstatic.net/main_5594766/55947669707.20250804141839.jpg,한성컴퓨터,naver_shopping_search,디지털/가전,주변기기,키보드,무선키보드,키보드,54.32430769230769,2.1579658348154105,54.4031,2.1548404410778064,562.704,816.0,19929.100000000002
NAVER_53683755077,"지클릭커 오피스프로 OPK50 사일런스 M RGB 무소음 방수 키보드 Greenwich CR1, 멤브레인",디지털/가전 > 주변기기 > 키보드 > 유선키보드,15.85,3.9,97.0,66,지클릭커,네이버,False,https://search.shopping.naver.com/catalog/53683755077,2025-09-23 00:52:03.403033,21400,https://shopping-phinf.pstatic.net/main_5368375/53683755077.20250630094827.jpg,지클릭커,naver_shopping_search,디지털/가전,주변기기,키보드,유선키보드,키보드,54.54942857142857,0.29056216380425615,54.4031,0.29134369181167985,61.815,378.3,1537.45
NAVER_89304880557,접이식 블루투스 키보드 휴대용 갤럭시탭 아이패드 핸드폰 태블릿 무선 가벼운 미니 키보드,디지털/가전 > 주변기기 > 키보드 > 무선키보드,14.0,3.5,62.0,91,엑토,위즈플래닛,False,https://smartstore.naver.com/main/products/11760369970,2025-09-23 00:52:03.403039,18900,https://shopping-phinf.pstatic.net/main_8930488/89304880557.1.jpg,엑토,naver_shopping_search,디지털/가전,주변기기,키보드,무선키보드,키보드,54.32430769230769,0.25771152168741573,54.4031,0.2573382766790863,49.0,217.0,868.0
NAVER_53529119864,"커세어 K70 PRO TKL MGX 래피드트리거 게이밍 기계식 키보드 화이트, 마그네틱축",디지털/가전 > 주변기기 > 키보드 > 유선키보드,157.7,4.3,58.0,15,커세어,네이버,False,https://search.shopping.naver.com/catalog/53529119864,2025-09-23 00:52:03.403045,212900,https://shopping-phinf.pstatic.net/main_5352911/53529119864.20250410162713.jpg,커세어,naver_shopping_search,디지털/가전,주변기기,키보드,유선키보드,키보드,54.54942857142857,2.890956039869476,54.4031,2.898731873735136,678.1099999999999,249.39999999999998,9146.599999999999
NAVER_53599801011,"로지텍 K380 (벌크) 차콜 그레이, 팬터그래프",디지털/가전 > 주변기기 > 키보드 > 무선키보드,18.89,3.9,80.0,111,로지텍,네이버,False,https://search.shopping.naver.com/catalog/53599801011,2025-09-23 00:52:03.403051,25500,https://shopping-phinf.pstatic.net/main_5359980/53599801011.20250317173045.jpg,로지텍,naver_shopping_search,디지털/가전,주변기기,키보드,무선키보드,키보드,54.32430769230769,0.3477264746196631,54.4031,0.34722286046199574,73.671,312.0,1511.2
NAVER_53644690867,"지클릭커 오피스프로 WK50 사일런스 M RGB 무소음 방수 무선 블루투스 키보드 87키 Greenwich RC1, 멤브레인",디지털/가전 > 주변기기 > 키보드 > 무선키보드,20.3,4.3,66.0,32,지클릭커,네이버,False,https://search.shopping.naver.com/catalog/53644690867,2025-09-23 00:52:03.403057,27400,https://shopping-phinf.pstatic.net/main_5364469/53644690867.20250321112414.jpg,지클릭커,naver_shopping_search,디지털/가전,주변기기,키보드,무선키보드,키보드,54.32430769230769,0.37368170644675286,54.4031,0.3731405011846751,87.29,283.8,1339.8
NAVER_89666131951,"FL-ESPORTS NX108 유무선 블루투스 풀배열 기계식 키보드 크림 핑크, 저소음 파도축",디지털/가전 > 주변기기 > 키보드 > 무선키보드,47.41,3.8,63.0,60,Unknown,펀키스,False,https://smartstore.naver.com/main/products/12121621246,2025-09-23 00:52:03.403068,64000,https://shopping-phinf.pstatic.net/main_8966613/89666131951.jpg,Unknown,naver_shopping_search,디지털/가전,주변기기,키보드,무선키보드,키보드,54.32430769230769,0.8727216602285985,54.4031,0.8714576926682486,180.158,239.39999999999998,2986.83
NAVER_55467182587,"프리플로우 archon AK68 수트, 저소음 블루축",디지털/가전 > 주변기기 > 키보드 > 무선키보드,48.74,3.5,59.0,55,프리플로우,네이버,False,https://search.shopping.naver.com/catalog/55467182587,2025-09-23 00:52:03.403074,65800,https://shopping-phinf.pstatic.net/main_5546718/55467182587.20250825113441.jpg,프리플로우,naver_shopping_search,디지털/가전,주변기기,키보드,무선키보드,키보드,54.32430769230769,0.8972042547889032,54.4031,0.8959048289527619,170.59,206.5,2875.6600000000003
NAVER_53510052812,"COX CK01 TKL 기계식 텐키리스 게이밍 키보드 화이트그레이, 갈축",디지털/가전 > 주변기기 > 키보드 > 유선키보드,22.15,3.9,38.0,100,COX,네이버,False,https://search.shopping.naver.com/catalog/53510052812,2025-09-23 00:52:03.403080,29900,https://shopping-phinf.pstatic.net/main_5351005/53510052812.20250523172538.jpg,COX,naver_shopping_search,디지털/가전,주변기기,키보드,유선키보드,키보드,54.54942857142857,0.4060537494173043,54.4031,0.40714591631726865,86.38499999999999,148.2,841.6999999999999
NAVER_53528602482,"오아 무선 접이식 휴대용 블루투스 키보드 블랙, 팬터그래프",디지털/가전 > 주변기기 > 키보드 > 무선키보드,28.0,4.1,70.0,30,오아,네이버,False,https://search.shopping.naver.com/catalog/53528602482,2025-09-23 00:52:03.403085,37800,https://shopping-phinf.pstatic.net/main_5352860/53528602482.20250313120256.jpg,오아,naver_shopping_search,디지털/가전,주변기기,키보드,무선키보드,키보드,54.32430769230769,0.5154230433748315,54.4031,0.5146765533581726,114.79999999999998,287.0,1960.0
NAVER_54767924901,"지클릭커 파도프로젝트 WK98 제주스위치 풀윤활 무선 블루투스 기계식 키보드 화이트 마린, 용암빨강축",디지털/가전 > 주변기기 > 키보드 > 무선키보드,44.3,3.9,55.0,33,지클릭커,네이버,False,https://search.shopping.naver.com/catalog/54767924901,2025-09-23 00:52:03.403091,59800,https://shopping-phinf.pstatic.net/main_5476792/54767924901.20250521153415.jpg,지클릭커,naver_shopping_search,디지털/가전,주변기기,키보드,무선키보드,키보드,54.32430769230769,0.8154728864823226,54.4031,0.8142918326345373,172.76999999999998,214.5,2436.5
NAVER_88997875460,"(래피드 트리거, 실시간 업데이트) TFG Magnetox XL 듀얼 8K 가스켓 자석축 게이밍키보드",디지털/가전 > 주변기기 > 키보드 > 유선키보드,95.56,4.3,35.0,70,한성컴퓨터,한성컴퓨터,False,https://smartstore.naver.com/main/products/11453365095,2025-09-23 00:52:03.403097,129000,https://shopping-phinf.pstatic.net/main_8899787/88997875460.1.jpg,한성컴퓨터,naver_shopping_search,디지털/가전,주변기기,키보드,유선키보드,키보드,54.54942857142857,1.7518057017750612,54.4031,1.7565175513895348,410.908,150.5,3344.6
NAVER_89666131954,"FL-ESPORTS NX108 유무선 블루투스 풀배열 기계식 키보드 크림 말차, 저소음 파도축",디지털/가전 > 주변기기 > 키보드 > 무선키보드,47.41,3.5,63.0,119,Unknown,펀키스,False,https://smartstore.naver.com/main/products/12121621249,2025-09-23 00:52:03.403103,64000,https://shopping-phinf.pstatic.net/main_8966613/89666131954.jpg,Unknown,naver_shopping_search,디지털/가전,주변기기,키보드,무선키보드,키보드,54.32430769230769,0.8727216602285985,54.4031,0.8714576926682486,165.935,220.5,2986.83
NAVER_89628300621,"AULA F87Pro 유무선 독거미 한글 기계식 키보드 펀키스 국내 정품 올리비아 화이트, 저소음 솜사탕축",디지털/가전 > 주변기기 > 키보드 > 무선키보드,49.63,3.6,50.0,86,AULA,펀키스,False,https://smartstore.naver.com/main/products/12083789916,2025-09-23 00:52:03.403109,67000,https://shopping-phinf.pstatic.net/main_8962830/89628300621.jpg,AULA,naver_shopping_search,디지털/가전,주변기기,키보드,무선키보드,키보드,54.32430769230769,0.9135873443818889,54.4031,0.912264190827361,178.668,180.0,2481.5
NAVER_89015814902,"Aula 독거미 아우라 F108 pro 유무선 기계식 키보드 베이지, 캬라멜라떼축",디지털/가전 > 주변기기 > 키보드 > 무선키보드,39.26,3.6,89.0,95,AULA,직구플리즈,False,https://smartstore.naver.com/main/products/11471304537,2025-09-23 00:52:03.403117,53000,https://shopping-phinf.pstatic.net/main_8901581/89015814902.2.jpg,Unknown,naver_shopping_search,디지털/가전,주변기기,키보드,무선키보드,키보드,54.32430769230769,0.722696738674853,54.4031,0.7216500530300662,141.33599999999998,320.40000000000003,3494.14
NAVER_88263248597,"AULA F87Pro 유선 독거미 한글 기계식 키보드 펀키스 국내 정품 다크 올리비아, KTT 저소음바다축",디지털/가전 > 주변기기 > 키보드 > 유선키보드,35.56,4.0,14.0,94,AULA,펀키스,False,https://smartstore.naver.com/main/products/10718742675,2025-09-23 00:52:03.403124,48000,https://shopping-phinf.pstatic.net/main_8826324/88263248597.1.jpg,AULA,naver_shopping_search,디지털/가전,주변기기,키보드,유선키보드,키보드,54.54942857142857,0.6518858387936498,54.4031,0.6536392227648792,142.24,56.0,497.84000000000003
NAVER_86628988785,그루브스톤 GV10 수제윤활 라이트G GA 저소음 밀키축 38g 104키 기계식키보드,디지털/가전 > 주변기기 > 키보드 > 유선키보드,95.56,4.4,23.0,76,엠스톤,포올,False,https://smartstore.naver.com/main/products/9084488462,2025-09-23 00:52:03.403130,129000,https://shopping-phinf.pstatic.net/main_8662898/86628988785.17.jpg,엠스톤글로벌,naver_shopping_search,디지털/가전,주변기기,키보드,유선키보드,키보드,54.54942857142857,1.7518057017750612,54.4031,1.7565175513895348,420.46400000000006,101.2,2197.88
NAVER_53531359969,"프리플로우 Archon M1 PRO TKL 메카닉, 퀵실버 마그네틱축",디지털/가전 > 주변기기 > 키보드 > 유선키보드,95.56,4.3,94.0,36,프리플로우,네이버,False,https://search.shopping.naver.com/catalog/53531359969,2025-09-23 00:52:03.403135,129000,https://shopping-phinf.pstatic.net/main_5353135/53531359969.20250708151603.jpg,프리플로우,naver_shopping_search,디지털/가전,주변기기,키보드,유선키보드,키보드,54.54942857142857,1.7518057017750612,54.4031,1.7565175513895348,410.908,404.2,8982.64
NAVER_54213702296,"앱코 AK99 3모드 OTEMU 특주축 기계식 키보드 그린, 멜론축",디지털/가전 > 주변기기 > 키보드 > 무선키보드,42.96,3.9,24.0,115,앱코,네이버,False,https://search.shopping.naver.com/catalog/54213702296,2025-09-23 00:52:03.403142,58000,https://shopping-phinf.pstatic.net/main_5421370/54213702296.20250721105839.jpg,앱코,naver_shopping_search,디지털/가전,주변기기,키보드,무선키보드,키보드,54.32430769230769,0.7908062122636701,54.4031,0.7896608832952534,167.544,93.6,1031.04
NAVER_89412670778,"키크론 K10 PRO MAX 무선 기계식 키보드 애플 사무용 키보드 레트로 파스텔, 저소음 적축",디지털/가전 > 주변기기 > 키보드 > 무선키보드,110.96,4.2,134.0,50,키크론,키크론 공식스토어,False,https://smartstore.naver.com/main/products/11868160184,2025-09-23 00:52:03.403149,149800,https://shopping-phinf.pstatic.net/main_8941267/89412670778.1.jpg,키크론,naver_shopping_search,디지털/가전,주변기기,키보드,무선키보드,키보드,54.32430769230769,2.042547889031118,54.4031,2.0395896557365294,466.032,562.8000000000001,14868.64
NAVER_89056226270,[국내정품] 로지텍 키즈투고2 무선 블루투스 키보드 아이패드 휴대용 미니,디지털/가전 > 주변기기 > 키보드 > 무선키보드,80.74,4.3,146.0,74,로지텍,로지텍정품스토어,False,https://smartstore.naver.com/main/products/11511715897,2025-09-23 00:52:03.403154,109000,https://shopping-phinf.pstatic.net/main_8905622/89056226270.jpg,로지텍,naver_shopping_search,디지털/가전,주변기기,키보드,무선키보드,키보드,54.32430769230769,1.486259161502996,54.4031,1.4841066042192448,347.18199999999996,627.8,11788.039999999999
NAVER_55448779666,"키크론 K10 PRO SE2 핫스왑 레트로, 저소음 적축",디지털/가전 > 주변기기 > 키보드 > 무선키보드,101.69,4.6,113.0,13,키크론,네이버,False,https://search.shopping.naver.com/catalog/55448779666,2025-09-23 00:52:03.403159,137280,https://shopping-phinf.pstatic.net/main_5544877/55448779666.20250714141621.jpg,키크론,naver_shopping_search,디지털/가전,주변기기,키보드,무선키보드,키보드,54.32430769230769,1.871906045742379,54.4031,1.8691949539640202,467.77399999999994,519.8,11490.97
NAVER_53527665505,"커세어 K70 RGB PRO 게이밍 기계식 키보드 블랙, 저소음 적축",디지털/가전 > 주변기기 > 키보드 > 유선키보드,132.59,4.6,173.0,38,커세어,네이버,False,https://search.shopping.naver.com/catalog/53527665505,2025-09-23 00:52:03.403165,179000,https://shopping-phinf.pstatic.net/main_5352766/53527665505.20250313102152.jpg,커세어,naver_shopping_search,디지털/가전,주변기기,키보드,유선키보드,키보드,54.54942857142857,2.4306395772117555,54.4031,2.437177293205718,609.914,795.8,22938.07
NAVER_53955066646,"지클릭커 슈퍼 히어로 GK-510X 게이밍 기계식 키보드 블랙, 갈축",디지털/가전 > 주변기기 > 키보드 > 유선키보드,22.07,4.1,16.0,95,지클릭커,네이버,False,https://search.shopping.naver.com/catalog/53955066646,2025-09-23 00:52:03.403171,29800,https://shopping-phinf.pstatic.net/main_5395506/53955066646.20250902151915.jpg,지클릭커,naver_shopping_search,디지털/가전,주변기기,키보드,유선키보드,키보드,54.54942857142857,0.40458718959999584,54.4031,0.40567541187910244,90.487,65.6,353.12
NAVER_53624572825,"지클릭커 레트로 레드 슈퍼히어로 SPK104 저소음 풀 윤활 기계식 키보드 RB1, 저소음 적축",디지털/가전 > 주변기기 > 키보드 > 유선키보드,27.26,3.8,77.0,92,지클릭커,네이버,False,https://search.shopping.naver.com/catalog/53624572825,2025-09-23 00:52:03.403176,36800,https://shopping-phinf.pstatic.net/main_5362457/53624572825.20250602142708.jpg,지클릭커,naver_shopping_search,디지털/가전,주변기기,키보드,유선키보드,키보드,54.54942857142857,0.49973025774788793,54.4031,0.5010743873051352,103.58800000000001,292.59999999999997,2099.02
NAVER_87881404658,[한글정발] AULA F75 독거미 키보드 무소음 적축 커스텀 풀윤활 보글보글 사무실 사무용 회목축V3,디지털/가전 > 주변기기 > 키보드 > 무선키보드,40.67,4.1,62.0,104,아우라,디어다니,False,https://smartstore.naver.com/main/products/10336900431,2025-09-23 00:52:03.403182,54900,https://shopping-phinf.pstatic.net/main_8788140/87881404658.6.jpg,AULA,naver_shopping_search,디지털/가전,주변기기,키보드,무선키보드,키보드,54.32430769230769,0.7486519705019428,54.4031,0.7475676937527457,166.74699999999999,254.2,2521.54
NAVER_55671127241,"지클릭커 파도프로젝트 WK107 제주스위치 8K 풀윤활 무선 블루투스 기계식 키보드 화이트 마린, 당근주황축",디지털/가전 > 주변기기 > 키보드 > 무선키보드,59.11,4.3,144.0,72,지클릭커,네이버,False,https://search.shopping.naver.com/catalog/55671127241,2025-09-23 00:52:03.403188,79800,https://shopping-phinf.pstatic.net/main_5567112/55671127241.20250708094222.jpg,지클릭커,naver_shopping_search,디지털/가전,주변기기,키보드,무선키보드,키보드,54.32430769230769,1.0880948604959388,54.4031,1.0865189667500565,254.17299999999997,619.1999999999999,8511.84
NAVER_89435895406,"SPM PL108W 아라 풀배열 유무선 사무용 기계식키보드 베이지, 몽돌 화이트축",디지털/가전 > 주변기기 > 키보드 > 무선키보드,51.11,4.3,131.0,28,SPM,spm,False,https://smartstore.naver.com/main/products/11891384797,2025-09-23 00:52:03.403195,69000,https://shopping-phinf.pstatic.net/main_8943589/89435895406.2.jpg,SPM,naver_shopping_search,디지털/가전,주변기기,키보드,무선키보드,키보드,54.32430769230769,0.9408311338174157,54.4031,0.9394685229334357,219.773,563.3,6695.41
NAVER_53510251549,"로지텍 MX KEYS S 그래파이트, 팬터그래프",디지털/가전 > 주변기기 > 키보드 > 무선키보드,120.04,4.7,166.0,45,로지텍,네이버,False,https://search.shopping.naver.com/catalog/53510251549,2025-09-23 00:52:03.403200,162050,https://shopping-phinf.pstatic.net/main_5351025/53510251549.20250312173319.jpg,로지텍,naver_shopping_search,디지털/가전,주변기기,키보드,무선키보드,키보드,54.32430769230769,2.209692218811242,54.4031,2.206491909468394,564.1880000000001,780.2,19926.64
NAVER_55903871960,"한성컴퓨터 GK798PRO 오션 화이트, 딥블루 저소음 뽀송, 38g",디지털/가전 > 주변기기 > 키보드 > 무선키보드,59.11,4.4,99.0,24,한성컴퓨터,네이버,False,https://search.shopping.naver.com/catalog/55903871960,2025-09-23 00:52:03.403205,79800,https://shopping-phinf.pstatic.net/main_5590387/55903871960.20250723143841.jpg,한성컴퓨터,naver_shopping_search,디지털/가전,주변기기,키보드,무선키보드,키보드,54.32430769230769,1.0880948604959388,54.4031,1.0865189667500565,260.084,435.6,5851.89
NAVER_53647987454,"앱코 K560 교체축 기계식 무빙 LED 게이밍 키보드 블랙, 적축",디지털/가전 > 주변기기 > 키보드 > 유선키보드,22.89,3.6,62.0,50,앱코,네이버,False,https://search.shopping.naver.com/catalog/53647987454,2025-09-23 00:52:03.403211,30900,https://shopping-phinf.pstatic.net/main_5364798/53647987454.20250626151454.jpg,앱코,naver_shopping_search,디지털/가전,주변기기,키보드,유선키보드,키보드,54.54942857142857,0.41961942772740846,54.4031,0.4207480823703061,82.40400000000001,223.20000000000002,1419.18
NAVER_56591225915,"앱코 A108K 3모드 퀵스왑 기계식 키보드, 맘모스축",디지털/가전 > 주변기기 > 키보드 > 무선키보드,48.15,3.9,13.0,63,앱코,네이버,False,https://search.shopping.naver.com/catalog/56591225915,2025-09-23 00:52:03.403216,65000,https://shopping-phinf.pstatic.net/main_5659122/56591225915.20250904170817.jpg,앱코,naver_shopping_search,디지털/가전,주변기기,키보드,무선키보드,키보드,54.32430769230769,0.886343554946362,54.4031,0.885059858721286,187.785,50.699999999999996,625.9499999999999
NAVER_55002641747,"프리플로우 아콘 AK47 유무선 기계식 키보드 메카닉, 저소음 눈송이축",디지털/가전 > 주변기기 > 키보드 > 무선키보드,55.56,4.2,42.0,64,프리플로우,네이버,False,https://search.shopping.naver.com/catalog/55002641747,2025-09-23 00:52:03.403222,75000,https://shopping-phinf.pstatic.net/main_5500264/55002641747.20250623173957.jpg,프리플로우,naver_shopping_search,디지털/가전,주변기기,키보드,무선키보드,키보드,54.32430769230769,1.0227465817823442,54.4031,1.0212653323064311,233.35200000000003,176.4,2333.52
NAVER_53527454270,"로지텍 K380S 스모키 블랙, 팬터그래프",디지털/가전 > 주변기기 > 키보드 > 무선키보드,29.56,4.0,65.0,113,로지텍,네이버,False,https://search.shopping.naver.com/catalog/53527454270,2025-09-23 00:52:03.403227,39900,https://shopping-phinf.pstatic.net/main_5352745/53527454270.20250403181746.jpg,로지텍,naver_shopping_search,디지털/가전,주변기기,키보드,무선키보드,키보드,54.32430769230769,0.5441394700771435,54.4031,0.5433513899024136,118.24,260.0,1921.3999999999999
NAVER_56057502738,프리플로우 MCHOSE Ace68 Air 8K 래피드트리거 자석축 키보드,디지털/가전 > 주변기기 > 키보드 > 유선키보드,59.19,4.4,116.0,76,프리플로우,네이버,False,https://search.shopping.naver.com/catalog/56057502738,2025-09-23 00:52:03.403232,79900,https://shopping-phinf.pstatic.net/main_5605750/56057502738.20250801125925.jpg,프리플로우,naver_shopping_search,디지털/가전,주변기기,키보드,유선키보드,키보드,54.54942857142857,1.0850709448311622,54.4031,1.0879894711882228,260.43600000000004,510.40000000000003,6866.04
NAVER_53628852528,"앱코 AK87 3모드 OTEMU 특주축 유무선 기계식 키보드 그레이, 멜론축",디지털/가전 > 주변기기 > 키보드 > 무선키보드,36.3,3.7,29.0,86,앱코,네이버,False,https://search.shopping.naver.com/catalog/53628852528,2025-09-23 00:52:03.403238,49000,https://shopping-phinf.pstatic.net/main_5362885/53628852528.20250721105956.jpg,앱코,naver_shopping_search,디지털/가전,주변기기,키보드,무선키보드,키보드,54.32430769230769,0.6682091598037994,54.4031,0.6672413888179165,134.31,107.30000000000001,1052.6999999999998
NAVER_56262331280,"AULA F108Pro 오로라 블랙, 저소음 바다축",디지털/가전 > 주변기기 > 키보드 > 무선키보드,65.93,4.3,117.0,42,AULA,네이버,False,https://search.shopping.naver.com/catalog/56262331280,2025-09-23 00:52:03.403243,89000,https://shopping-phinf.pstatic.net/main_5626233/56262331280.20250814151230.jpg,AULA,naver_shopping_search,디지털/가전,주변기기,키보드,무선키보드,키보드,54.32430769230769,1.21363718748938,54.4031,1.2118794701037259,283.499,503.09999999999997,7713.81
NAVER_53596418606,"로지텍 SIGNATURE K650 그래파이트, 팬터그래프",디지털/가전 > 주변기기 > 키보드 > 무선키보드,40.82,4.3,44.0,85,로지텍,네이버,False,https://search.shopping.naver.com/catalog/53596418606,2025-09-23 00:52:03.403247,55110,https://shopping-phinf.pstatic.net/main_5359641/53596418606.20250317103836.jpg,로지텍,naver_shopping_search,디지털/가전,주변기기,키보드,무선키보드,키보드,54.32430769230769,0.7514131653771651,54.4031,0.7503248895743073,175.52599999999998,189.2,1796.08
NAVER_56284345286,"FLESPORTS X80 크림 말차, 저소음 스노우축",디지털/가전 > 주변기기 > 키보드 > 무선키보드,34.0,3.6,79.0,78,Unknown,네이버,False,https://search.shopping.naver.com/catalog/56284345286,2025-09-23 00:52:03.403253,45900,https://shopping-phinf.pstatic.net/main_5628434/56284345286.20250815094536.jpg,FLESPORTS,naver_shopping_search,디지털/가전,주변기기,키보드,무선키보드,키보드,54.32430769230769,0.6258708383837239,54.4031,0.6249643862206381,122.4,284.40000000000003,2686.0
NAVER_53510038258,"앱코 K640 블랙, 갈축",디지털/가전 > 주변기기 > 키보드 > 유선키보드,31.11,3.5,6.0,50,앱코,네이버,False,https://search.shopping.naver.com/catalog/53510038258,2025-09-23 00:52:03.403257,42000,https://shopping-phinf.pstatic.net/main_5351003/53510038258.20250626151218.jpg,앱코,naver_shopping_search,디지털/가전,주변기기,키보드,유선키보드,키보드,54.54942857142857,0.5703084489558617,54.4031,0.5718424133918839,108.88499999999999,21.0,186.66
NAVER_82425097802,로지텍 저소음 사무용 키보드 사무실 컴퓨터 키보드 자판 조용한,디지털/가전 > 주변기기 > 키보드 > 유선키보드,9.56,4.0,31.0,59,로지텍,디엘유통,False,https://smartstore.naver.com/main/products/4880574331,2025-09-23 00:52:03.403263,12900,https://shopping-phinf.pstatic.net/main_8242509/82425097802.1.jpg,로지텍,naver_shopping_search,디지털/가전,주변기기,키보드,유선키보드,키보드,54.54942857142857,0.17525389816837156,54.4031,0.1757252803608618,38.24,124.0,296.36
NAVER_53733066436,"지클릭커 레트로 레드 슈퍼히어로 SPK87 저소음 풀 윤활 기계식 키보드, 저소음 적축",디지털/가전 > 주변기기 > 키보드 > 유선키보드,25.78,3.7,19.0,42,지클릭커,네이버,False,https://search.shopping.naver.com/catalog/53733066436,2025-09-23 00:52:03.403269,34800,https://shopping-phinf.pstatic.net/main_5373306/53733066436.20250324093622.jpg,지클릭커,naver_shopping_search,디지털/가전,주변기기,키보드,유선키보드,키보드,54.54942857142857,0.47259890112767977,54.4031,0.47387005519906034,95.38600000000001,70.3,489.82000000000005
NAVER_53527930369,"앱코 MK108W 무선 멤브레인 키보드 블랙, 멤브레인",디지털/가전 > 주변기기 > 키보드 > 무선키보드,21.48,3.6,72.0,94,앱코,네이버,False,https://search.shopping.naver.com/catalog/53527930369,2025-09-23 00:52:03.403274,29000,https://shopping-phinf.pstatic.net/main_5352793/53527930369.20250626152345.jpg,앱코,naver_shopping_search,디지털/가전,주변기기,키보드,무선키보드,키보드,54.32430769230769,0.39540310613183505,54.4031,0.3948304416476267,77.328,259.2,1546.56
NAVER_53548788009,"앱코 KN35BT DRT 8K 염료승화 유무선 무접점 키보드 서울, 무접점(정전용량)",디지털/가전 > 주변기기 > 키보드 > 무선키보드,107.41,4.4,202.125,35,앱코,네이버,False,https://search.shopping.naver.com/catalog/53548788009,2025-09-23 00:52:03.403280,145000,https://shopping-phinf.pstatic.net/main_5354878/53548788009.20250613103233.jpg,앱코,naver_shopping_search,디지털/가전,주변기기,키보드,무선키보드,키보드,54.32430769230769,1.9771996103175231,54.4031,1.9743360212929042,472.60400000000004,889.35,21710.24625
NAVER_53549189614,"로지텍 ERGO K860 블랙, 팬터그래프",디지털/가전 > 주변기기 > 키보드 > 무선키보드,129.72,4.4,202.125,20,로지텍,네이버,False,https://search.shopping.naver.com/catalog/53549189614,2025-09-23 00:52:03.403285,175120,https://shopping-phinf.pstatic.net/main_5354918/53549189614.20250314144225.jpg,로지텍,naver_shopping_search,디지털/가전,주변기기,키보드,무선키보드,키보드,54.32430769230769,2.3878813280922553,54.4031,2.3844229464865054,570.768,889.35,26219.655
NAVER_53545252566,"로지텍 MX MECHANICAL 블랙, 적축",디지털/가전 > 주변기기 > 키보드 > 무선키보드,123.3,4.4,202.125,12,로지텍,네이버,False,https://search.shopping.naver.com/catalog/53545252566,2025-09-23 00:52:03.403290,166460,https://shopping-phinf.pstatic.net/main_5354525/53545252566.20250314094459.jpg,로지텍,naver_shopping_search,디지털/가전,주변기기,키보드,무선키보드,키보드,54.32430769230769,2.26970218743274,54.4031,2.266414965323667,542.52,889.35,24922.0125
NAVER_53528005617,"앱코 K517 레트로 기계식 키보드 베이지, 적축",디지털/가전 > 주변기기 > 키보드 > 유선키보드,19.93,4.3,90.0,83,앱코,네이버,False,https://search.shopping.naver.com/catalog/53528005617,2025-09-23 00:52:03.403295,26900,https://shopping-phinf.pstatic.net/main_5352800/53528005617.20250313111247.jpg,앱코,naver_shopping_search,디지털/가전,주변기기,키보드,유선키보드,키보드,54.54942857142857,0.36535671448699214,54.4031,0.3663394181581564,85.699,387.0,1793.7
NAVER_53596418656,"로지텍 로지텍G G512 GX 기계식 게이밍 키보드 블랙, 청축",디지털/가전 > 주변기기 > 키보드 > 유선키보드,80.73,3.9,141.0,52,로지텍G,네이버,False,https://search.shopping.naver.com/catalog/53596418656,2025-09-23 00:52:03.403313,108990,https://shopping-phinf.pstatic.net/main_5359641/53596418656.20250317104049.jpg,로지텍,naver_shopping_search,디지털/가전,주변기기,키보드,유선키보드,키보드,54.54942857142857,1.479942175641489,54.4031,1.4839227911644741,314.847,549.9,11382.93
NAVER_53624919071,"앱코 KN30BT 유무선 무접점 키보드 아이보리, 무접점(정전용량)",디지털/가전 > 주변기기 > 키보드 > 무선키보드,88.15,4.2,44.0,63,앱코,네이버,False,https://search.shopping.naver.com/catalog/53624919071,2025-09-23 00:52:03.403318,119000,https://shopping-phinf.pstatic.net/main_5362491/53624919071.20250613111752.jpg,앱코,naver_shopping_search,디지털/가전,주변기기,키보드,무선키보드,키보드,54.32430769230769,1.6226621883389787,54.4031,1.6203120778043898,370.23,184.8,3878.6000000000004
NAVER_53598015673,"로지텍 KEYS-TO-GO 2 그래파이트, 팬터그래프",디지털/가전 > 주변기기 > 키보드 > 무선키보드,60.67,4.4,46.0,77,로지텍,네이버,False,https://search.shopping.naver.com/catalog/53598015673,2025-09-23 00:52:03.403323,81900,https://shopping-phinf.pstatic.net/main_5359801/53598015673.20250317143312.jpg,로지텍,naver_shopping_search,디지털/가전,주변기기,키보드,무선키보드,키보드,54.32430769230769,1.116811287198251,54.4031,1.1151938032942976,266.94800000000004,202.4,2790.82
NAVER_54669436063,"AULA F99 인디고 블랙, 저소음 피치축 V2",디지털/가전 > 주변기기 > 키보드 > 무선키보드,57.04,3.8,65.0,26,AULA,네이버,False,https://search.shopping.naver.com/catalog/54669436063,2025-09-23 00:52:03.403328,77000,https://shopping-phinf.pstatic.net/main_5466943/54669436063.20250509103242.jpg,AULA,naver_shopping_search,디지털/가전,주변기기,키보드,무선키보드,키보드,54.32430769230769,1.049990371217871,54.4031,1.0484696644125058,216.75199999999998,247.0,3707.6
NAVER_53527664819,"COX CK420 교체축 레인보우 LED 게이밍 기계식 키보드 블랙, 적축",디지털/가전 > 주변기기 > 키보드 > 유선키보드,22.15,3.9,66.0,94,COX,네이버,False,https://search.shopping.naver.com/catalog/53527664819,2025-09-23 00:52:03.403334,29900,https://shopping-phinf.pstatic.net/main_5352766/53527664819.20250725160055.jpg,COX,naver_shopping_search,디지털/가전,주변기기,키보드,유선키보드,키보드,54.54942857142857,0.4060537494173043,54.4031,0.40714591631726865,86.38499999999999,257.4,1461.8999999999999
NAVER_89358532063,"프리플로우 archon AK74 104키 유무선 블루투스 기계식 키보드 마카롱, 저소음 눈송이축",디지털/가전 > 주변기기 > 키보드 > 무선키보드,62.96,3.9,67.0,71,프리플로우,프리플로우,False,https://smartstore.naver.com/main/products/11814021476,2025-09-23 00:52:03.403339,85000,https://shopping-phinf.pstatic.net/main_8935853/89358532063.jpg,프리플로우,naver_shopping_search,디지털/가전,주변기기,키보드,무선키보드,키보드,54.32430769230769,1.1589655289599783,54.4031,1.1572869928368053,245.544,261.3,4218.32
NAVER_53937592283,"SPM PL87W 블랙, 화이트 몽돌축",디지털/가전 > 주변기기 > 키보드 > 무선키보드,36.96,3.9,48.0,30,SPM,네이버,False,https://search.shopping.naver.com/catalog/53937592283,2025-09-23 00:52:03.403344,49900,https://shopping-phinf.pstatic.net/main_5393759/53937592283.20250403110523.jpg,SPM,naver_shopping_search,디지털/가전,주변기기,키보드,무선키보드,키보드,54.32430769230769,0.6803584172547776,54.4031,0.6793730504327878,144.144,187.2,1774.08
NAVER_52147097619,"AULA F87 Pro 인디고 블랙, 회목축 V4",디지털/가전 > 주변기기 > 키보드 > 무선키보드,45.93,3.7,71.0,48,AULA,네이버,False,https://search.shopping.naver.com/catalog/52147097619,2025-09-23 00:52:03.403349,62000,https://shopping-phinf.pstatic.net/main_5214709/52147097619.20241227135926.jpg,AULA,naver_shopping_search,디지털/가전,주변기기,키보드,무선키보드,키보드,54.32430769230769,0.8454778707930718,54.4031,0.8442533605621738,169.941,262.7,3261.03
NAVER_53490022217,"삼성전자 삼성 SKG-3000UB 블랙, 멤브레인",디지털/가전 > 주변기기 > 키보드 > 유선키보드,14.74,3.5,98.0,103,삼성,네이버,False,https://search.shopping.naver.com/catalog/53490022217,2025-09-23 00:52:03.403354,19900,https://shopping-phinf.pstatic.net/main_5349002/53490022217.20250311123126.jpg,삼성전자,naver_shopping_search,디지털/가전,주변기기,키보드,유선키보드,키보드,54.54942857142857,0.27021364633910006,54.4031,0.2709404427321237,51.59,343.0,1444.52
NAVER_53527629804,"한성컴퓨터 GK698 OfficeMaster 3모드 저소음 키보드 머랭, 팬터그래프",디지털/가전 > 주변기기 > 키보드 > 무선키보드,26.6,3.5,38.0,36,한성컴퓨터,네이버,False,https://search.shopping.naver.com/catalog/53527629804,2025-09-23 00:52:03.403359,35910,https://shopping-phinf.pstatic.net/main_5352762/53527629804.20250808163146.jpg,한성컴퓨터,naver_shopping_search,디지털/가전,주변기기,키보드,무선키보드,키보드,54.32430769230769,0.48965189120609,54.4031,0.488942725690264,93.10000000000001,133.0,1010.8000000000001
NAVER_89819359846,앱코 조약돌 키보드 풀배열 보글보글 무소음 적축 사무실 저소음 기계식 해커 커스텀 맘모스축,디지털/가전 > 주변기기 > 키보드 > 유선키보드,48.15,4.2,78.0,78,앱코,드림팩토리샵,False,https://smartstore.naver.com/main/products/12274849130,2025-09-23 00:52:03.403365,65000,https://shopping-phinf.pstatic.net/main_8981935/89819359846.1.jpg,앱코,naver_shopping_search,디지털/가전,주변기기,키보드,유선키보드,키보드,54.54942857142857,0.8826856900425826,54.4031,0.885059858721286,202.23,327.6,3755.7
NAVER_53072798657,"지클릭커 오피스프로 WK50 사일런스 M RGB 무소음 방수 블루투스 키보드 98키 Greenwich RC1, 멤브레인",디지털/가전 > 주변기기 > 키보드 > 무선키보드,21.41,4.1,38.0,108,지클릭커,네이버,False,https://search.shopping.naver.com/catalog/53072798657,2025-09-23 00:52:03.403371,28900,https://shopping-phinf.pstatic.net/main_5307279/53072798657.20250320161202.jpg,지클릭커,naver_shopping_search,디지털/가전,주변기기,키보드,무선키보드,키보드,54.32430769230769,0.39411454852339795,54.4031,0.3935437502642313,87.78099999999999,155.79999999999998,813.58
NAVER_53824621638,"키크론 K3 SE2 화이트, 저소음 적축",디지털/가전 > 주변기기 > 키보드 > 무선키보드,65.93,3.9,70.0,50,키크론,네이버,False,https://search.shopping.naver.com/catalog/53824621638,2025-09-23 00:52:03.403376,89000,https://shopping-phinf.pstatic.net/main_5382462/53824621638.20250515115133.jpg,키크론,naver_shopping_search,디지털/가전,주변기기,키보드,무선키보드,키보드,54.32430769230769,1.21363718748938,54.4031,1.2118794701037259,257.127,273.0,4615.1
NAVER_88263311280,"AULA F99 유선 독거미 한글 기계식 키보드 펀키스 국내 정품 라이트 올리비아, KTT 저소음바다축",디지털/가전 > 주변기기 > 키보드 > 유선키보드,42.96,3.9,67.0,115,AULA,펀키스,False,https://smartstore.naver.com/main/products/10718805358,2025-09-23 00:52:03.403381,58000,https://shopping-phinf.pstatic.net/main_8826331/88263311280.1.jpg,AULA,naver_shopping_search,디지털/가전,주변기기,키보드,유선키보드,키보드,54.54942857142857,0.7875426218946906,54.4031,0.7896608832952534,167.544,261.3,2878.32
NAVER_53686337618,"프리플로우 Archon M1 PRO MAX 메카닉, 퀵실버 마그네틱축",디지털/가전 > 주변기기 > 키보드 > 유선키보드,102.96,4.7,80.0,29,프리플로우,네이버,False,https://search.shopping.naver.com/catalog/53686337618,2025-09-23 00:52:03.403386,139000,https://shopping-phinf.pstatic.net/main_5368633/53686337618.20250708152003.jpg,프리플로우,naver_shopping_search,디지털/가전,주변기기,키보드,유선키보드,키보드,54.54942857142857,1.8874624848761017,54.4031,1.8925392119199087,483.912,376.0,8236.8
NAVER_54766789859,"다얼유 DAREU EK87PRO 무선 기계식 키보드 민트, 클라우드축",디지털/가전 > 주변기기 > 키보드 > 무선키보드,29.04,3.7,8.0,32,DAREU,네이버,False,https://search.shopping.naver.com/catalog/54766789859,2025-09-23 00:52:03.403392,39200,https://shopping-phinf.pstatic.net/main_5476678/54766789859.20250514093735.jpg,다얼유,naver_shopping_search,디지털/가전,주변기기,키보드,무선키보드,키보드,54.32430769230769,0.5345673278430395,54.4031,0.5337931110543332,107.44800000000001,29.6,232.32
NAVER_83941045343,[로지텍 정품] 로지텍K380 아이패드키보드 로지텍블루투스키보드 병행,디지털/가전 > 주변기기 > 키보드 > 무선키보드,29.48,4.0,66.0,97,Unknown,리 그,False,https://smartstore.naver.com/main/products/6396545010,2025-09-23 00:52:03.403398,39800,https://shopping-phinf.pstatic.net/main_8394104/83941045343.2.jpg,로지텍,naver_shopping_search,디지털/가전,주변기기,키보드,무선키보드,키보드,54.32430769230769,0.5426668328103583,54.4031,0.5418808854642474,117.92,264.0,1945.68
NAVER_53753059840,"아이락스 KR-6170 X-Slim 블랙, 팬터그래프",디지털/가전 > 주변기기 > 키보드 > 유선키보드,24.07,3.9,89.0,102,아이락스,네이버,False,https://search.shopping.naver.com/catalog/53753059840,2025-09-23 00:52:03.403403,32500,https://shopping-phinf.pstatic.net/main_5375305/53753059840.20250325113202.jpg,아이락스,naver_shopping_search,디지털/가전,주변기기,키보드,유선키보드,키보드,54.54942857142857,0.44125118503270955,54.4031,0.44243802283325767,93.873,347.09999999999997,2142.23
NAVER_55446366498,시이닷 단청 유선 LED 기계식 키보드 화이트 화이트,디지털/가전 > 주변기기 > 키보드 > 유선키보드,88.74,3.9,29.0,26,Unknown,네이버,False,https://search.shopping.naver.com/catalog/55446366498,2025-09-23 00:52:03.403408,119800,https://shopping-phinf.pstatic.net/main_5544636/55446366498.20250623110717.jpg,Unknown,naver_shopping_search,디지털/가전,주변기기,키보드,유선키보드,키보드,54.54942857142857,1.6267814773495073,54.4031,1.6311570480358655,346.08599999999996,113.1,2573.46
NAVER_54968379048,"프리플로우 아콘 AK74 104키 유무선 기계식 키보드 메카닉, 저소음 눈송이축",디지털/가전 > 주변기기 > 키보드 > 무선키보드,62.96,4.0,110.0,31,프리플로우,네이버,False,https://search.shopping.naver.com/catalog/54968379048,2025-09-23 00:52:03.403413,85000,https://shopping-phinf.pstatic.net/main_5496837/54968379048.20250602155539.jpg,프리플로우,naver_shopping_search,디지털/가전,주변기기,키보드,무선키보드,키보드,54.32430769230769,1.1589655289599783,54.4031,1.1572869928368053,251.84,440.0,6925.6
NAVER_88848198336,사무실 저소음 키보드 무소음 독거미 풀배열 키보드 보글보글 블루 사무실용 키보드,디지털/가전 > 주변기기 > 키보드 > 유선키보드,19.93,3.5,35.0,107,AULA,N정품 쇼핑몰,False,https://smartstore.naver.com/main/products/11303688005,2025-09-23 00:52:03.403419,26900,https://shopping-phinf.pstatic.net/main_8884819/88848198336.jpg,AULA,naver_shopping_search,디지털/가전,주변기기,키보드,유선키보드,키보드,54.54942857142857,0.36535671448699214,54.4031,0.3663394181581564,69.755,122.5,697.55
NAVER_55465743025,"프리플로우 Archon F1 PRO MAX 소다, 저소음 블루축",디지털/가전 > 주변기기 > 키보드 > 무선키보드,71.04,4.1,100.0,80,프리플로우,네이버,False,https://search.shopping.naver.com/catalog/55465743025,2025-09-23 00:52:03.403426,95900,https://shopping-phinf.pstatic.net/main_5546574/55465743025.20250710134323.jpg,프리플로우,naver_shopping_search,디지털/가전,주변기기,키보드,무선키보드,키보드,54.32430769230769,1.3077018929052868,54.4031,1.3058079410915924,291.264,409.99999999999994,7104.000000000001
NAVER_55950366933,"한성컴퓨터 TFG Magnetox XF 듀얼 8K 가스켓 마그네틱 게이밍키보드 써피, POLARIS SILENT(저소음 마그네틱축)",디지털/가전 > 주변기기 > 키보드 > 유선키보드,110.37,4.7,171.0,44,한성컴퓨터,네이버,False,https://search.shopping.naver.com/catalog/55950366933,2025-09-23 00:52:03.403432,149000,https://shopping-phinf.pstatic.net/main_5595036/55950366933.20250730163335.jpg,한성컴퓨터,naver_shopping_search,디지털/가전,주변기기,키보드,유선키보드,키보드,54.54942857142857,2.0233025879543063,54.4031,2.028744685505054,518.739,803.7,18873.27
NAVER_88797282103,"다얼유 EK106PRO 유 무선 기계식 키보드 풀배열 화이트, 클라우드축",디지털/가전 > 주변기기 > 키보드 > 무선키보드,51.11,3.8,60.0,49,DAREU,다얼유 게이밍샵,False,https://smartstore.naver.com/main/products/11252771772,2025-09-23 00:52:03.403437,69000,https://shopping-phinf.pstatic.net/main_8879728/88797282103.3.jpg,TOGRAN,naver_shopping_search,디지털/가전,주변기기,키보드,무선키보드,키보드,54.32430769230769,0.9408311338174157,54.4031,0.9394685229334357,194.218,228.0,3066.6
NAVER_53528387858,"CHERRY MX BOARD 3.0S 풀배열 게이밍 기계식 키보드 블랙, 적축",디지털/가전 > 주변기기 > 키보드 > 유선키보드,80.73,4.2,77.0,56,CHERRY,네이버,False,https://search.shopping.naver.com/catalog/53528387858,2025-09-23 00:52:03.403443,108990,https://shopping-phinf.pstatic.net/main_5352838/53528387858.20250313112951.jpg,CHERRY,naver_shopping_search,디지털/가전,주변기기,키보드,유선키보드,키보드,54.54942857142857,1.479942175641489,54.4031,1.4839227911644741,339.06600000000003,323.40000000000003,6216.21
NAVER_53531585970,"프리플로우 MCHOSE GX87 풀 알루미늄 기계식 키보드 블랙 퍼플, 미스트 블루",디지털/가전 > 주변기기 > 키보드 > 무선키보드,65.93,4.1,131.0,74,프리플로우,네이버,False,https://search.shopping.naver.com/catalog/53531585970,2025-09-23 00:52:03.403448,89000,https://shopping-phinf.pstatic.net/main_5353158/53531585970.20250903113751.jpg,프리플로우,naver_shopping_search,디지털/가전,주변기기,키보드,무선키보드,키보드,54.32430769230769,1.21363718748938,54.4031,1.2118794701037259,270.313,537.0999999999999,8636.830000000002
NAVER_53490782852,"삼성전자 삼성 SPA-JKA1BUB 블랙, 멤브레인",디지털/가전 > 주변기기 > 키보드 > 유선키보드,14.74,3.9,93.0,102,삼성,네이버,False,https://search.shopping.naver.com/catalog/53490782852,2025-09-23 00:52:03.403453,19900,https://shopping-phinf.pstatic.net/main_5349078/53490782852.20250519173918.jpg,삼성전자,naver_shopping_search,디지털/가전,주변기기,키보드,유선키보드,키보드,54.54942857142857,0.27021364633910006,54.4031,0.2709404427321237,57.486,362.7,1370.82
NAVER_53665799519,"키크론 B6 PRO 스페이스 그레이, 팬터그래프",디지털/가전 > 주변기기 > 키보드 > 무선키보드,29.85,3.6,93.0,37,키크론,네이버,False,https://search.shopping.naver.com/catalog/53665799519,2025-09-23 00:52:03.403458,40300,https://shopping-phinf.pstatic.net/main_5366579/53665799519.20250515114000.jpg,키크론,naver_shopping_search,디지털/가전,주변기기,키보드,무선키보드,키보드,54.32430769230769,0.5494777801692401,54.4031,0.5486819684907661,107.46000000000001,334.8,2776.05
NAVER_55446428375,"COX CF75 알루미늄 3모드 유무선 기계식 키보드 핑크소다 젤리, 오렌지축",디지털/가전 > 주변기기 > 키보드 > 무선키보드,65.93,4.5,122.0,26,COX,네이버,False,https://search.shopping.naver.com/catalog/55446428375,2025-09-23 00:52:03.403463,89000,https://shopping-phinf.pstatic.net/main_5544642/55446428375.20250709152107.jpg,COX,naver_shopping_search,디지털/가전,주변기기,키보드,무선키보드,키보드,54.32430769230769,1.21363718748938,54.4031,1.2118794701037259,296.68500000000006,549.0,8043.460000000001
NAVER_89043426668,"체리 MX 3.1 RGB 저소음 풀배열 기계식 키보드 MX2A 스위치 핑크, MX2A 갈축",디지털/가전 > 주변기기 > 키보드 > 유선키보드,117.78,4.4,202.125,41,CHERRY,CHERRY 체리키보드,False,https://smartstore.naver.com/main/products/11498916303,2025-09-23 00:52:03.403469,159000,https://shopping-phinf.pstatic.net/main_8904342/89043426668.jpg,CHERRY,naver_shopping_search,디지털/가전,주변기기,키보드,유선키보드,키보드,54.54942857142857,2.1591426910325104,54.4031,2.164950159090199,518.2320000000001,889.35,23806.2825
NAVER_89675371913,맥스틸 저소음 조용한 사무실 사무용 게이밍 풀배열 풀윤활 컴퓨터 자판기 무소음 적축 키보드,디지털/가전 > 주변기기 > 키보드 > 유선키보드,16.22,3.8,18.0,38,맥스틸,맥스틸 공식스토어,False,https://smartstore.naver.com/main/products/12130861208,2025-09-23 00:52:03.403475,21900,https://shopping-phinf.pstatic.net/main_8967537/89675371913.2.jpg,맥스틸,naver_shopping_search,디지털/가전,주변기기,키보드,유선키보드,키보드,54.54942857142857,0.29734500295930816,54.4031,0.2981447748381985,61.635999999999996,68.39999999999999,291.96
NAVER_55449933176,"지클릭커 오피스프로 WK50 사일런스 M RGB 풀윤활 무소음 방수 무선 블루투스 LCD 키보드 94키 Greenwich RC1, 멤브레인",디지털/가전 > 주변기기 > 키보드 > 무선키보드,24.3,4.0,33.0,31,지클릭커,네이버,False,https://search.shopping.naver.com/catalog/55449933176,2025-09-23 00:52:03.403481,32800,https://shopping-phinf.pstatic.net/main_5544993/55449933176.20250623173211.jpg,지클릭커,naver_shopping_search,디지털/가전,주변기기,키보드,무선키보드,키보드,54.32430769230769,0.4473135697860145,54.4031,0.4466657230929855,97.2,132.0,801.9
NAVER_53597137125,"커세어 K70 MAX RGB MGX 래피드트리거 게이밍 기계식 키보드 블랙, 마그네틱축",디지털/가전 > 주변기기 > 키보드 > 유선키보드,174.81,4.7,105.0,15,커세어,네이버,False,https://search.shopping.naver.com/catalog/53597137125,2025-09-23 00:52:03.403486,236000,https://shopping-phinf.pstatic.net/main_5359713/53597137125.20250317114906.jpg,커세어,naver_shopping_search,디지털/가전,주변기기,키보드,유선키보드,키보드,54.54942857142857,3.204616520796342,54.4031,3.213236010447934,821.6070000000001,493.5,18355.05
NAVER_88959704488,브리츠 클립7 귀걸이형 귀찌 오픈형 블루투스 이어폰 런닝 운동 스포츠 자전거,디지털/가전 > 음향가전 > 블루투스셋 > 블루투스이어폰/이어셋,27.33,4.2,72.0,102,브리츠,브리츠 공식몰,False,https://smartstore.naver.com/main/products/11415194123,2025-09-23 00:52:03.640920,36900,https://shopping-phinf.pstatic.net/main_8895970/88959704488.jpg,브리츠,naver_shopping_search,디지털/가전,음향가전,블루투스셋,블루투스이어폰/이어셋,블루투스 이어폰,87.58505000000001,0.3120395546956929,87.58505000000001,0.3120395546956929,114.786,302.40000000000003,1967.7599999999998
NAVER_55577622642,삼성전자 갤럭시 갤럭시버즈3 프로 R630 블루투스 이어폰,디지털/가전 > 음향가전 > 블루투스셋 > 블루투스이어폰/이어셋,115.94,4.3,54.0,36,갤럭시,네이버,False,https://search.shopping.naver.com/catalog/55577622642,2025-09-23 00:52:03.640954,156520,https://shopping-phinf.pstatic.net/main_5557762/55577622642.20250701121718.jpg,삼성전자,naver_shopping_search,디지털/가전,음향가전,블루투스셋,블루투스이어폰/이어셋,블루투스 이어폰,87.58505000000001,1.3237418943073045,87.58505000000001,1.3237418943073045,498.542,232.2,6260.76
NAVER_53531535646,블라우풍트 BLP-OE383,디지털/가전 > 음향가전 > 블루투스셋 > 블루투스이어폰/이어셋,56.88,3.9,23.0,28,블라우풍트,네이버,False,https://search.shopping.naver.com/catalog/53531535646,2025-09-23 00:52:03.640969,76790,https://shopping-phinf.pstatic.net/main_5353153/53531535646.20250918191240.jpg,블라우풍트,naver_shopping_search,디지털/가전,음향가전,블루투스셋,블루투스이어폰/이어셋,블루투스 이어폰,87.58505000000001,0.649425900881486,87.58505000000001,0.649425900881486,221.832,89.7,1308.24
NAVER_53508451505,삼성전자 갤럭시 버즈3 프로 SM-R630N,디지털/가전 > 음향가전 > 블루투스셋 > 블루투스이어폰/이어셋,147.84,4.5,153.0,10,갤럭시,네이버,False,https://search.shopping.naver.com/catalog/53508451505,2025-09-23 00:52:03.640981,199580,https://shopping-phinf.pstatic.net/main_5350845/53508451505.20250512182009.jpg,삼성전자,naver_shopping_search,디지털/가전,음향가전,블루투스셋,블루투스이어폰/이어셋,블루투스 이어폰,87.58505000000001,1.6879593035569425,87.58505000000001,1.6879593035569425,665.28,688.5,22619.52
NAVER_53507707537,삼성전자 갤럭시 버즈3 SM-R530N,디지털/가전 > 음향가전 > 블루투스셋 > 블루투스이어폰/이어셋,119.91,4.6,95.0,14,갤럭시,네이버,False,https://search.shopping.naver.com/catalog/53507707537,2025-09-23 00:52:03.640991,161880,https://shopping-phinf.pstatic.net/main_5350770/53507707537.20250312142321.jpg,삼성전자,naver_shopping_search,디지털/가전,음향가전,블루투스셋,블루투스이어폰/이어셋,블루투스 이어폰,87.58505000000001,1.369069264674736,87.58505000000001,1.369069264674736,551.5859999999999,436.99999999999994,11391.449999999999
NAVER_88619513265,브리츠 귀걸이형 런닝 오픈형 블루투스 이어폰 운동 스포츠 자전거 헤드셋,디지털/가전 > 음향가전 > 블루투스셋 > 블루투스이어폰/이어셋,33.26,4.0,96.0,67,브리츠,브리츠공식스토어,False,https://smartstore.naver.com/main/products/11075002943,2025-09-23 00:52:03.641004,44900,https://shopping-phinf.pstatic.net/main_8861951/88619513265.jpg,브리츠,naver_shopping_search,디지털/가전,음향가전,블루투스셋,블루투스이어폰/이어셋,블루투스 이어폰,87.58505000000001,0.37974517340573527,87.58505000000001,0.37974517340573527,133.04,384.0,3192.96
NAVER_84228809560,[최다상품평] 브리츠 오픈형 골전도 블루투스 이어폰 운동 런닝 스포츠 헤드셋,디지털/가전 > 음향가전 > 블루투스셋 > 블루투스이어폰/이어셋,42.15,3.8,33.0,46,브리츠,브리츠공식스토어,False,https://smartstore.naver.com/main/products/6684309238,2025-09-23 00:52:03.641016,56900,https://shopping-phinf.pstatic.net/main_8422880/84228809560.1.jpg,브리츠,naver_shopping_search,디지털/가전,음향가전,블루투스셋,블루투스이어폰/이어셋,블루투스 이어폰,87.58505000000001,0.48124651410257796,87.58505000000001,0.48124651410257796,160.17,125.39999999999999,1390.95
NAVER_82162695597,샥즈 오픈런 S805 골전도 블루투스 이어폰,디지털/가전 > 음향가전 > 블루투스셋 > 블루투스이어폰/이어셋,112.7,4.5,183.0,22,샥즈,액티브라이프,False,https://smartstore.naver.com/main/products/4618175302,2025-09-23 00:52:03.641028,152150,https://shopping-phinf.pstatic.net/main_8216269/82162695597.6.jpg,Unknown,naver_shopping_search,디지털/가전,음향가전,블루투스셋,블루투스이어폰/이어셋,블루투스 이어폰,87.58505000000001,1.2867492797001314,87.58505000000001,1.2867492797001314,507.15000000000003,823.5,20624.100000000002
NAVER_53509044665,삼성전자 갤럭시 버즈 FE SM-R400NZ,디지털/가전 > 음향가전 > 블루투스셋 > 블루투스이어폰/이어셋,48.14,3.7,73.0,82,갤럭시,네이버,False,https://search.shopping.naver.com/catalog/53509044665,2025-09-23 00:52:03.641039,64990,https://shopping-phinf.pstatic.net/main_5350904/53509044665.20250312150529.jpg,삼성전자,naver_shopping_search,디지털/가전,음향가전,블루투스셋,블루투스이어폰/이어셋,블루투스 이어폰,87.58505000000001,0.5496371812312717,87.58505000000001,0.5496371812312717,178.11800000000002,270.1,3514.2200000000003
NAVER_82902250782,QCY T13 블루투스이어폰 무선 커널형 이어폰 노이즈캔슬링,디지털/가전 > 음향가전 > 블루투스셋 > 블루투스이어폰/이어셋,15.41,3.6,54.0,103,Unknown,쇼핑 Pay,False,https://smartstore.naver.com/main/products/5357757813,2025-09-23 00:52:03.641052,20800,https://shopping-phinf.pstatic.net/main_8290225/82902250782.6.jpg,Unknown,naver_shopping_search,디지털/가전,음향가전,블루투스셋,블루투스이어폰/이어셋,블루투스 이어폰,87.58505000000001,0.17594326885695674,87.58505000000001,0.17594326885695674,55.476,194.4,832.14
NAVER_53547046320,브리츠 StormTWS7,디지털/가전 > 음향가전 > 블루투스셋 > 블루투스이어폰/이어셋,22.67,3.5,15.0,77,브리츠,네이버,False,https://search.shopping.naver.com/catalog/53547046320,2025-09-23 00:52:03.641062,30610,https://shopping-phinf.pstatic.net/main_5354704/53547046320.20250314113444.jpg,브리츠,naver_shopping_search,디지털/가전,음향가전,블루투스셋,블루투스이어폰/이어셋,블루투스 이어폰,87.58505000000001,0.2588341275137709,87.58505000000001,0.2588341275137709,79.345,52.5,340.05
NAVER_56651585075,Apple 에어팟 프로 3세대,디지털/가전 > 음향가전 > 블루투스셋 > 블루투스이어폰/이어셋,233.56500000000003,4.4,115.0,45,Apple,네이버,False,https://search.shopping.naver.com/catalog/56651585075,2025-09-23 00:52:03.641072,369000,https://shopping-phinf.pstatic.net/main_5665158/56651585075.20250909124959.jpg,Apple,naver_shopping_search,디지털/가전,음향가전,블루투스셋,블루투스이어폰/이어셋,블루투스 이어폰,87.58505000000001,2.6667222317050685,87.58505000000001,2.6667222317050685,1027.6860000000001,506.00000000000006,26859.975000000002
NAVER_88468054450,[입고완료] 브리츠 초경량 귀찌 귀걸이형 런닝 오픈형 블루투스 이어폰 스포츠 운동 자전거,디지털/가전 > 음향가전 > 블루투스셋 > 블루투스이어폰/이어셋,27.33,4.0,96.0,104,브리츠,브리츠공식스토어,False,https://smartstore.naver.com/main/products/10923548415,2025-09-23 00:52:03.641084,36900,https://shopping-phinf.pstatic.net/main_8846805/88468054450.1.jpg,브리츠,naver_shopping_search,디지털/가전,음향가전,블루투스셋,블루투스이어폰/이어셋,블루투스 이어폰,87.58505000000001,0.3120395546956929,87.58505000000001,0.3120395546956929,109.32,384.0,2623.68
NAVER_53509411418,Apple 에어팟 4 액티브 노이즈 캔슬링 MXP93KH/A,디지털/가전 > 음향가전 > 블루투스셋 > 블루투스이어폰/이어셋,172.59,4.4,202.125,15,Apple,네이버,False,https://search.shopping.naver.com/catalog/53509411418,2025-09-23 00:52:03.641096,233000,https://shopping-phinf.pstatic.net/main_5350941/53509411418.20250508153539.jpg,Apple,naver_shopping_search,디지털/가전,음향가전,블루투스셋,블루투스이어폰/이어셋,블루투스 이어폰,87.58505000000001,1.970541776250627,87.58505000000001,1.970541776250627,759.3960000000001,889.35,34884.75375
NAVER_53510052832,샥즈 오픈런 프로 2 S820,디지털/가전 > 음향가전 > 블루투스셋 > 블루투스이어폰/이어셋,156.78,4.5,173.0,31,샥즈,네이버,False,https://search.shopping.naver.com/catalog/53510052832,2025-09-23 00:52:03.641108,211650,https://shopping-phinf.pstatic.net/main_5351005/53510052832.20250312170517.jpg,Unknown,naver_shopping_search,디지털/가전,음향가전,블루투스셋,블루투스이어폰/이어셋,블루투스 이어폰,87.58505000000001,1.7900315179359947,87.58505000000001,1.7900315179359947,705.51,778.5,27122.94
NAVER_56796984706,삼성전자 갤럭시 버즈3 FE,디지털/가전 > 음향가전 > 블루투스셋 > 블루투스이어폰/이어셋,117.78,4.6,195.0,16,갤럭시,네이버,False,https://search.shopping.naver.com/catalog/56796984706,2025-09-23 00:52:03.641118,159000,https://shopping-phinf.pstatic.net/main_5679698/56796984706.20250919155527.jpg,삼성전자,naver_shopping_search,디지털/가전,음향가전,블루투스셋,블루투스이어폰/이어셋,블루투스 이어폰,87.58505000000001,1.344750045812613,87.58505000000001,1.344750045812613,541.788,896.9999999999999,22967.1
NAVER_55268674184,샥즈 오픈닷 원 E310,디지털/가전 > 음향가전 > 블루투스셋 > 블루투스이어폰/이어셋,174.07,4.3,97.0,34,샥즈,네이버,False,https://search.shopping.naver.com/catalog/55268674184,2025-09-23 00:52:03.641128,235000,https://shopping-phinf.pstatic.net/main_5526867/55268674184.20250612152204.jpg,Unknown,naver_shopping_search,디지털/가전,음향가전,블루투스셋,블루투스이어폰/이어셋,블루투스 이어폰,87.58505000000001,1.987439637244027,87.58505000000001,1.987439637244027,748.501,417.09999999999997,16884.79
NAVER_89464138608,삼성전자 갤럭시 버즈3 프로 무선블루투스 이어폰 R630,디지털/가전 > 음향가전 > 블루투스셋 > 블루투스이어폰/이어셋,119.68,4.4,202.125,28,갤럭시,HKPHONE,False,https://smartstore.naver.com/main/products/11919627920,2025-09-23 00:52:03.641149,161570,https://shopping-phinf.pstatic.net/main_8946413/89464138608.1.jpg,삼성전자,naver_shopping_search,디지털/가전,음향가전,블루투스셋,블루투스이어폰/이어셋,블루투스 이어폰,87.58505000000001,1.3664432457365725,87.58505000000001,1.3664432457365725,526.5920000000001,889.35,24190.32
NAVER_53527631617,Apple 에어팟 프로 2세대 (USB-C),디지털/가전 > 음향가전 > 블루투스셋 > 블루투스이어폰/이어셋,182.4,4.4,202.125,20,Apple,네이버,False,https://search.shopping.naver.com/catalog/53527631617,2025-09-23 00:52:03.641202,246240,https://shopping-phinf.pstatic.net/main_5352763/53527631617.20250508153426.jpg,Apple,naver_shopping_search,디지털/가전,음향가전,블루투스셋,블루투스이어폰/이어셋,블루투스 이어폰,87.58505000000001,2.082547192700124,87.58505000000001,2.082547192700124,802.5600000000001,889.35,36867.6
NAVER_53509045052,Apple 에어팟 4 MXP63KH/A,디지털/가전 > 음향가전 > 블루투스셋 > 블루투스이어폰/이어셋,132.52,4.8,202.125,48,Apple,네이버,False,https://search.shopping.naver.com/catalog/53509045052,2025-09-23 00:52:03.641226,178900,https://shopping-phinf.pstatic.net/main_5350904/53509045052.20250312151015.jpg,Apple,naver_shopping_search,디지털/가전,음향가전,블루투스셋,블루투스이어폰/이어셋,블루투스 이어폰,87.58505000000001,1.513043607327963,87.58505000000001,1.513043607327963,636.096,970.1999999999999,26785.605000000003
NAVER_53939965005,브리츠 AcousticPods,디지털/가전 > 음향가전 > 블루투스셋 > 블루투스이어폰/이어셋,33.26,3.5,30.0,37,브리츠,네이버,False,https://search.shopping.naver.com/catalog/53939965005,2025-09-23 00:52:03.641240,44900,https://shopping-phinf.pstatic.net/main_5393996/53939965005.20250403153937.jpg,브리츠,naver_shopping_search,디지털/가전,음향가전,블루투스셋,블루투스이어폰/이어셋,블루투스 이어폰,87.58505000000001,0.37974517340573527,87.58505000000001,0.37974517340573527,116.41,105.0,997.8
NAVER_89727287237,NEW QCY 큐씨와이 AIR 초경량 가 성비 음질좋은 블루투스 무선 이어폰 오픈형,디지털/가전 > 음향가전 > 블루투스셋 > 블루투스이어폰/이어셋,14.74,4.3,36.0,35,QCY,비욘드퍼니싱,False,https://smartstore.naver.com/main/products/12182776514,2025-09-23 00:52:03.641257,19900,https://shopping-phinf.pstatic.net/main_8972728/89727287237.4.jpg,Unknown,naver_shopping_search,디지털/가전,음향가전,블루투스셋,블루투스이어폰/이어셋,블루투스 이어폰,87.58505000000001,0.1682935615153499,87.58505000000001,0.1682935615153499,63.382,154.79999999999998,530.64
NAVER_89011254230,삼성전자 갤럭시 버즈FE 케이블홀더 패키지 무선 블루투스 이어폰 노이즈캔슬링 SM-R400,디지털/가전 > 음향가전 > 블루투스셋 > 블루투스이어폰/이어셋,48.89,3.9,19.0,39,갤럭시,삼성공식파트너 엠디텍,False,https://smartstore.naver.com/main/products/11466743865,2025-09-23 00:52:03.641272,66000,https://shopping-phinf.pstatic.net/main_8901125/89011254230.jpg,삼성전자,naver_shopping_search,디지털/가전,음향가전,블루투스셋,블루투스이어폰/이어셋,블루투스 이어폰,87.58505000000001,0.5582002864644137,87.58505000000001,0.5582002864644137,190.671,74.1,928.91
NAVER_89376004144,QCY 오픈형 귀안아픈 이어폰 T33 무선 런닝 귀걸이형 귀찌 C30,디지털/가전 > 음향가전 > 블루투스셋 > 블루투스이어폰/이어셋,28.81,3.7,26.0,69,QCY,쇼핑 Pay,False,https://smartstore.naver.com/main/products/11831493557,2025-09-23 00:52:03.641286,38900,https://shopping-phinf.pstatic.net/main_8937600/89376004144.jpg,QCY,naver_shopping_search,디지털/가전,음향가전,블루투스셋,블루투스이어폰/이어셋,블루투스 이어폰,87.58505000000001,0.328937415689093,87.58505000000001,0.328937415689093,106.597,96.2,749.06
NAVER_53900423608,청연엠엔에스 NAVEE NV2-OWE1,디지털/가전 > 음향가전 > 블루투스셋 > 블루투스이어폰/이어셋,21.41,3.8,17.0,57,NAVEE,네이버,False,https://search.shopping.naver.com/catalog/53900423608,2025-09-23 00:52:03.641298,28900,https://shopping-phinf.pstatic.net/main_5390042/53900423608.20250519101359.jpg,청연엠엔에스,naver_shopping_search,디지털/가전,음향가전,블루투스셋,블루투스이어폰/이어셋,블루투스 이어폰,87.58505000000001,0.24444811072209238,87.58505000000001,0.24444811072209238,81.35799999999999,64.6,363.97
NAVER_55001955408,QCY QCY-HT08,디지털/가전 > 음향가전 > 블루투스셋 > 블루투스이어폰/이어셋,30.74,4.0,72.0,34,QCY,네이버,False,https://search.shopping.naver.com/catalog/55001955408,2025-09-23 00:52:03.641310,41500,https://shopping-phinf.pstatic.net/main_5500195/55001955408.20250529144928.jpg,QCY,naver_shopping_search,디지털/가전,음향가전,블루투스셋,블루투스이어폰/이어셋,블루투스 이어폰,87.58505000000001,0.3509731398223783,87.58505000000001,0.3509731398223783,122.96,288.0,2213.2799999999997
NAVER_53644982816,QCY HT10 AilyBuds Pro,디지털/가전 > 음향가전 > 블루투스셋 > 블루투스이어폰/이어셋,23.33,4.0,82.0,62,QCY,네이버,False,https://search.shopping.naver.com/catalog/53644982816,2025-09-23 00:52:03.641321,31500,https://shopping-phinf.pstatic.net/main_5364498/53644982816.20250626112323.jpg,QCY,naver_shopping_search,디지털/가전,음향가전,블루투스셋,블루투스이어폰/이어셋,블루투스 이어폰,87.58505000000001,0.26636966011893576,87.58505000000001,0.26636966011893576,93.32,328.0,1913.06
NAVER_53530884657,삼성전자 JBL TOUR PRO3,디지털/가전 > 음향가전 > 블루투스셋 > 블루투스이어폰/이어셋,233.56500000000003,4.7,166.0,38,JBL,네이버,False,https://search.shopping.naver.com/catalog/53530884657,2025-09-23 00:52:03.641333,389000,https://shopping-phinf.pstatic.net/main_5353088/53530884657.20250404165931.jpg,삼성전자,naver_shopping_search,디지털/가전,음향가전,블루투스셋,블루투스이어폰/이어셋,블루투스 이어폰,87.58505000000001,2.6667222317050685,87.58505000000001,2.6667222317050685,1097.7555000000002,780.2,38771.79
NAVER_55269481629,Apple 에어팟 4,디지털/가전 > 음향가전 > 블루투스셋 > 블루투스이어폰/이어셋,111.11,4.5,167.0,40,Apple,네이버,False,https://search.shopping.naver.com/catalog/55269481629,2025-09-23 00:52:03.641345,150000,https://shopping-phinf.pstatic.net/main_5526948/55269481629.20250612172808.jpg,Apple,naver_shopping_search,디지털/가전,음향가전,블루투스셋,블루투스이어폰/이어셋,블루투스 이어폰,87.58505000000001,1.2685954966058703,87.58505000000001,1.2685954966058703,499.995,751.5,18555.37
NAVER_87499070505,삼성전자 갤럭시 버즈 FE 블루투스 이어폰 삼성 정품 SMR400N,디지털/가전 > 음향가전 > 블루투스셋 > 블루투스이어폰/이어셋,42.74,4.3,51.0,57,갤럭시,설빈,False,https://smartstore.naver.com/main/products/9954568232,2025-09-23 00:52:03.641371,57700,https://shopping-phinf.pstatic.net/main_8749907/87499070505.2.jpg,삼성전자,naver_shopping_search,디지털/가전,음향가전,블루투스셋,블루투스이어폰/이어셋,블루투스 이어폰,87.58505000000001,0.48798282355264966,87.58505000000001,0.48798282355264966,183.782,219.29999999999998,2179.7400000000002
NAVER_89011025048,애플 에어팟 4세대 ANC 노이즈캔슬링 노캔 Airpods,디지털/가전 > 음향가전 > 블루투스셋 > 블루투스이어폰/이어셋,188.81,4.3,202.125,25,Apple,오렌지스펙트럼,False,https://smartstore.naver.com/main/products/11466514676,2025-09-23 00:52:03.641384,254900,https://shopping-phinf.pstatic.net/main_8901102/89011025048.jpg,Apple,naver_shopping_search,디지털/가전,음향가전,블루투스셋,블루투스이어폰/이어셋,블루투스 이어폰,87.58505000000001,2.155733198759377,87.58505000000001,2.155733198759377,811.8829999999999,869.1374999999999,38163.22125
NAVER_54068378955,삼성전자 JBL WAVE BEAM 2 정품,디지털/가전 > 음향가전 > 블루투스셋 > 블루투스이어폰/이어셋,40.67,3.7,58.0,79,JBL,네이버,False,https://search.shopping.naver.com/catalog/54068378955,2025-09-23 00:52:03.641395,54900,https://shopping-phinf.pstatic.net/main_5406837/54068378955.20250409113615.jpg,삼성전자,naver_shopping_search,디지털/가전,음향가전,블루투스셋,블루투스이어폰/이어셋,블루투스 이어폰,87.58505000000001,0.46434865310917783,87.58505000000001,0.46434865310917783,150.479,214.60000000000002,2358.86
NAVER_53549202043,샥즈 오픈 스윔 프로 S710,디지털/가전 > 음향가전 > 블루투스셋 > 블루투스이어폰/이어셋,156.78,4.2,202.125,21,샥즈,네이버,False,https://search.shopping.naver.com/catalog/53549202043,2025-09-23 00:52:03.641407,211650,https://shopping-phinf.pstatic.net/main_5354920/53549202043.20250314151012.jpg,Unknown,naver_shopping_search,디지털/가전,음향가전,블루투스셋,블루투스이어폰/이어셋,블루투스 이어폰,87.58505000000001,1.7900315179359947,87.58505000000001,1.7900315179359947,658.476,848.9250000000001,31689.1575
NAVER_53528760607,소니 WF-1000XM5,디지털/가전 > 음향가전 > 블루투스셋 > 블루투스이어폰/이어셋,221.47,4.8,202.125,47,소니,네이버,False,https://search.shopping.naver.com/catalog/53528760607,2025-09-23 00:52:03.641418,298990,https://shopping-phinf.pstatic.net/main_5352876/53528760607.20250703211900.jpg,소니,naver_shopping_search,디지털/가전,음향가전,블루투스셋,블루투스이어폰/이어셋,블루투스 이어폰,87.58505000000001,2.528627887978599,87.58505000000001,2.528627887978599,1063.056,970.1999999999999,44764.62375
NAVER_53645722047,라익미 LE60 사운드미 골전도 오픈형 블루투스 AI 이어폰,디지털/가전 > 음향가전 > 블루투스셋 > 블루투스이어폰/이어셋,36.89,3.6,48.0,52,라익미,네이버,False,https://search.shopping.naver.com/catalog/53645722047,2025-09-23 00:52:03.641436,49800,https://shopping-phinf.pstatic.net/main_5364572/53645722047.20250319135538.jpg,라익미,naver_shopping_search,디지털/가전,음향가전,블루투스셋,블루투스이어폰/이어셋,블루투스 이어폰,87.58505000000001,0.4211906027341424,87.58505000000001,0.4211906027341424,132.804,172.8,1770.72
NAVER_53530143052,로랜텍 커널형 버즈 무선 블루투스 이어폰 RSM-R510,디지털/가전 > 음향가전 > 블루투스셋 > 블루투스이어폰/이어셋,14.0,3.8,27.0,84,로랜텍,네이버,False,https://search.shopping.naver.com/catalog/53530143052,2025-09-23 00:52:03.641448,18900,https://shopping-phinf.pstatic.net/main_5353014/53530143052.20250314171036.jpg,로랜텍,naver_shopping_search,디지털/가전,음향가전,블루투스셋,블루투스이어폰/이어셋,블루투스 이어폰,87.58505000000001,0.15984463101864985,87.58505000000001,0.15984463101864985,53.199999999999996,102.6,378.0
NAVER_53549201922,QCY T13X APP,디지털/가전 > 음향가전 > 블루투스셋 > 블루투스이어폰/이어셋,17.26,3.6,67.0,94,QCY,네이버,False,https://search.shopping.naver.com/catalog/53549201922,2025-09-23 00:52:03.641458,23300,https://shopping-phinf.pstatic.net/main_5354920/53549201922.20250314150405.jpg,QCY,naver_shopping_search,디지털/가전,음향가전,블루투스셋,블루투스이어폰/이어셋,블루투스 이어폰,87.58505000000001,0.1970655950987069,87.58505000000001,0.1970655950987069,62.13600000000001,241.20000000000002,1156.42
NAVER_53648493444,샥즈 오픈무브 S661,디지털/가전 > 음향가전 > 블루투스셋 > 블루투스이어폰/이어셋,59.43,4.3,37.0,24,샥즈,네이버,False,https://search.shopping.naver.com/catalog/53648493444,2025-09-23 00:52:03.641474,80230,https://shopping-phinf.pstatic.net/main_5364849/53648493444.20250319173558.jpg,Unknown,naver_shopping_search,디지털/가전,음향가전,블루투스셋,블루투스이어폰/이어셋,블루투스 이어폰,87.58505000000001,0.6785404586741687,87.58505000000001,0.6785404586741687,255.54899999999998,159.1,2198.91
NAVER_56780303964,Play-X,디지털/가전 > 음향가전 > 블루투스셋 > 블루투스이어폰/이어셋,33.27,3.9,16.0,73,Unknown,네이버,False,https://search.shopping.naver.com/catalog/56780303964,2025-09-23 00:52:03.641487,44910,https://shopping-phinf.pstatic.net/main_5678030/56780303964.20250918100711.jpg,Unknown,naver_shopping_search,디지털/가전,음향가전,블루투스셋,블루투스이어폰/이어셋,블루투스 이어폰,87.58505000000001,0.3798593481421772,87.58505000000001,0.3798593481421772,129.75300000000001,62.4,532.32
NAVER_53873413753,엠지텍 이어프리 G5,디지털/가전 > 음향가전 > 블루투스셋 > 블루투스이어폰/이어셋,80.66,3.8,96.0,22,엠지텍,네이버,False,https://search.shopping.naver.com/catalog/53873413753,2025-09-23 00:52:03.641497,108890,https://shopping-phinf.pstatic.net/main_5387341/53873413753.20250331114427.jpg,엠지텍,naver_shopping_search,디지털/가전,음향가전,블루투스셋,블루투스이어폰/이어셋,블루투스 이어폰,87.58505000000001,0.9209334241403069,87.58505000000001,0.9209334241403069,306.508,364.79999999999995,7743.36
NAVER_54487859404,필립스 필립스오디오 TAA6709,디지털/가전 > 음향가전 > 블루투스셋 > 블루투스이어폰/이어셋,58.52,4.0,139.0,25,필립스오디오,네이버,False,https://search.shopping.naver.com/catalog/54487859404,2025-09-23 00:52:03.641508,79000,https://shopping-phinf.pstatic.net/main_5448785/54487859404.20250429122844.jpg,필립스,naver_shopping_search,디지털/가전,음향가전,블루투스셋,블루투스이어폰/이어셋,블루투스 이어폰,87.58505000000001,0.6681505576579564,87.58505000000001,0.6681505576579564,234.08,556.0,8134.280000000001
NAVER_86904433651,애플 에어팟 프로2 2세대 C타입 블루투스 무선 이어폰 노이즈캔슬링 MTJV3KH/A,디지털/가전 > 음향가전 > 블루투스셋 > 블루투스이어폰/이어셋,206.52,4.2,202.125,48,Apple,설빈,False,https://smartstore.naver.com/main/products/9359933328,2025-09-23 00:52:03.641521,278800,https://shopping-phinf.pstatic.net/main_8690443/86904433651.jpg,Apple,naver_shopping_search,디지털/가전,음향가전,블루투스셋,블루투스이어폰/이어셋,블루투스 이어폰,87.58505000000001,2.3579366569979694,87.58505000000001,2.3579366569979694,867.3840000000001,848.9250000000001,41742.855
NAVER_88809245356,QCY 멜로버즈 프로 플러스 HT08 ANC 노이즈캔슬링무선 블루투스 이어폰,디지털/가전 > 음향가전 > 블루투스셋 > 블루투스이어폰/이어셋,30.74,3.5,41.0,74,Unknown,쇼핑 Pay,False,https://smartstore.naver.com/main/products/11264735025,2025-09-23 00:52:03.641533,41500,https://shopping-phinf.pstatic.net/main_8880924/88809245356.jpg,QCY,naver_shopping_search,디지털/가전,음향가전,블루투스셋,블루투스이어폰/이어셋,블루투스 이어폰,87.58505000000001,0.3509731398223783,87.58505000000001,0.3509731398223783,107.58999999999999,143.5,1260.34
NAVER_53549191689,삼지아이티 피스넷 워터본 수영 방수 골전도 블루투스 이어폰,디지털/가전 > 음향가전 > 블루투스셋 > 블루투스이어폰/이어셋,73.99,4.4,146.0,72,피스넷,네이버,False,https://search.shopping.naver.com/catalog/53549191689,2025-09-23 00:52:03.641545,99890,https://shopping-phinf.pstatic.net/main_5354919/53549191689.20250314145531.jpg,삼지아이티,naver_shopping_search,디지털/가전,음향가전,블루투스셋,블루투스이어폰/이어셋,블루투스 이어폰,87.58505000000001,0.8447788749335644,87.58505000000001,0.8447788749335644,325.556,642.4000000000001,10802.539999999999
NAVER_53957526720,베이스어스 Bowie MC1 오픈형 이어폰,디지털/가전 > 음향가전 > 블루투스셋 > 블루투스이어폰/이어셋,36.22,3.8,28.0,55,베이스어스,네이버,False,https://search.shopping.naver.com/catalog/53957526720,2025-09-23 00:52:03.641556,48900,https://shopping-phinf.pstatic.net/main_5395752/53957526720.20250409101812.jpg,베이스어스,naver_shopping_search,디지털/가전,음향가전,블루투스셋,블루투스이어폰/이어셋,블루투스 이어폰,87.58505000000001,0.4135408953925355,87.58505000000001,0.4135408953925355,137.636,106.39999999999999,1014.16
NAVER_53873413805,브리츠 Realfit5,디지털/가전 > 음향가전 > 블루투스셋 > 블루투스이어폰/이어셋,35.48,3.9,69.0,31,브리츠,네이버,False,https://search.shopping.naver.com/catalog/53873413805,2025-09-23 00:52:03.641566,47900,https://shopping-phinf.pstatic.net/main_5387341/53873413805.20250331114900.jpg,브리츠,naver_shopping_search,디지털/가전,음향가전,블루투스셋,블루투스이어폰/이어셋,블루투스 이어폰,87.58505000000001,0.40509196489583543,87.58505000000001,0.40509196489583543,138.37199999999999,269.09999999999997,2448.12
NAVER_56603865362,QCY HT16 멜로버즈,디지털/가전 > 음향가전 > 블루투스셋 > 블루투스이어폰/이어셋,17.63,4.2,37.0,31,QCY,네이버,False,https://search.shopping.naver.com/catalog/56603865362,2025-09-23 00:52:03.641577,23800,https://shopping-phinf.pstatic.net/main_5660386/56603865362.20250905101250.jpg,QCY,naver_shopping_search,디지털/가전,음향가전,블루투스셋,블루투스이어폰/이어셋,블루투스 이어폰,87.58505000000001,0.2012900603470569,87.58505000000001,0.2012900603470569,74.04599999999999,155.4,652.31
NAVER_53549189628,엠지텍 이어프리오픈 오픈형 이어폰,디지털/가전 > 음향가전 > 블루투스셋 > 블루투스이어폰/이어셋,44.37,3.6,50.0,82,엠지텍,네이버,False,https://search.shopping.naver.com/catalog/53549189628,2025-09-23 00:52:03.641588,59900,https://shopping-phinf.pstatic.net/main_5354918/53549189628.20250723104448.jpg,엠지텍,naver_shopping_search,디지털/가전,음향가전,블루투스셋,블루투스이어폰/이어셋,블루투스 이어폰,87.58505000000001,0.5065933055926781,87.58505000000001,0.5065933055926781,159.732,180.0,2218.5
NAVER_56465875628,티버디 골전도 오픈형 무선 이어폰,디지털/가전 > 음향가전 > 블루투스셋 > 블루투스이어폰/이어셋,24.0,3.5,34.0,35,티버디,네이버,False,https://search.shopping.naver.com/catalog/56465875628,2025-09-23 00:52:03.641598,32400,https://shopping-phinf.pstatic.net/main_5646587/56465875628.20250828114424.jpg,Unknown,naver_shopping_search,디지털/가전,음향가전,블루투스셋,블루투스이어폰/이어셋,블루투스 이어폰,87.58505000000001,0.2740193674605426,87.58505000000001,0.2740193674605426,84.0,119.0,816.0
NAVER_55284534059,브리츠 ProPods5Plus,디지털/가전 > 음향가전 > 블루투스셋 > 블루투스이어폰/이어셋,25.85,3.9,78.0,64,브리츠,네이버,False,https://search.shopping.naver.com/catalog/55284534059,2025-09-23 00:52:03.641608,34900,https://shopping-phinf.pstatic.net/main_5528453/55284534059.20250613144915.jpg,브리츠,naver_shopping_search,디지털/가전,음향가전,블루투스셋,블루투스이어폰/이어셋,블루투스 이어폰,87.58505000000001,0.29514169370229276,87.58505000000001,0.29514169370229276,100.815,304.2,2016.3000000000002
NAVER_87497885082,아이리버 무선 블루투스 이어폰 EDS-T1 노이즈캔슬링 생활방수,디지털/가전 > 음향가전 > 블루투스셋 > 블루투스이어폰/이어셋,16.96,4.2,62.0,92,아이리버,에디샵 공식판매점,False,https://smartstore.naver.com/main/products/9953382809,2025-09-23 00:52:03.641621,22900,https://shopping-phinf.pstatic.net/main_8749788/87497885082.1.jpg,Unknown,naver_shopping_search,디지털/가전,음향가전,블루투스셋,블루투스이어폰/이어셋,블루투스 이어폰,87.58505000000001,0.19364035300545013,87.58505000000001,0.19364035300545013,71.23200000000001,260.40000000000003,1051.52
NAVER_86393703163,공식 QCY T22 APP 골전도형 블루투스 이어폰 오픈형 AS 가능,디지털/가전 > 음향가전 > 블루투스셋 > 블루투스이어폰/이어셋,18.89,3.7,16.0,94,QCY,일등대한민국,False,https://smartstore.naver.com/main/products/8849202839,2025-09-23 00:52:03.641633,25500,https://shopping-phinf.pstatic.net/main_8639370/86393703163.1.jpg,QCY,naver_shopping_search,디지털/가전,음향가전,블루투스셋,블루투스이어폰/이어셋,블루투스 이어폰,87.58505000000001,0.2156760771387354,87.58505000000001,0.2156760771387354,69.893,59.2,302.24
NAVER_89440845461,SHOKZ 샥즈 E310 오픈닷 원 이어클립형 블루투스 오픈형 이어폰,디지털/가전 > 음향가전 > 블루투스셋 > 블루투스이어폰/이어셋,118.44,4.6,202.125,27,샥즈,직구플리즈,False,https://smartstore.naver.com/main/products/11896334852,2025-09-23 00:52:03.641646,159900,https://shopping-phinf.pstatic.net/main_8944084/89440845461.jpg,Unknown,naver_shopping_search,디지털/가전,음향가전,블루투스셋,블루투스이어폰/이어셋,블루투스 이어폰,87.58505000000001,1.3522855784177779,87.58505000000001,1.3522855784177779,544.824,929.775,23939.685
NAVER_53509045209,QCY T13APP,디지털/가전 > 음향가전 > 블루투스셋 > 블루투스이어폰/이어셋,15.41,4.0,42.0,112,QCY,네이버,False,https://search.shopping.naver.com/catalog/53509045209,2025-09-23 00:52:03.641656,20800,https://shopping-phinf.pstatic.net/main_5350904/53509045209.20250312151714.jpg,QCY,naver_shopping_search,디지털/가전,음향가전,블루투스셋,블루투스이어폰/이어셋,블루투스 이어폰,87.58505000000001,0.17594326885695674,87.58505000000001,0.17594326885695674,61.64,168.0,647.22
NAVER_53528748578,샥즈 오픈핏 에어 T511,디지털/가전 > 음향가전 > 블루투스셋 > 블루투스이어폰/이어셋,110.19,4.6,66.0,17,샥즈,네이버,False,https://search.shopping.naver.com/catalog/53528748578,2025-09-23 00:52:03.641667,148750,https://shopping-phinf.pstatic.net/main_5352874/53528748578.20250313121055.jpg,Unknown,naver_shopping_search,디지털/가전,음향가전,블루투스셋,블루투스이어폰/이어셋,블루투스 이어폰,87.58505000000001,1.2580914208532161,87.58505000000001,1.2580914208532161,506.87399999999997,303.59999999999997,7272.54
NAVER_88011358423,귀안아픈 귀걸이형 블루투스 오픈형 이어폰 런닝 운동 이어폰,디지털/가전 > 음향가전 > 블루투스셋 > 블루투스이어폰/이어셋,21.41,4.1,66.0,46,쏘빗,쏘빗 공식몰,False,https://smartstore.naver.com/main/products/10466853215,2025-09-23 00:52:03.641680,28900,https://shopping-phinf.pstatic.net/main_8801135/88011358423.1.jpg,Unknown,naver_shopping_search,디지털/가전,음향가전,블루투스셋,블루투스이어폰/이어셋,블루투스 이어폰,87.58505000000001,0.24444811072209238,87.58505000000001,0.24444811072209238,87.78099999999999,270.59999999999997,1413.06
NAVER_55284550542,샥즈 오픈런 프로 2 미니 S821,디지털/가전 > 음향가전 > 블루투스셋 > 블루투스이어폰/이어셋,169.63,4.4,64.0,14,샥즈,네이버,False,https://search.shopping.naver.com/catalog/55284550542,2025-09-23 00:52:03.641690,229000,https://shopping-phinf.pstatic.net/main_5528455/55284550542.20250613150420.jpg,Unknown,naver_shopping_search,디지털/가전,음향가전,블루투스셋,블루투스이어폰/이어셋,블루투스 이어폰,87.58505000000001,1.9367460542638266,87.58505000000001,1.9367460542638266,746.3720000000001,281.6,10856.32
NAVER_53664308469,엠지텍 이어프리W 골전도이어폰,디지털/가전 > 음향가전 > 블루투스셋 > 블루투스이어폰/이어셋,96.15,4.0,62.0,49,엠지텍,네이버,False,https://search.shopping.naver.com/catalog/53664308469,2025-09-23 00:52:03.641702,129800,https://shopping-phinf.pstatic.net/main_5366430/53664308469.20250320112535.jpg,엠지텍,naver_shopping_search,디지털/가전,음향가전,블루투스셋,블루투스이어폰/이어셋,블루투스 이어폰,87.58505000000001,1.097790090888799,87.58505000000001,1.097790090888799,384.6,248.0,5961.3
NAVER_53921766693,삼성전자 JBL TUNE BEAM 2,디지털/가전 > 음향가전 > 블루투스셋 > 블루투스이어폰/이어셋,65.93,3.9,71.0,51,JBL,네이버,False,https://search.shopping.naver.com/catalog/53921766693,2025-09-23 00:52:03.641717,89000,https://shopping-phinf.pstatic.net/main_5392176/53921766693.20250402174837.jpg,삼성전자,naver_shopping_search,디지털/가전,음향가전,블루투스셋,블루투스이어폰/이어셋,블루투스 이어폰,87.58505000000001,0.752754037361399,87.58505000000001,0.752754037361399,257.127,276.9,4681.030000000001
NAVER_53551101756,블라우풍트 ENC 노이즈 캔슬링,디지털/가전 > 음향가전 > 블루투스셋 > 블루투스이어폰/이어셋,21.33,3.5,44.0,72,블라우풍트,네이버,False,https://search.shopping.naver.com/catalog/53551101756,2025-09-23 00:52:03.641726,28800,https://shopping-phinf.pstatic.net/main_5355110/53551101756.20250509113354.jpg,블라우풍트,naver_shopping_search,디지털/가전,음향가전,블루투스셋,블루투스이어폰/이어셋,블루투스 이어폰,87.58505000000001,0.24353471283055722,87.58505000000001,0.24353471283055722,74.655,154.0,938.52
NAVER_53508783748,삼성전자 갤럭시 버즈2 프로 SM-R510,디지털/가전 > 음향가전 > 블루투스셋 > 블루투스이어폰/이어셋,135.7,4.7,199.0,44,갤럭시,네이버,False,https://search.shopping.naver.com/catalog/53508783748,2025-09-23 00:52:03.641737,183190,https://shopping-phinf.pstatic.net/main_5350878/53508783748.20250312144401.jpg,삼성전자,naver_shopping_search,디지털/가전,음향가전,블루투스셋,블루투스이어폰/이어셋,블루투스 이어폰,87.58505000000001,1.5493511735164844,87.58505000000001,1.5493511735164844,637.79,935.3000000000001,27004.3
NAVER_88042110947,삼성전자 갤럭시 버즈3 프로 무선 블루투스 이어폰 ANC SM-R630N,디지털/가전 > 음향가전 > 블루투스셋 > 블루투스이어폰/이어셋,154.81,4.5,59.0,12,갤럭시,삼성공식파트너 제이유,False,https://smartstore.naver.com/main/products/10497605595,2025-09-23 00:52:03.641747,209000,https://shopping-phinf.pstatic.net/main_8804211/88042110947.21.jpg,삼성전자,naver_shopping_search,디지털/가전,음향가전,블루투스셋,블루투스이어폰/이어셋,블루투스 이어폰,87.58505000000001,1.7675390948569418,87.58505000000001,1.7675390948569418,696.645,265.5,9133.79
NAVER_87487957030,블라우풍트 ENC 노이즈캔슬링 오픈형 블루투스 이어폰 오픈픽 BLP-OE383,디지털/가전 > 음향가전 > 블루투스셋 > 블루투스이어폰/이어셋,66.52,4.3,44.0,46,블라우풍트,블라우풍트,False,https://smartstore.naver.com/main/products/9943454757,2025-09-23 00:52:03.641758,89800,https://shopping-phinf.pstatic.net/main_8748795/87487957030.4.jpg,블라우풍트,naver_shopping_search,디지털/가전,음향가전,블루투스셋,블루투스이어폰/이어셋,블루투스 이어폰,87.58505000000001,0.7594903468114705,87.58505000000001,0.7594903468114705,286.03599999999994,189.2,2926.8799999999997
NAVER_56681759919,Apple 2025 에어팟 프로 3세대 USB-C 블루투스 이어폰 화이트 MFHP4KH/A,디지털/가전 > 음향가전 > 블루투스셋 > 블루투스이어폰/이어셋,233.56500000000003,4.7,202.125,19,Apple,쿠팡,False,https://link.coupang.com/re/PCSNAVERPCSDP?pageKey=9024163013&ctag=9024163013&lptag=I26462308675&itemId=26462308675&vendorItemId=93437588392&spec=10305197,2025-09-23 00:52:03.641770,369000,https://shopping-phinf.pstatic.net/main_5668175/56681759919.jpg,Apple,naver_shopping_search,디지털/가전,음향가전,블루투스셋,블루투스이어폰/이어셋,블루투스 이어폰,87.58505000000001,2.6667222317050685,87.58505000000001,2.6667222317050685,1097.7555000000002,949.9875000000001,47209.325625000005
NAVER_88415077976,삼성전자 갤럭시 버즈3 프로 무선 블루투스 이어폰 ANC SM-R630N,디지털/가전 > 음향가전 > 블루투스셋 > 블루투스이어폰/이어셋,154.81,4.7,114.0,15,갤럭시,삼성공식파트너사 포디아이,False,https://smartstore.naver.com/main/products/10870571963,2025-09-23 00:52:03.641781,209000,https://shopping-phinf.pstatic.net/main_8841507/88415077976.9.jpg,삼성전자,naver_shopping_search,디지털/가전,음향가전,블루투스셋,블루투스이어폰/이어셋,블루투스 이어폰,87.58505000000001,1.7675390948569418,87.58505000000001,1.7675390948569418,727.6070000000001,535.8000000000001,17648.34
NAVER_88827301527,삼성전자 갤럭시 버즈3 프로 R630 무선 블루투스 이어폰 ANC 세금포함,디지털/가전 > 음향가전 > 블루투스셋 > 블루투스이어폰/이어셋,117.78,4.5,202.125,26,갤럭시,얼리텍,False,https://smartstore.naver.com/main/products/11282791196,2025-09-23 00:52:03.641794,159000,https://shopping-phinf.pstatic.net/main_8882730/88827301527.jpg,삼성전자,naver_shopping_search,디지털/가전,음향가전,블루투스셋,블루투스이어폰/이어셋,블루투스 이어폰,87.58505000000001,1.344750045812613,87.58505000000001,1.344750045812613,530.01,909.5625,23806.2825
NAVER_53903519444,Apple 에어팟 프로 2세대 (MQD83KH/A),디지털/가전 > 음향가전 > 블루투스셋 > 블루투스이어폰/이어셋,100.44,4.7,202.125,16,Apple,네이버,False,https://search.shopping.naver.com/catalog/53903519444,2025-09-23 00:52:03.641804,135590,https://shopping-phinf.pstatic.net/main_5390351/53903519444.20250401160348.jpg,Apple,naver_shopping_search,디지털/가전,음향가전,블루투스셋,블루투스이어폰/이어셋,블루투스 이어폰,87.58505000000001,1.1467710528223707,87.58505000000001,1.1467710528223707,472.068,949.9875000000001,20301.435
NAVER_53903523947,QCY T30 AIR,디지털/가전 > 음향가전 > 블루투스셋 > 블루투스이어폰/이어셋,23.33,3.6,63.0,93,QCY,네이버,False,https://search.shopping.naver.com/catalog/53903523947,2025-09-23 00:52:03.641814,31500,https://shopping-phinf.pstatic.net/main_5390352/53903523947.20250828112653.jpg,QCY,naver_shopping_search,디지털/가전,음향가전,블루투스셋,블루투스이어폰/이어셋,블루투스 이어폰,87.58505000000001,0.26636966011893576,87.58505000000001,0.26636966011893576,83.988,226.8,1469.79
NAVER_86898112887,삼성전자 갤럭시 버즈FE 무선 블루투스 이어폰 ANC SM-R400,디지털/가전 > 음향가전 > 블루투스셋 > 블루투스이어폰/이어셋,48.15,3.9,23.0,42,갤럭시,삼성공식파트너 엠디텍,False,https://smartstore.naver.com/main/products/9353612564,2025-09-23 00:52:03.641825,65000,https://shopping-phinf.pstatic.net/main_8689811/86898112887.6.jpg,삼성전자,naver_shopping_search,디지털/가전,음향가전,블루투스셋,블루투스이어폰/이어셋,블루투스 이어폰,87.58505000000001,0.5497513559677136,87.58505000000001,0.5497513559677136,187.785,89.7,1107.45
NAVER_88042181349,삼성전자 갤럭시 버즈3 프로 무선 블루투스 이어폰 ANC SM-R630N,디지털/가전 > 음향가전 > 블루투스셋 > 블루투스이어폰/이어셋,154.81,4.3,202.125,26,갤럭시,삼성공식파트너 엠디텍,False,https://smartstore.naver.com/main/products/10497675997,2025-09-23 00:52:03.641835,209000,https://shopping-phinf.pstatic.net/main_8804218/88042181349.21.jpg,삼성전자,naver_shopping_search,디지털/가전,음향가전,블루투스셋,블루투스이어폰/이어셋,블루투스 이어폰,87.58505000000001,1.7675390948569418,87.58505000000001,1.7675390948569418,665.683,869.1374999999999,31290.97125
NAVER_88148258825,삼성공식파트너 JBL TOUR PRO3 블루투스 노이즈캔슬링 무선 이어폰,디지털/가전 > 음향가전 > 블루투스셋 > 블루투스이어폰/이어셋,233.56500000000003,4.6,106.0,34,JBL,삼성JBL온라인스토어,False,https://smartstore.naver.com/main/products/10603753235,2025-09-23 00:52:03.641850,398000,https://shopping-phinf.pstatic.net/main_8814825/88148258825.62.jpg,삼성전자,naver_shopping_search,디지털/가전,음향가전,블루투스셋,블루투스이어폰/이어셋,블루투스 이어폰,87.58505000000001,2.6667222317050685,87.58505000000001,2.6667222317050685,1074.3990000000001,487.59999999999997,24757.890000000003
NAVER_53529682110,샥즈 오픈런 S803,디지털/가전 > 음향가전 > 블루투스셋 > 블루투스이어폰/이어셋,112.7,4.3,202.125,22,샥즈,네이버,False,https://search.shopping.naver.com/catalog/53529682110,2025-09-23 00:52:03.641861,152150,https://shopping-phinf.pstatic.net/main_5352968/53529682110.20250313142712.jpg,Unknown,naver_shopping_search,디지털/가전,음향가전,블루투스셋,블루투스이어폰/이어셋,블루투스 이어폰,87.58505000000001,1.2867492797001314,87.58505000000001,1.2867492797001314,484.61,869.1374999999999,22779.4875
NAVER_88042122546,삼성전자 갤럭시 버즈3 무선 블루투스 이어폰 ANC SM-R530N,디지털/가전 > 음향가전 > 블루투스셋 > 블루투스이어폰/이어셋,125.19,4.4,202.125,46,갤럭시,삼성공식파트너 제이유,False,https://smartstore.naver.com/main/products/10497617194,2025-09-23 00:52:03.641872,169000,https://shopping-phinf.pstatic.net/main_8804212/88042122546.19.jpg,삼성전자,naver_shopping_search,디지털/가전,음향가전,블루투스셋,블루투스이어폰/이어셋,블루투스 이어폰,87.58505000000001,1.4293535255160554,87.58505000000001,1.4293535255160554,550.836,889.35,25304.02875
NAVER_89447162423,[신제품] 샥즈 오픈닷 원 E310 오픈형 귀걸이형 블루투스 무선 이어클립 귀찌 이어폰,디지털/가전 > 음향가전 > 블루투스셋 > 블루투스이어폰/이어셋,214.07,4.2,202.125,43,샥즈,샥즈 코리아,False,https://smartstore.naver.com/main/products/11902651814,2025-09-23 00:52:03.641884,289000,https://shopping-phinf.pstatic.net/main_8944716/89447162423.jpg,Unknown,naver_shopping_search,디지털/가전,음향가전,블루투스셋,블루투스이어폰/이어셋,블루투스 이어폰,87.58505000000001,2.4441385830115983,87.58505000000001,2.4441385830115983,899.094,848.9250000000001,43268.89875
NAVER_88347457981,[샥즈 공식] 오픈런 프로 2 S820 골전도 헬스 운동 마라톤 이어폰 애프터샥,디지털/가전 > 음향가전 > 블루투스셋 > 블루투스이어폰/이어셋,156.78,4.6,202.125,14,샥즈,샥즈 코리아,False,https://smartstore.naver.com/main/products/10802951991,2025-09-23 00:52:03.641896,211650,https://shopping-phinf.pstatic.net/main_8834745/88347457981.2.jpg,Unknown,naver_shopping_search,디지털/가전,음향가전,블루투스셋,블루투스이어폰/이어셋,블루투스 이어폰,87.58505000000001,1.7900315179359947,87.58505000000001,1.7900315179359947,721.188,929.775,31689.1575
NAVER_84774448696,아이리버 골전도 블루투스 이어폰 오픈형 무선이어폰 TWS 스포츠 런닝 러닝,디지털/가전 > 음향가전 > 블루투스셋 > 블루투스이어폰/이어셋,36.96,4.1,10.0,104,아이리버,비트 박스,False,https://smartstore.naver.com/main/products/7229948374,2025-09-23 00:52:03.641909,49900,https://shopping-phinf.pstatic.net/main_8477444/84774448696.15.jpg,아이리버,naver_shopping_search,디지털/가전,음향가전,블루투스셋,블루투스이어폰/이어셋,블루투스 이어폰,87.58505000000001,0.4219898258892356,87.58505000000001,0.4219898258892356,151.536,41.0,369.6
NAVER_53900358024,블라우풍트 BLP-BE363,디지털/가전 > 음향가전 > 블루투스셋 > 블루투스이어폰/이어셋,16.96,3.6,76.0,111,블라우풍트,네이버,False,https://search.shopping.naver.com/catalog/53900358024,2025-09-23 00:52:03.641919,22900,https://shopping-phinf.pstatic.net/main_5390035/53900358024.20250509114009.jpg,Unknown,naver_shopping_search,디지털/가전,음향가전,블루투스셋,블루투스이어폰/이어셋,블루투스 이어폰,87.58505000000001,0.19364035300545013,87.58505000000001,0.19364035300545013,61.056000000000004,273.6,1288.96
NAVER_56319968523,엠지텍 지링크 오픈형 이어폰,디지털/가전 > 음향가전 > 블루투스셋 > 블루투스이어폰/이어셋,74.0,4.3,98.0,31,엠지텍,네이버,False,https://search.shopping.naver.com/catalog/56319968523,2025-09-23 00:52:03.641932,99900,https://shopping-phinf.pstatic.net/main_5631996/56319968523.20250818153116.jpg,엠지텍,naver_shopping_search,디지털/가전,음향가전,블루투스셋,블루투스이어폰/이어셋,블루투스 이어폰,87.58505000000001,0.8448930496700063,87.58505000000001,0.8448930496700063,318.2,421.4,7252.0
NAVER_56603867490,QCY T43 Buds,디지털/가전 > 음향가전 > 블루투스셋 > 블루투스이어폰/이어셋,14.0,3.6,93.0,45,QCY,네이버,False,https://search.shopping.naver.com/catalog/56603867490,2025-09-23 00:52:03.641946,18900,https://shopping-phinf.pstatic.net/main_5660386/56603867490.20250905101804.jpg,QCY,naver_shopping_search,디지털/가전,음향가전,블루투스셋,블루투스이어폰/이어셋,블루투스 이어폰,87.58505000000001,0.15984463101864985,87.58505000000001,0.15984463101864985,50.4,334.8,1302.0
NAVER_54254977323,브리츠 BZ-Mtalk7R,디지털/가전 > 음향가전 > 블루투스셋 > 블루투스이어폰/이어셋,24.37,3.9,19.0,110,브리츠,네이버,False,https://search.shopping.naver.com/catalog/54254977323,2025-09-23 00:52:03.641955,32900,https://shopping-phinf.pstatic.net/main_5425497/54254977323.20250417123334.jpg,브리츠,naver_shopping_search,디지털/가전,음향가전,블루투스셋,블루투스이어폰/이어셋,블루투스 이어폰,87.58505000000001,0.27824383270889264,87.58505000000001,0.27824383270889264,95.043,74.1,463.03000000000003
NAVER_53808223673,샥즈 오픈런 프로 S810,디지털/가전 > 음향가전 > 블루투스셋 > 블루투스이어폰/이어셋,122.22,4.6,167.0,10,샥즈,네이버,False,https://search.shopping.naver.com/catalog/53808223673,2025-09-23 00:52:03.641966,165000,https://shopping-phinf.pstatic.net/main_5380822/53808223673.20250327171027.jpg,Unknown,naver_shopping_search,디지털/가전,음향가전,블루투스셋,블루투스이어폰/이어셋,블루투스 이어폰,87.58505000000001,1.3954436287928131,87.58505000000001,1.3954436287928131,562.212,768.1999999999999,20410.74
NAVER_54254580668,바워스앤윌킨스 Pi8 인이어 노이즈 캔슬링 트루 와이어리스 이어버드,디지털/가전 > 음향가전 > 블루투스셋 > 블루투스이어폰/이어셋,233.56500000000003,4.2,202.125,23,바워스앤윌킨스,네이버,False,https://search.shopping.naver.com/catalog/54254580668,2025-09-23 00:52:03.641976,528000,https://shopping-phinf.pstatic.net/main_5425458/54254580668.20250417112435.jpg,바워스앤윌킨스,naver_shopping_search,디지털/가전,음향가전,블루투스셋,블루투스이어폰/이어셋,블루투스 이어폰,87.58505000000001,2.6667222317050685,87.58505000000001,2.6667222317050685,980.9730000000002,848.9250000000001,47209.325625000005
NAVER_43212027618,아이리버 IBE-G10P,디지털/가전 > 음향가전 > 블루투스셋 > 블루투스이어폰/이어셋,14.74,4.2,34.0,100,아이리버,네이버,False,https://search.shopping.naver.com/catalog/43212027618,2025-09-23 00:52:03.641986,19900,https://shopping-phinf.pstatic.net/main_4321202/43212027618.20231013154750.jpg,아이리버,naver_shopping_search,디지털/가전,음향가전,블루투스셋,블루투스이어폰/이어셋,블루투스 이어폰,87.58505000000001,0.1682935615153499,87.58505000000001,0.1682935615153499,61.908,142.8,501.16
NAVER_49058985379,삼성전자 갤럭시 버즈3 프로 블루투스 이어폰 실버 SM-R630N,디지털/가전 > 음향가전 > 블루투스셋 > 블루투스이어폰/이어셋,148.15,4.6,90.0,10,갤럭시,쿠팡,False,https://link.coupang.com/re/PCSNAVERPCSDP?pageKey=8145200009&ctag=8145200009&lptag=I23156449807&itemId=23156449807&vendorItemId=90189294291&spec=10305197,2025-09-23 00:52:03.641996,200000,https://shopping-phinf.pstatic.net/main_4905898/49058985379.3.jpg,삼성전자,naver_shopping_search,디지털/가전,음향가전,블루투스셋,블루투스이어폰/이어셋,블루투스 이어폰,87.58505000000001,1.6914987203866412,87.58505000000001,1.6914987203866412,681.49,413.99999999999994,13333.5
NAVER_54345198297,샥즈 오픈닷 원 E310 오픈형 이어클립 블루투스 이어폰 2025 최신상,디지털/가전 > 음향가전 > 블루투스셋 > 블루투스이어폰/이어셋,120.35,4.8,109.0,12,샥즈,SSG닷컴,False,http://www.ssg.com/item/itemView.ssg?itemId=1000687475391&siteNo=6001&salestrNo=6005&ckwhere=ssg_naver&appPopYn=n&utm_medium=PCS&utm_source=naver&utm_campaign=naver_pcs,2025-09-23 00:52:03.642007,162475,https://shopping-phinf.pstatic.net/main_5434519/54345198297.1.jpg,Unknown,naver_shopping_search,디지털/가전,음향가전,블루투스셋,블루투스이어폰/이어셋,블루투스 이어폰,87.58505000000001,1.3740929530781791,87.58505000000001,1.3740929530781791,577.68,523.1999999999999,13118.15
NAVER_56688416466,토조 T13064,디지털/가전 > 음향가전 > 블루투스셋 > 블루투스이어폰/이어셋,32.67,4.2,54.0,50,토조,네이버,False,https://search.shopping.naver.com/catalog/56688416466,2025-09-23 00:52:03.642017,44100,https://shopping-phinf.pstatic.net/main_5668841/56688416466.20250911103000.jpg,토조,naver_shopping_search,디지털/가전,음향가전,블루투스셋,블루투스이어폰/이어셋,블루투스 이어폰,87.58505000000001,0.3730088639556636,87.58505000000001,0.3730088639556636,137.21400000000003,226.8,1764.18
NAVER_49058915412,삼성전자 갤럭시 버즈3 프로 블루투스 이어폰 화이트 SM-R630N,디지털/가전 > 음향가전 > 블루투스셋 > 블루투스이어폰/이어셋,148.15,4.3,202.125,28,갤럭시,쿠팡,False,https://link.coupang.com/re/PCSNAVERPCSDP?pageKey=8145200009&ctag=8145200009&lptag=I23156449802&itemId=23156449802&vendorItemId=90189294280&spec=10305197,2025-09-23 00:52:03.642029,200000,https://shopping-phinf.pstatic.net/main_4905891/49058915412.3.jpg,삼성전자,naver_shopping_search,디지털/가전,음향가전,블루투스셋,블루투스이어폰/이어셋,블루투스 이어폰,87.58505000000001,1.6914987203866412,87.58505000000001,1.6914987203866412,637.045,869.1374999999999,29944.818750000002
NAVER_53646866326,샥즈 T910,디지털/가전 > 음향가전 > 블루투스셋 > 블루투스이어폰/이어셋,118.52,4.7,202.125,41,샥즈,네이버,False,https://search.shopping.naver.com/catalog/53646866326,2025-09-23 00:52:03.642039,160000,https://shopping-phinf.pstatic.net/main_5364686/53646866326.20250319145613.jpg,Unknown,naver_shopping_search,디지털/가전,음향가전,블루투스셋,블루투스이어폰/이어셋,블루투스 이어폰,87.58505000000001,1.3531989763093129,87.58505000000001,1.3531989763093129,557.044,949.9875000000001,23955.855
NAVER_55928609419,삼성전자 JBL SENSE LITE,디지털/가전 > 음향가전 > 블루투스셋 > 블루투스이어폰/이어셋,109.63,4.5,121.0,21,JBL,네이버,False,https://search.shopping.naver.com/catalog/55928609419,2025-09-23 00:52:03.642050,148000,https://shopping-phinf.pstatic.net/main_5592860/55928609419.20250724104741.jpg,삼성전자,naver_shopping_search,디지털/가전,음향가전,블루투스셋,블루투스이어폰/이어셋,블루투스 이어폰,87.58505000000001,1.2516976356124703,87.58505000000001,1.2516976356124703,493.335,544.5,13265.23
NAVER_54068450594,엠지텍 이어프리오픈프로 오픈형이어폰,디지털/가전 > 음향가전 > 블루투스셋 > 블루투스이어폰/이어셋,73.93,4.5,84.0,67,엠지텍,네이버,False,https://search.shopping.naver.com/catalog/54068450594,2025-09-23 00:52:03.642062,99800,https://shopping-phinf.pstatic.net/main_5406845/54068450594.20250919115305.jpg,엠지텍,naver_shopping_search,디지털/가전,음향가전,블루투스셋,블루투스이어폰/이어셋,블루투스 이어폰,87.58505000000001,0.8440938265149132,87.58505000000001,0.8440938265149132,332.68500000000006,378.0,6210.120000000001
NAVER_86373531177,독일 블라우풍트 무선 블루투스이어폰 AAC ENC노이즈캔슬링 오픈형,디지털/가전 > 음향가전 > 블루투스셋 > 블루투스이어폰/이어셋,22.07,3.6,65.0,37,블라우풍트,블라우풍트,False,https://smartstore.naver.com/main/products/8829030854,2025-09-23 00:52:03.642074,29800,https://shopping-phinf.pstatic.net/main_8637353/86373531177.9.jpg,블라우풍트,naver_shopping_search,디지털/가전,음향가전,블루투스셋,블루투스이어폰/이어셋,블루투스 이어폰,87.58505000000001,0.2519836433272573,87.58505000000001,0.2519836433272573,79.452,234.0,1434.55
NAVER_83861030308,애플 에어팟 3세대 에어팟3 애플코리아 정품 맥세이프 당일출고 MME73KH/A,디지털/가전 > 음향가전 > 블루투스셋 > 블루투스이어폰/이어셋,162.89,4.5,102.0,42,Apple,설빈,False,https://smartstore.naver.com/main/products/6316527819,2025-09-23 00:52:03.642084,219900,https://shopping-phinf.pstatic.net/main_8386103/83861030308.4.jpg,Apple,naver_shopping_search,디지털/가전,음향가전,블루투스셋,블루투스이어폰/이어셋,블루투스 이어폰,87.58505000000001,1.859792281901991,87.58505000000001,1.859792281901991,733.0049999999999,459.0,16614.78
NAVER_89099471476,삼성전자 갤럭시 버즈FE 완전 무선 블루투스 이어폰 SM-R400,디지털/가전 > 음향가전 > 블루투스셋 > 블루투스이어폰/이어셋,43.7,3.8,11.0,40,갤럭시,삼성공식파트너 제이유,False,https://smartstore.naver.com/main/products/11554961070,2025-09-23 00:52:03.642097,59000,https://shopping-phinf.pstatic.net/main_8909947/89099471476.3.jpg,삼성전자,naver_shopping_search,디지털/가전,음향가전,블루투스셋,블루투스이어폰/이어셋,블루투스 이어폰,87.58505000000001,0.4989435982510714,87.58505000000001,0.4989435982510714,166.06,41.8,480.70000000000005
NAVER_87258486041,삼성전자 갤럭시 버즈FE SM-R400,디지털/가전 > 음향가전 > 블루투스셋 > 블루투스이어폰/이어셋,43.59,4.3,96.0,89,갤럭시,O-ma,False,https://smartstore.naver.com/main/products/9713983771,2025-09-23 00:52:03.642108,58840,https://shopping-phinf.pstatic.net/main_8725848/87258486041.5.jpg,삼성전자,naver_shopping_search,디지털/가전,음향가전,블루투스셋,블루투스이어폰/이어셋,블루투스 이어폰,87.58505000000001,0.49768767615021053,87.58505000000001,0.49768767615021053,187.437,412.79999999999995,4184.64
NAVER_88703715123,낫싱 CMF 버즈 프로2 노이즈캔슬링 블루투스 이어폰 멀티포인트 공간오디오 LDAC,디지털/가전 > 음향가전 > 블루투스셋 > 블루투스이어폰/이어셋,58.52,4.4,75.0,80,CMF,낫싱 공식스토어,False,https://smartstore.naver.com/main/products/11159204801,2025-09-23 00:52:03.642315,79000,https://shopping-phinf.pstatic.net/main_8870371/88703715123.jpg,Unknown,naver_shopping_search,디지털/가전,음향가전,블루투스셋,블루투스이어폰/이어셋,블루투스 이어폰,87.58505000000001,0.6681505576579564,87.58505000000001,0.6681505576579564,257.48800000000006,330.0,4389.0
NAVER_88088066733,볼티움 러닝 운동 헬스 블루투스 무선 오픈형 귀걸이형 이어폰,디지털/가전 > 음향가전 > 블루투스셋 > 블루투스이어폰/이어셋,58.52,3.9,99.0,24,볼티움,볼티움,False,https://smartstore.naver.com/main/products/10543561250,2025-09-23 00:52:03.642327,79000,https://shopping-phinf.pstatic.net/main_8808806/88088066733.11.jpg,Unknown,naver_shopping_search,디지털/가전,음향가전,블루투스셋,블루투스이어폰/이어셋,블루투스 이어폰,87.58505000000001,0.6681505576579564,87.58505000000001,0.6681505576579564,228.228,386.09999999999997,5793.4800000000005
NAVER_53664823657,삼지아이티 피스넷 사운드핏,디지털/가전 > 음향가전 > 블루투스셋 > 블루투스이어폰/이어셋,73.25,4.0,36.0,52,피스넷,네이버,False,https://search.shopping.naver.com/catalog/53664823657,2025-09-23 00:52:03.642337,98890,https://shopping-phinf.pstatic.net/main_5366482/53664823657.20250320123708.jpg,삼지아이티,naver_shopping_search,디지털/가전,음향가전,블루투스셋,블루투스이어폰/이어셋,블루투스 이어폰,87.58505000000001,0.8363299444368644,87.58505000000001,0.8363299444368644,293.0,144.0,2637.0
NAVER_56688620355,플랜트로닉스 POLY Voyager Legend 50,디지털/가전 > 음향가전 > 블루투스셋 > 블루투스이어폰/이어셋,115.16,4.3,165.0,24,POLY,네이버,False,https://search.shopping.naver.com/catalog/56688620355,2025-09-23 00:52:03.642349,155470,https://shopping-phinf.pstatic.net/main_5668862/56688620355.20250911112113.jpg,플랜트로닉스,naver_shopping_search,디지털/가전,음향가전,블루투스셋,블루투스이어폰/이어셋,블루투스 이어폰,87.58505000000001,1.3148362648648368,87.58505000000001,1.3148362648648368,495.188,709.5,19001.399999999998
NAVER_88665822661,QCY HT08 멜로버즈 프로 플러스 소음차단 46dB 블루투스 이어폰 노이즈캔슬링 화이트,디지털/가전 > 음향가전 > 블루투스셋 > 블루투스이어폰/이어셋,30.74,4.2,81.0,108,QCY,와이엘사이언스,False,https://smartstore.naver.com/main/products/11121312339,2025-09-23 00:52:03.642367,41500,https://shopping-phinf.pstatic.net/main_8866582/88665822661.2.jpg,QCY,naver_shopping_search,디지털/가전,음향가전,블루투스셋,블루투스이어폰/이어셋,블루투스 이어폰,87.58505000000001,0.3509731398223783,87.58505000000001,0.3509731398223783,129.108,340.2,2489.94
NAVER_53664803623,삼성전자 JBL TOUR PRO2,디지털/가전 > 음향가전 > 블루투스셋 > 블루투스이어폰/이어셋,125.19,4.8,112.0,19,JBL,네이버,False,https://search.shopping.naver.com/catalog/53664803623,2025-09-23 00:52:03.642378,169000,https://shopping-phinf.pstatic.net/main_5366480/53664803623.20250320121908.jpg,삼성전자,naver_shopping_search,디지털/가전,음향가전,블루투스셋,블루투스이어폰/이어셋,블루투스 이어폰,87.58505000000001,1.4293535255160554,87.58505000000001,1.4293535255160554,600.9119999999999,537.6,14021.279999999999
NAVER_53016166987,삼성전자 스마트모니터 M7 M70D 108~110cm(43인치),디지털/가전 > 모니터,233.56500000000003,4.7,108.0,44,스마트모니터,네이버,False,https://search.shopping.naver.com/catalog/53016166987,2025-09-23 00:52:04.069550,529000,https://shopping-phinf.pstatic.net/main_5301616/53016166987.20250528142107.jpg,삼성전자,naver_shopping_search,디지털/가전,모니터,,,모니터,183.16940000000002,1.2751311081436092,183.16940000000002,1.2751311081436092,1097.7555000000002,507.6,25225.020000000004
NAVER_53787773855,삼성전자 삼성 고해상도 QHD 모니터 S61B LS27B610 68~69cm(27인치),디지털/가전 > 모니터,191.85,4.5,64.0,29,삼성,네이버,False,https://search.shopping.naver.com/catalog/53787773855,2025-09-23 00:52:04.069575,259000,https://shopping-phinf.pstatic.net/main_5378777/53787773855.20250326151050.jpg,삼성전자,naver_shopping_search,디지털/가전,모니터,,,모니터,183.16940000000002,1.0473911035358525,183.16940000000002,1.0473911035358525,863.3249999999999,288.0,12278.4
NAVER_52611947184,삼성전자 삼성 LS27C310 68~69cm(27인치),디지털/가전 > 모니터,115.75,4.2,202.125,15,삼성,네이버,False,https://search.shopping.naver.com/catalog/52611947184,2025-09-23 00:52:04.069585,156260,https://shopping-phinf.pstatic.net/main_5261194/52611947184.20250122123645.jpg,삼성전자,naver_shopping_search,디지털/가전,모니터,,,모니터,183.16940000000002,0.6319286955135518,183.16940000000002,0.6319286955135518,486.15000000000003,848.9250000000001,23395.96875
NAVER_52611948222,삼성전자 삼성 LS24C310 59~61cm(24인치),디지털/가전 > 모니터,92.87,3.9,70.0,75,삼성,네이버,False,https://search.shopping.naver.com/catalog/52611948222,2025-09-23 00:52:04.069599,125370,https://shopping-phinf.pstatic.net/main_5261194/52611948222.20250411160536.jpg,삼성전자,naver_shopping_search,디지털/가전,모니터,,,모니터,183.16940000000002,0.5070170017481085,183.16940000000002,0.5070170017481085,362.193,273.0,6500.900000000001
NAVER_53666145008,LG전자 32UN650K 80~81cm(32인치),디지털/가전 > 모니터,233.56500000000003,4.8,202.125,18,LG전자,네이버,False,https://search.shopping.naver.com/catalog/53666145008,2025-09-23 00:52:04.069607,446990,https://shopping-phinf.pstatic.net/main_5366614/53666145008.20250320144523.jpg,LG전자,naver_shopping_search,디지털/가전,모니터,,,모니터,183.16940000000002,1.2751311081436092,183.16940000000002,1.2751311081436092,1121.112,970.1999999999999,47209.325625000005
NAVER_52817553506,삼성전자 오디세이 G5 LS32CG510 80~81cm(32인치),디지털/가전 > 모니터,233.56500000000003,4.3,202.125,13,오디세이,네이버,False,https://search.shopping.naver.com/catalog/52817553506,2025-09-23 00:52:04.069616,327990,https://shopping-phinf.pstatic.net/main_5281755/52817553506.20250205100030.jpg,삼성전자,naver_shopping_search,디지털/가전,모니터,,,모니터,183.16940000000002,1.2751311081436092,183.16940000000002,1.2751311081436092,1004.3295,869.1374999999999,47209.325625000005
NAVER_52611013293,LG전자 32MN500MW 80~81cm(32인치),디지털/가전 > 모니터,177.13,4.7,155.0,35,LG전자,네이버,False,https://search.shopping.naver.com/catalog/52611013293,2025-09-23 00:52:04.069623,239120,https://shopping-phinf.pstatic.net/main_5261101/52611013293.20250122093453.jpg,LG전자,naver_shopping_search,디지털/가전,모니터,,,모니터,183.16940000000002,0.9670283355189239,183.16940000000002,0.9670283355189239,832.511,728.5,27455.149999999998
NAVER_54068516947,LG전자 27US550 68~69cm(27인치),디지털/가전 > 모니터,233.56500000000003,4.7,104.0,34,LG전자,네이버,False,https://search.shopping.naver.com/catalog/54068516947,2025-09-23 00:52:04.069631,388770,https://shopping-phinf.pstatic.net/main_5406851/54068516947.20250827085703.jpg,LG전자,naver_shopping_search,디지털/가전,모니터,,,모니터,183.16940000000002,1.2751311081436092,183.16940000000002,1.2751311081436092,1097.7555000000002,488.8,24290.760000000002
NAVER_53249090394,알파스캔 AOC 27B36 무결점 68~69cm(27인치),디지털/가전 > 모니터,116.96,4.6,92.0,49,알파스캔,네이버,False,https://search.shopping.naver.com/catalog/53249090394,2025-09-23 00:52:04.069643,157900,https://shopping-phinf.pstatic.net/main_5324909/53249090394.20250227160103.jpg,알파스캔,naver_shopping_search,디지털/가전,모니터,,,모니터,183.16940000000002,0.6385346023953782,183.16940000000002,0.6385346023953782,538.016,423.2,10760.32
NAVER_52630745652,LG전자 27MN430HW 68~69cm(27인치),디지털/가전 > 모니터,125.04,4.5,202.125,24,LG전자,네이버,False,https://search.shopping.naver.com/catalog/52630745652,2025-09-23 00:52:04.069650,168800,https://shopping-phinf.pstatic.net/main_5263074/52630745652.20250123162747.jpg,LG전자,naver_shopping_search,디지털/가전,모니터,,,모니터,183.16940000000002,0.6826467739698879,183.16940000000002,0.6826467739698879,562.6800000000001,909.5625,25273.710000000003
NAVER_53014809887,삼성전자 스마트모니터 M5 M50D 80~81cm(32인치),디지털/가전 > 모니터,213.99,4.2,92.0,27,스마트모니터,네이버,False,https://search.shopping.naver.com/catalog/53014809887,2025-09-23 00:52:04.069658,288880,https://shopping-phinf.pstatic.net/main_5301480/53014809887.20250214100517.jpg,삼성전자,naver_shopping_search,디지털/가전,모니터,,,모니터,183.16940000000002,1.1682628211917492,183.16940000000002,1.1682628211917492,898.758,386.40000000000003,19687.08
NAVER_52817553300,삼성전자 오디세이 G5 LS27CG510 68~69cm(27인치),디지털/가전 > 모니터,220.74,4.2,202.125,44,오디세이,네이버,False,https://search.shopping.naver.com/catalog/52817553300,2025-09-23 00:52:04.069666,298000,https://shopping-phinf.pstatic.net/main_5281755/52817553300.20250205095912.jpg,삼성전자,naver_shopping_search,디지털/가전,모니터,,,모니터,183.16940000000002,1.205113954623425,183.16940000000002,1.205113954623425,927.1080000000001,848.9250000000001,44617.0725
NAVER_52611634386,삼성전자 오디세이 G5 LC34G55T 86~87cm(34인치),디지털/가전 > 모니터,233.56500000000003,4.3,202.125,36,오디세이,네이버,False,https://search.shopping.naver.com/catalog/52611634386,2025-09-23 00:52:04.069677,322370,https://shopping-phinf.pstatic.net/main_5261163/52611634386.20250326140955.jpg,삼성전자,naver_shopping_search,디지털/가전,모니터,,,모니터,183.16940000000002,1.2751311081436092,183.16940000000002,1.2751311081436092,1004.3295,869.1374999999999,47209.325625000005
NAVER_52922451455,삼성전자 삼성 LC32R500 80~81cm(32인치),디지털/가전 > 모니터,185.19,4.4,137.0,14,삼성,네이버,False,https://search.shopping.naver.com/catalog/52922451455,2025-09-23 00:52:04.069684,250000,https://shopping-phinf.pstatic.net/main_5292245/52922451455.20250627133628.jpg,삼성전자,naver_shopping_search,디지털/가전,모니터,,,모니터,183.16940000000002,1.0110313185499322,183.16940000000002,1.0110313185499322,814.836,602.8000000000001,25371.03
NAVER_52685710443,삼성전자 오디세이 G5 LS32DG500 80~81cm(32인치),디지털/가전 > 모니터,233.56500000000003,4.4,53.0,17,오디세이,네이버,False,https://search.shopping.naver.com/catalog/52685710443,2025-09-23 00:52:04.069692,438000,https://shopping-phinf.pstatic.net/main_5268571/52685710443.20250127111135.jpg,삼성전자,naver_shopping_search,디지털/가전,모니터,,,모니터,183.16940000000002,1.2751311081436092,183.16940000000002,1.2751311081436092,1027.6860000000001,233.20000000000002,12378.945000000002
NAVER_54467534719,LG전자 스마트모니터 스윙 터치 32U889SAW 80~81cm(32인치),디지털/가전 > 모니터,233.56500000000003,4.4,202.125,18,LG전자,네이버,False,https://search.shopping.naver.com/catalog/54467534719,2025-09-23 00:52:04.069700,1006220,https://shopping-phinf.pstatic.net/main_5446753/54467534719.20250428101816.jpg,LG전자,naver_shopping_search,디지털/가전,모니터,,,모니터,183.16940000000002,1.2751311081436092,183.16940000000002,1.2751311081436092,1027.6860000000001,889.35,47209.325625000005
NAVER_87966477770,LG 스마트TV 모니터 이동형 엘텐바이미 스탠바이미 80cm(32인치) FHD + 스탠드,디지털/가전 > 모니터,233.56500000000003,4.6,202.125,24,LG전자,LG전자인증점 DHCNC,False,https://smartstore.naver.com/main/products/10421972784,2025-09-23 00:52:04.069709,384800,https://shopping-phinf.pstatic.net/main_8796647/87966477770.6.jpg,LG전자,naver_shopping_search,디지털/가전,모니터,,,모니터,183.16940000000002,1.2751311081436092,183.16940000000002,1.2751311081436092,1074.3990000000001,929.775,47209.325625000005
NAVER_56261861715,LG전자 27U411A 68~69cm(27인치),디지털/가전 > 모니터,132.24,4.2,202.125,42,LG전자,네이버,False,https://search.shopping.naver.com/catalog/56261861715,2025-09-23 00:52:04.069717,178530,https://shopping-phinf.pstatic.net/main_5626186/56261861715.20250814142909.jpg,LG전자,naver_shopping_search,디지털/가전,모니터,,,모니터,183.16940000000002,0.7219546496303422,183.16940000000002,0.7219546496303422,555.408,848.9250000000001,26729.010000000002
NAVER_52817560402,삼성전자 오디세이 G4 LS27BG400 68~69cm(27인치),디지털/가전 > 모니터,226.44,4.4,199.0,26,오디세이,네이버,False,https://search.shopping.naver.com/catalog/52817560402,2025-09-23 00:52:04.069724,305700,https://shopping-phinf.pstatic.net/main_5281756/52817560402.20250214142404.jpg,삼성전자,naver_shopping_search,디지털/가전,모니터,,,모니터,183.16940000000002,1.2362326895212845,183.16940000000002,1.2362326895212845,996.3360000000001,875.6,45061.56
NAVER_56261799165,LG전자 24U411A 59~61cm(24인치),디지털/가전 > 모니터,108.67,4.6,187.0,44,LG전자,네이버,False,https://search.shopping.naver.com/catalog/56261799165,2025-09-23 00:52:04.069732,146700,https://shopping-phinf.pstatic.net/main_5626179/56261799165.20250814142742.jpg,LG전자,naver_shopping_search,디지털/가전,모니터,,,모니터,183.16940000000002,0.5932759511141052,183.16940000000002,0.5932759511141052,499.88199999999995,860.1999999999999,20321.29
NAVER_53001046632,삼성전자 뷰피니티 S7 80~81cm(32인치),디지털/가전 > 모니터,233.56500000000003,4.4,202.125,30,뷰피니티,네이버,False,https://search.shopping.naver.com/catalog/53001046632,2025-09-23 00:52:04.069739,349000,https://shopping-phinf.pstatic.net/main_5300104/53001046632.20250528124854.jpg,삼성전자,naver_shopping_search,디지털/가전,모니터,,,모니터,183.16940000000002,1.2751311081436092,183.16940000000002,1.2751311081436092,1027.6860000000001,889.35,47209.325625000005
NAVER_54212855680,한성컴퓨터 TFG27F14P2 68~69cm(27인치),디지털/가전 > 모니터,102.96,4.3,199.0,42,한성컴퓨터,네이버,False,https://search.shopping.naver.com/catalog/54212855680,2025-09-23 00:52:04.069746,139000,https://shopping-phinf.pstatic.net/main_5421285/54212855680.20250415153249.jpg,한성컴퓨터,naver_shopping_search,디지털/가전,모니터,,,모니터,183.16940000000002,0.562102621944495,183.16940000000002,0.562102621944495,442.72799999999995,855.6999999999999,20489.039999999997
NAVER_52611765708,LG전자 울트라기어 27GP750 68~69cm(27인치),디지털/가전 > 모니터,233.56500000000003,4.6,202.125,47,울트라기어,네이버,False,https://search.shopping.naver.com/catalog/52611765708,2025-09-23 00:52:04.069753,383640,https://shopping-phinf.pstatic.net/main_5261176/52611765708.20250123103415.jpg,LG전자,naver_shopping_search,디지털/가전,모니터,,,모니터,183.16940000000002,1.2751311081436092,183.16940000000002,1.2751311081436092,1074.3990000000001,929.775,47209.325625000005
NAVER_88976903535,LG 2세대룸앤TV 68.6cm(27인치) 이동식 스마트TV 소형 캠핑용 스탠바이미 화이트,디지털/가전 > 모니터,233.56500000000003,4.6,109.0,47,LG전자,LG전자인증점 지오비전,False,https://smartstore.naver.com/main/products/11432393170,2025-09-23 00:52:04.069761,369000,https://shopping-phinf.pstatic.net/main_8897690/88976903535.3.jpg,LG전자,naver_shopping_search,디지털/가전,모니터,,,모니터,183.16940000000002,1.2751311081436092,183.16940000000002,1.2751311081436092,1074.3990000000001,501.4,25458.585000000003
NAVER_54028051378,LG전자 32U631A 80~81cm(32인치),디지털/가전 > 모니터,233.56500000000003,4.4,83.0,13,LG전자,네이버,False,https://search.shopping.naver.com/catalog/54028051378,2025-09-23 00:52:04.069768,326900,https://shopping-phinf.pstatic.net/main_5402805/54028051378.20250407173715.jpg,LG전자,naver_shopping_search,디지털/가전,모니터,,,모니터,183.16940000000002,1.2751311081436092,183.16940000000002,1.2751311081436092,1027.6860000000001,365.20000000000005,19385.895
NAVER_52817368418,삼성전자 오디세이 Neo G7 LS43CG700 108~110cm(43인치),디지털/가전 > 모니터,233.56500000000003,4.4,202.125,36,오디세이,네이버,False,https://search.shopping.naver.com/catalog/52817368418,2025-09-23 00:52:04.069776,948160,https://shopping-phinf.pstatic.net/main_5281736/52817368418.20250205092241.jpg,삼성전자,naver_shopping_search,디지털/가전,모니터,,,모니터,183.16940000000002,1.2751311081436092,183.16940000000002,1.2751311081436092,1027.6860000000001,889.35,47209.325625000005
NAVER_52817560577,삼성전자 오디세이 G4 LS25BG400 62~64cm(25인치),디지털/가전 > 모니터,191.85,4.3,114.0,39,오디세이,네이버,False,https://search.shopping.naver.com/catalog/52817560577,2025-09-23 00:52:04.069784,259000,https://shopping-phinf.pstatic.net/main_5281756/52817560577.20250214142427.jpg,삼성전자,naver_shopping_search,디지털/가전,모니터,,,모니터,183.16940000000002,1.0473911035358525,183.16940000000002,1.0473911035358525,824.9549999999999,490.2,21870.899999999998
NAVER_53411295700,일렉싱크 S15A 38~40cm(15인치),디지털/가전 > 모니터,73.33,4.1,59.0,62,일렉싱크,네이버,False,https://search.shopping.naver.com/catalog/53411295700,2025-09-23 00:52:04.069792,99000,https://shopping-phinf.pstatic.net/main_5341129/53411295700.20250311170354.jpg,일렉싱크,naver_shopping_search,디지털/가전,모니터,,,모니터,183.16940000000002,0.40033979474737585,183.16940000000002,0.40033979474737585,300.65299999999996,241.89999999999998,4326.47
NAVER_53806098369,크로스오버존 크로스오버 24G120 59~61cm(24인치),디지털/가전 > 모니터,64.44,4.4,31.0,73,크로스오버,네이버,False,https://search.shopping.naver.com/catalog/53806098369,2025-09-23 00:52:04.069800,87000,https://shopping-phinf.pstatic.net/main_5380609/53806098369.20250327140959.jpg,크로스오버존,naver_shopping_search,디지털/가전,모니터,,,모니터,183.16940000000002,0.3518054871610651,183.16940000000002,0.3518054871610651,283.536,136.4,1997.6399999999999
NAVER_53805874273,크로스오버존 크로스오버 2750IPS 68~69cm(27인치),디지털/가전 > 모니터,106.67,4.6,202.125,18,크로스오버,네이버,False,https://search.shopping.naver.com/catalog/53805874273,2025-09-23 00:52:04.069807,144000,https://shopping-phinf.pstatic.net/main_5380587/53805874273.20250327133302.jpg,크로스오버존,naver_shopping_search,디지털/가전,모니터,,,모니터,183.16940000000002,0.5823570967639791,183.16940000000002,0.5823570967639791,490.68199999999996,929.775,21560.67375
NAVER_52685881336,LG전자 32MN500M 80~81cm(32인치),디지털/가전 > 모니터,171.0,4.5,111.0,43,LG전자,네이버,False,https://search.shopping.naver.com/catalog/52685881336,2025-09-23 00:52:04.069817,230850,https://shopping-phinf.pstatic.net/main_5268588/52685881336.20250127114818.jpg,LG전자,naver_shopping_search,디지털/가전,모니터,,,모니터,183.16940000000002,0.9335620469357871,183.16940000000002,0.9335620469357871,769.5,499.5,18981.0
NAVER_52630719175,삼성전자 오디세이 G5 LS32CG550 80~81cm(32인치),디지털/가전 > 모니터,221.28,4.6,202.125,11,오디세이,네이버,False,https://search.shopping.naver.com/catalog/52630719175,2025-09-23 00:52:04.069824,298730,https://shopping-phinf.pstatic.net/main_5263071/52630719175.20250123153612.jpg,삼성전자,naver_shopping_search,디지털/가전,모니터,,,모니터,183.16940000000002,1.208062045297959,183.16940000000002,1.208062045297959,1017.8879999999999,929.775,44726.22
NAVER_54981646407,크로스오버존 크로스오버 27QD166CM QHD iPS USB-C 화이트 Ai 멀티스탠드 68~69cm(27인치),디지털/가전 > 모니터,132.36,4.4,201.0,23,크로스오버,네이버,False,https://search.shopping.naver.com/catalog/54981646407,2025-09-23 00:52:04.069832,178690,https://shopping-phinf.pstatic.net/main_5498164/54981646407.20250527123638.jpg,크로스오버존,naver_shopping_search,디지털/가전,모니터,,,모니터,183.16940000000002,0.7226097808913498,183.16940000000002,0.7226097808913498,582.3840000000001,884.4000000000001,26604.360000000004
NAVER_52631098550,벤큐 XL2540K 240 무결점 62~64cm(25인치),디지털/가전 > 모니터,233.56500000000003,4.4,141.0,34,벤큐,네이버,False,https://search.shopping.naver.com/catalog/52631098550,2025-09-23 00:52:04.069839,499000,https://shopping-phinf.pstatic.net/main_5263109/52631098550.20250123164219.jpg,벤큐,naver_shopping_search,디지털/가전,모니터,,,모니터,183.16940000000002,1.2751311081436092,183.16940000000002,1.2751311081436092,1027.6860000000001,620.4000000000001,32932.665
NAVER_53787863632,카멜 CPM1530I 38~40cm(15인치),디지털/가전 > 모니터,73.43,3.9,39.0,25,카멜,네이버,False,https://search.shopping.naver.com/catalog/53787863632,2025-09-23 00:52:04.069846,99130,https://shopping-phinf.pstatic.net/main_5378786/53787863632.20250703094210.jpg,카멜,naver_shopping_search,디지털/가전,모니터,,,모니터,183.16940000000002,0.4008857374648822,183.16940000000002,0.4008857374648822,286.377,152.1,2863.7700000000004
NAVER_52611014696,LG전자 27MR400 68~69cm(27인치),디지털/가전 > 모니터,128.07,4.3,202.125,30,LG전자,네이버,False,https://search.shopping.naver.com/catalog/52611014696,2025-09-23 00:52:04.069853,172900,https://shopping-phinf.pstatic.net/main_5261101/52611014696.20250122095044.jpg,LG전자,naver_shopping_search,디지털/가전,모니터,,,모니터,183.16940000000002,0.699188838310329,183.16940000000002,0.699188838310329,550.7009999999999,869.1374999999999,25886.14875
NAVER_52629659246,한성컴퓨터 TFG34Q10W 1500R 커브드 게이밍 리얼100 울트라와이드 86~87cm(34인치),디지털/가전 > 모니터,206.67,4.5,65.0,37,한성컴퓨터,네이버,False,https://search.shopping.naver.com/catalog/52629659246,2025-09-23 00:52:04.069861,279000,https://shopping-phinf.pstatic.net/main_5262965/52629659246.20250312174542.jpg,한성컴퓨터,naver_shopping_search,디지털/가전,모니터,,,모니터,183.16940000000002,1.1282998142702874,183.16940000000002,1.1282998142702874,930.015,292.5,13433.55
NAVER_87411263349,삼성 삼탠바이미 M5 80cm(32인치) 스마트TV 화이트에디션+전용스탠드 2in1거치대,디지털/가전 > 모니터,233.56500000000003,4.4,202.125,39,삼성,삼성공식파트너 오제앤에스,False,https://smartstore.naver.com/main/products/9866761076,2025-09-23 00:52:04.069869,419000,https://shopping-phinf.pstatic.net/main_8741126/87411263349.5.jpg,삼성전자,naver_shopping_search,디지털/가전,모니터,,,모니터,183.16940000000002,1.2751311081436092,183.16940000000002,1.2751311081436092,1027.6860000000001,889.35,47209.325625000005
NAVER_52611407566,LG전자 24MR400 59~61cm(24인치),디지털/가전 > 모니터,103.7,4.4,168.0,38,LG전자,네이버,False,https://search.shopping.naver.com/catalog/52611407566,2025-09-23 00:52:04.069876,139990,https://shopping-phinf.pstatic.net/main_5261140/52611407566.20250123103634.jpg,LG전자,naver_shopping_search,디지털/가전,모니터,,,모니터,183.16940000000002,0.5661425980540418,183.16940000000002,0.5661425980540418,456.28000000000003,739.2,17421.600000000002
NAVER_52685710238,LG전자 24MR400W 59~61cm(24인치),디지털/가전 > 모니터,106.51,4.3,159.0,26,LG전자,네이버,False,https://search.shopping.naver.com/catalog/52685710238,2025-09-23 00:52:04.069882,143790,https://shopping-phinf.pstatic.net/main_5268571/52685710238.20250127110807.jpg,LG전자,naver_shopping_search,디지털/가전,모니터,,,모니터,183.16940000000002,0.581483588415969,183.16940000000002,0.581483588415969,457.993,683.6999999999999,16935.09
NAVER_53016157336,삼성전자 스마트모니터 M7 M70D 80~81cm(32인치),디지털/가전 > 모니터,233.56500000000003,4.7,162.0,32,스마트모니터,네이버,False,https://search.shopping.naver.com/catalog/53016157336,2025-09-23 00:52:04.069890,455270,https://shopping-phinf.pstatic.net/main_5301615/53016157336.20250326120601.jpg,삼성전자,naver_shopping_search,디지털/가전,모니터,,,모니터,183.16940000000002,1.2751311081436092,183.16940000000002,1.2751311081436092,1097.7555000000002,761.4,37837.530000000006
NAVER_54190191974,삼성전자 삼성 LS27D400 68~69cm(27인치),디지털/가전 > 모니터,162.22,4.3,202.125,19,삼성,네이버,False,https://search.shopping.naver.com/catalog/54190191974,2025-09-23 00:52:04.069897,219000,https://shopping-phinf.pstatic.net/main_5419019/54190191974.20250707175310.jpg,삼성전자,naver_shopping_search,디지털/가전,모니터,,,모니터,183.16940000000002,0.8856282763387333,183.16940000000002,0.8856282763387333,697.5459999999999,869.1374999999999,32788.7175
NAVER_52611630547,삼성전자 2023 스마트모니터 M5 M50C S27CM501 68~69cm(27인치),디지털/가전 > 모니터,198.52,4.4,202.125,36,스마트모니터,네이버,False,https://search.shopping.naver.com/catalog/52611630547,2025-09-23 00:52:04.069906,268000,https://shopping-phinf.pstatic.net/main_5261163/52611630547.20250122113751.jpg,삼성전자,naver_shopping_search,디지털/가전,모니터,,,모니터,183.16940000000002,1.0838054827935233,183.16940000000002,1.0838054827935233,873.4880000000002,889.35,40125.855
NAVER_56665458159,LG전자 울트라기어 27G411A 68~69cm(27인치),디지털/가전 > 모니터,147.41,4.5,108.0,20,울트라기어,네이버,False,https://search.shopping.naver.com/catalog/56665458159,2025-09-23 00:52:04.069913,199000,https://shopping-phinf.pstatic.net/main_5666545/56665458159.20250910105409.jpg,LG전자,naver_shopping_search,디지털/가전,모니터,,,모니터,183.16940000000002,0.8047741598760491,183.16940000000002,0.8047741598760491,663.345,486.0,15920.279999999999
NAVER_52685830869,일렉싱크 휴대용 터치 보조 모니터 FHD 서브 덱스 미러링 45~46cm(18인치),디지털/가전 > 모니터,147.41,4.6,64.0,42,일렉싱크,네이버,False,https://search.shopping.naver.com/catalog/52685830869,2025-09-23 00:52:04.069921,199000,https://shopping-phinf.pstatic.net/main_5268583/52685830869.20250127112423.jpg,일렉싱크,naver_shopping_search,디지털/가전,모니터,,,모니터,183.16940000000002,0.8047741598760491,183.16940000000002,0.8047741598760491,678.0859999999999,294.4,9434.24
NAVER_56370152626,한성컴퓨터 TFG27Q14P2 68~69cm(27인치),디지털/가전 > 모니터,140.0,4.4,145.0,11,한성컴퓨터,네이버,False,https://search.shopping.naver.com/catalog/56370152626,2025-09-23 00:52:04.069929,189000,https://shopping-phinf.pstatic.net/main_5637015/56370152626.20250821140728.jpg,한성컴퓨터,naver_shopping_search,디지털/가전,모니터,,,모니터,183.16940000000002,0.7643198045088316,183.16940000000002,0.7643198045088316,616.0,638.0,20300.0
NAVER_56771158791,LG전자 울트라기어 LG 스탠바이미 2 27LX6TPGA,디지털/가전 > 모니터,233.56500000000003,4.3,202.125,16,울트라기어,네이버,False,https://search.shopping.naver.com/catalog/56771158791,2025-09-23 00:52:04.069936,1108420,https://shopping-phinf.pstatic.net/main_5677115/56771158791.20250917121846.jpg,LG전자,naver_shopping_search,디지털/가전,모니터,,,모니터,183.16940000000002,1.2751311081436092,183.16940000000002,1.2751311081436092,1004.3295,869.1374999999999,47209.325625000005
NAVER_53788538605,삼성전자 오디세이 G9 LS49CG954 123~124cm(49인치),디지털/가전 > 모니터,233.56500000000003,4.3,160.0,11,오디세이,네이버,False,https://search.shopping.naver.com/catalog/53788538605,2025-09-23 00:52:04.069943,1194610,https://shopping-phinf.pstatic.net/main_5378853/53788538605.20250326162303.jpg,삼성전자,naver_shopping_search,디지털/가전,모니터,,,모니터,183.16940000000002,1.2751311081436092,183.16940000000002,1.2751311081436092,1004.3295,688.0,37370.4
NAVER_54190204278,삼성전자 삼성 LS24D400 59~61cm(24인치),디지털/가전 > 모니터,147.41,4.3,87.0,46,삼성,네이버,False,https://search.shopping.naver.com/catalog/54190204278,2025-09-23 00:52:04.069951,199000,https://shopping-phinf.pstatic.net/main_5419020/54190204278.20250707175730.jpg,삼성전자,naver_shopping_search,디지털/가전,모니터,,,모니터,183.16940000000002,0.8047741598760491,183.16940000000002,0.8047741598760491,633.8629999999999,374.09999999999997,12824.67
NAVER_87818025087,삼성 107.9cm(43인치) IPTV 삼탠바이미 M7 4세대 이동식스탠드 블랙패키지,디지털/가전 > 모니터,233.56500000000003,4.6,93.0,19,삼성,삼성스마트쇼핑스토어,False,https://smartstore.naver.com/main/products/10273521263,2025-09-23 00:52:04.069958,599000,https://shopping-phinf.pstatic.net/main_8781802/87818025087.1.jpg,삼성전자,naver_shopping_search,디지털/가전,모니터,,,모니터,183.16940000000002,1.2751311081436092,183.16940000000002,1.2751311081436092,1074.3990000000001,427.79999999999995,21721.545000000002
NAVER_52939324067,삼성전자 삼성 LF24T450 59~61cm(24인치),디지털/가전 > 모니터,147.33,4.6,59.0,35,삼성,네이버,False,https://search.shopping.naver.com/catalog/52939324067,2025-09-23 00:52:04.069965,198900,https://shopping-phinf.pstatic.net/main_5293932/52939324067.20250211172203.jpg,삼성전자,naver_shopping_search,디지털/가전,모니터,,,모니터,183.16940000000002,0.804337405702044,183.16940000000002,0.804337405702044,677.718,271.4,8692.470000000001
NAVER_54724581424,LG전자 스마트모니터 27U731SAW 68~69cm(27인치),디지털/가전 > 모니터,233.56500000000003,4.2,132.0,15,LG전자,네이버,False,https://search.shopping.naver.com/catalog/54724581424,2025-09-23 00:52:04.069976,338590,https://shopping-phinf.pstatic.net/main_5472458/54724581424.20250512170104.jpg,LG전자,naver_shopping_search,디지털/가전,모니터,,,모니터,183.16940000000002,1.2751311081436092,183.16940000000002,1.2751311081436092,980.9730000000002,554.4,30830.58
NAVER_53786028479,프리플로우 Vuti24F18PF 59~61cm(24인치),디지털/가전 > 모니터,96.22,4.4,36.0,36,프리플로우,네이버,False,https://search.shopping.naver.com/catalog/53786028479,2025-09-23 00:52:04.069983,129900,https://shopping-phinf.pstatic.net/main_5378602/53786028479.20250326112536.jpg,프리플로우,naver_shopping_search,디지털/가전,모니터,,,모니터,183.16940000000002,0.5253060827845698,183.16940000000002,0.5253060827845698,423.36800000000005,158.4,3463.92
NAVER_52926665757,무빙큐빅스 스마트 삼탠바이미 SET 이동식 tv 거치대 스탠바이미,디지털/가전 > 모니터,176.18,4.6,140.0,27,Unknown,쿠팡,False,https://link.coupang.com/re/PCSNAVERPCSDP?pageKey=5180440299&ctag=5180440299&lptag=l5277094402930&itemId=09209354747&vendorItemId=88741950221&spec=10305198,2025-09-23 00:52:04.069991,237840,https://shopping-phinf.pstatic.net/main_5292666/52926665757.5.jpg,Unknown,naver_shopping_search,디지털/가전,모니터,,,모니터,183.16940000000002,0.961841879702614,183.16940000000002,0.961841879702614,810.428,644.0,24665.2
NAVER_54027878305,LG전자 27U631A 68~69cm(27인치),디지털/가전 > 모니터,199.16,4.5,106.0,26,LG전자,네이버,False,https://search.shopping.naver.com/catalog/54027878305,2025-09-23 00:52:04.069998,268870,https://shopping-phinf.pstatic.net/main_5402787/54027878305.20250411143201.jpg,LG전자,naver_shopping_search,디지털/가전,모니터,,,모니터,183.16940000000002,1.0872995161855636,183.16940000000002,1.0872995161855636,896.22,477.0,21110.96
NAVER_52817541654,크로스오버존 크로스오버 32QD200GM 80~81cm(32인치),디지털/가전 > 모니터,206.67,4.7,202.125,38,크로스오버,네이버,False,https://search.shopping.naver.com/catalog/52817541654,2025-09-23 00:52:04.070005,279000,https://shopping-phinf.pstatic.net/main_5281754/52817541654.20250205095251.jpg,크로스오버존,naver_shopping_search,디지털/가전,모니터,,,모니터,183.16940000000002,1.1282998142702874,183.16940000000002,1.1282998142702874,971.3489999999999,949.9875000000001,41773.173749999994
NAVER_86171111025,LG전자 울트라와이드 모니터 86cm 160Hz HDR 고해상도 WQHD 21:9 멀티태스킹 스피커 내장 높낮이 조절 기능 커브드 업무용 사무용 가정용 게이밍 PC 컴퓨터 모니터,디지털/가전 > 모니터,233.56500000000003,4.4,202.125,22,LG전자,모니터 전문 정품 판매점,False,https://smartstore.naver.com/main/products/8626610702,2025-09-23 00:52:04.070016,469000,https://shopping-phinf.pstatic.net/main_8617111/86171111025.2.jpg,LG전자,naver_shopping_search,디지털/가전,모니터,,,모니터,183.16940000000002,1.2751311081436092,183.16940000000002,1.2751311081436092,1027.6860000000001,889.35,47209.325625000005
NAVER_52685881356,LG전자 울트라기어 32GN50R 80~81cm(32인치),디지털/가전 > 모니터,219.76,4.8,202.125,31,울트라기어,네이버,False,https://search.shopping.naver.com/catalog/52685881356,2025-09-23 00:52:04.070024,296670,https://shopping-phinf.pstatic.net/main_5268588/52685881356.20250127115047.jpg,LG전자,naver_shopping_search,디지털/가전,모니터,,,모니터,183.16940000000002,1.199763715991863,183.16940000000002,1.199763715991863,1054.848,970.1999999999999,44418.99
NAVER_52685879980,앱코 LPC34Q165D 86~87cm(34인치),디지털/가전 > 모니터,221.48,4.5,202.125,19,앱코,네이버,False,https://search.shopping.naver.com/catalog/52685879980,2025-09-23 00:52:04.070031,299000,https://shopping-phinf.pstatic.net/main_5268587/52685879980.20250127113534.jpg,앱코,naver_shopping_search,디지털/가전,모니터,,,모니터,183.16940000000002,1.2091539307329715,183.16940000000002,1.2091539307329715,996.66,909.5625,44766.645
NAVER_53350122759,벤큐 GW2791 무결점 68~69cm(27인치),디지털/가전 > 모니터,117.78,4.6,202.125,19,벤큐,네이버,False,https://search.shopping.naver.com/catalog/53350122759,2025-09-23 00:52:04.070038,159000,https://shopping-phinf.pstatic.net/main_5335012/53350122759.20250304124807.jpg,벤큐,naver_shopping_search,디지털/가전,모니터,,,모니터,183.16940000000002,0.64301133267893,183.16940000000002,0.64301133267893,541.788,929.775,23806.2825
NAVER_52685879907,LG전자 32GS75Q 80~81cm(32인치),디지털/가전 > 모니터,233.56500000000003,4.3,202.125,10,LG전자,네이버,False,https://search.shopping.naver.com/catalog/52685879907,2025-09-23 00:52:04.070044,450550,https://shopping-phinf.pstatic.net/main_5268587/52685879907.20250127113220.jpg,LG전자,naver_shopping_search,디지털/가전,모니터,,,모니터,183.16940000000002,1.2751311081436092,183.16940000000002,1.2751311081436092,1004.3295,869.1374999999999,47209.325625000005
NAVER_52629662400,한성컴퓨터 ULTRON 2760G PLUS 리얼 180 68~69cm(27인치),디지털/가전 > 모니터,117.78,4.2,202.125,39,한성컴퓨터,네이버,False,https://search.shopping.naver.com/catalog/52629662400,2025-09-23 00:52:04.070052,159000,https://shopping-phinf.pstatic.net/main_5262966/52629662400.20250213173306.jpg,한성컴퓨터,naver_shopping_search,디지털/가전,모니터,,,모니터,183.16940000000002,0.64301133267893,183.16940000000002,0.64301133267893,494.67600000000004,848.9250000000001,23806.2825
NAVER_52630625791,LG전자 27QN600 68~69cm(27인치),디지털/가전 > 모니터,199.26,4.4,123.0,46,LG전자,네이버,False,https://search.shopping.naver.com/catalog/52630625791,2025-09-23 00:52:04.070058,269000,https://shopping-phinf.pstatic.net/main_5263062/52630625791.20250123153225.jpg,LG전자,naver_shopping_search,디지털/가전,모니터,,,모니터,183.16940000000002,1.08784545890307,183.16940000000002,1.08784545890307,876.744,541.2,24508.98
NAVER_52630720808,한성컴퓨터 TFG30F20W 울트라와이드 200 게이밍 75~76cm(30인치),디지털/가전 > 모니터,191.85,4.3,202.125,24,한성컴퓨터,네이버,False,https://search.shopping.naver.com/catalog/52630720808,2025-09-23 00:52:04.070065,259000,https://shopping-phinf.pstatic.net/main_5263072/52630720808.20250123154648.jpg,한성컴퓨터,naver_shopping_search,디지털/가전,모니터,,,모니터,183.16940000000002,1.0473911035358525,183.16940000000002,1.0473911035358525,824.9549999999999,869.1374999999999,38777.68125
NAVER_54113361446,삼성전자 오디세이 G9 (G91F) LS49FG910 123~124cm(49인치),디지털/가전 > 모니터,233.56500000000003,4.5,202.125,48,오디세이,네이버,False,https://search.shopping.naver.com/catalog/54113361446,2025-09-23 00:52:04.070073,1093990,https://shopping-phinf.pstatic.net/main_5411336/54113361446.20250411141122.jpg,삼성전자,naver_shopping_search,디지털/가전,모니터,,,모니터,183.16940000000002,1.2751311081436092,183.16940000000002,1.2751311081436092,1051.0425,909.5625,47209.325625000005
NAVER_53804347629,크로스오버존 크로스오버 27QD9GB 68~69cm(27인치),디지털/가전 > 모니터,110.37,4.3,184.0,31,크로스오버,네이버,False,https://search.shopping.naver.com/catalog/53804347629,2025-09-23 00:52:04.070081,149000,https://shopping-phinf.pstatic.net/main_5380434/53804347629.20250327112747.jpg,크로스오버존,naver_shopping_search,디지털/가전,모니터,,,모니터,183.16940000000002,0.6025569773117125,183.16940000000002,0.6025569773117125,474.591,791.1999999999999,20308.08
NAVER_52685710420,삼성전자 오디세이 G5 LS27DG500 68~69cm(27인치),디지털/가전 > 모니터,233.56500000000003,4.5,106.0,20,오디세이,네이버,False,https://search.shopping.naver.com/catalog/52685710420,2025-09-23 00:52:04.070088,340000,https://shopping-phinf.pstatic.net/main_5268571/52685710420.20250127111009.jpg,삼성전자,naver_shopping_search,디지털/가전,모니터,,,모니터,183.16940000000002,1.2751311081436092,183.16940000000002,1.2751311081436092,1051.0425,477.0,24757.890000000003
NAVER_53804121810,크로스오버존 크로스오버 27FD100S 68~69cm(27인치),디지털/가전 > 모니터,83.7,4.2,143.0,44,크로스오버,네이버,False,https://search.shopping.naver.com/catalog/53804121810,2025-09-23 00:52:04.070095,113000,https://shopping-phinf.pstatic.net/main_5380412/53804121810.20250327104732.jpg,크로스오버존,naver_shopping_search,디지털/가전,모니터,,,모니터,183.16940000000002,0.45695405455278004,183.16940000000002,0.45695405455278004,351.54,600.6,11969.1
NAVER_52818011141,인터픽셀 IP2746 68~69cm(27인치),디지털/가전 > 모니터,140.0,4.3,185.0,38,인터픽셀,네이버,False,https://search.shopping.naver.com/catalog/52818011141,2025-09-23 00:52:04.070102,189000,https://shopping-phinf.pstatic.net/main_5281801/52818011141.20250205112359.jpg,인터픽셀,naver_shopping_search,디지털/가전,모니터,,,모니터,183.16940000000002,0.7643198045088316,183.16940000000002,0.7643198045088316,602.0,795.5,25900.0
NAVER_52685881303,LG전자 32GS85Q 80~81cm(32인치),디지털/가전 > 모니터,233.56500000000003,4.4,202.125,11,LG전자,네이버,False,https://search.shopping.naver.com/catalog/52685881303,2025-09-23 00:52:04.070109,575000,https://shopping-phinf.pstatic.net/main_5268588/52685881303.20250127114603.jpg,LG전자,naver_shopping_search,디지털/가전,모니터,,,모니터,183.16940000000002,1.2751311081436092,183.16940000000002,1.2751311081436092,1027.6860000000001,889.35,47209.325625000005
NAVER_87154257622,와이드무빙뷰 화이트에디션 삼탠바이미 셋트 81cm(32인치) HD 스마트 이동식 TV 중소바이미 삼텐바이미 V1 셀프설치가능,디지털/가전 > 모니터,189.63,4.6,70.0,34,와이드뷰,와이드뷰,False,https://smartstore.naver.com/main/products/9609755352,2025-09-23 00:52:04.070118,256000,https://shopping-phinf.pstatic.net/main_8715425/87154257622.20.jpg,익스프레스럭코리아,naver_shopping_search,디지털/가전,모니터,,,모니터,183.16940000000002,1.0352711752072123,183.16940000000002,1.0352711752072123,872.2979999999999,322.0,13274.1
NAVER_53804113795,크로스오버존 크로스오버 320F75 80~81cm(32인치),디지털/가전 > 모니터,116.14,4.3,178.0,46,크로스오버,네이버,False,https://search.shopping.naver.com/catalog/53804113795,2025-09-23 00:52:04.070125,156790,https://shopping-phinf.pstatic.net/main_5380411/53804113795.20250327104311.jpg,크로스오버존,naver_shopping_search,디지털/가전,모니터,,,모니터,183.16940000000002,0.6340578721118264,183.16940000000002,0.6340578721118264,499.402,765.4,20672.920000000002
NAVER_55485255785,삼성전자 스마트모니터 M7 M70F 108~110cm(43인치),디지털/가전 > 모니터,233.56500000000003,4.3,202.125,22,스마트모니터,네이버,False,https://search.shopping.naver.com/catalog/55485255785,2025-09-23 00:52:04.070135,579000,https://shopping-phinf.pstatic.net/main_5548525/55485255785.20250625172332.jpg,삼성전자,naver_shopping_search,디지털/가전,모니터,,,모니터,183.16940000000002,1.2751311081436092,183.16940000000002,1.2751311081436092,1004.3295,869.1374999999999,47209.325625000005
NAVER_52630720690,LG전자 24GS60F 59~61cm(24인치),디지털/가전 > 모니터,162.17,4.8,202.125,45,LG전자,네이버,False,https://search.shopping.naver.com/catalog/52630720690,2025-09-23 00:52:04.070142,218930,https://shopping-phinf.pstatic.net/main_5263072/52630720690.20250123153924.jpg,LG전자,naver_shopping_search,디지털/가전,모니터,,,모니터,183.16940000000002,0.88535530497998,183.16940000000002,0.88535530497998,778.4159999999999,970.1999999999999,32778.611249999994
NAVER_53017059598,삼성전자 오디세이 G7 LS32DG700 80~81cm(32인치),디지털/가전 > 모니터,233.56500000000003,4.4,91.0,45,오디세이,네이버,False,https://search.shopping.naver.com/catalog/53017059598,2025-09-23 00:52:04.070149,702990,https://shopping-phinf.pstatic.net/main_5301705/53017059598.20250220161116.jpg,삼성전자,naver_shopping_search,디지털/가전,모니터,,,모니터,183.16940000000002,1.2751311081436092,183.16940000000002,1.2751311081436092,1027.6860000000001,400.40000000000003,21254.415
NAVER_56319731166,LG전자 울트라와이드 29U511A 73~74cm(29인치),디지털/가전 > 모니터,191.78,4.4,50.0,38,울트라와이드,네이버,False,https://search.shopping.naver.com/catalog/56319731166,2025-09-23 00:52:04.070156,258900,https://shopping-phinf.pstatic.net/main_5631973/56319731166.20250818150512.jpg,LG전자,naver_shopping_search,디지털/가전,모니터,,,모니터,183.16940000000002,1.047008943633598,183.16940000000002,1.047008943633598,843.8320000000001,220.00000000000003,9589.0
NAVER_52817541490,인터픽셀 IPU3212 80~81cm(32인치),디지털/가전 > 모니터,221.48,4.7,98.0,37,인터픽셀,네이버,False,https://search.shopping.naver.com/catalog/52817541490,2025-09-23 00:52:04.070163,299000,https://shopping-phinf.pstatic.net/main_5281754/52817541490.20250205094053.jpg,인터픽셀,naver_shopping_search,디지털/가전,모니터,,,모니터,183.16940000000002,1.2091539307329715,183.16940000000002,1.2091539307329715,1040.956,460.6,21705.039999999997
NAVER_52629662350,한성컴퓨터 ULTRON 2460G PLUS 리얼 144 게이밍 59~61cm(24인치),디지털/가전 > 모니터,95.56,4.3,103.0,54,한성컴퓨터,네이버,False,https://search.shopping.naver.com/catalog/52629662350,2025-09-23 00:52:04.070171,129000,https://shopping-phinf.pstatic.net/main_5262966/52629662350.20250123141255.jpg,한성컴퓨터,naver_shopping_search,디지털/가전,모니터,,,모니터,183.16940000000002,0.5217028608490282,183.16940000000002,0.5217028608490282,410.908,442.9,9842.68
NAVER_52857480561,LG전자 32GS95UV 80~81cm(32인치),디지털/가전 > 모니터,233.56500000000003,4.8,202.125,26,LG전자,네이버,False,https://search.shopping.naver.com/catalog/52857480561,2025-09-23 00:52:04.070178,1427550,https://shopping-phinf.pstatic.net/main_5285748/52857480561.20250206164557.jpg,LG전자,naver_shopping_search,디지털/가전,모니터,,,모니터,183.16940000000002,1.2751311081436092,183.16940000000002,1.2751311081436092,1121.112,970.1999999999999,47209.325625000005
NAVER_55485314120,삼성전자 스마트모니터 M7 M70F 80~81cm(32인치),디지털/가전 > 모니터,233.56500000000003,4.3,151.0,31,스마트모니터,네이버,False,https://search.shopping.naver.com/catalog/55485314120,2025-09-23 00:52:04.070185,459000,https://shopping-phinf.pstatic.net/main_5548531/55485314120.20250821091921.jpg,삼성전자,naver_shopping_search,디지털/가전,모니터,,,모니터,183.16940000000002,1.2751311081436092,183.16940000000002,1.2751311081436092,1004.3295,649.3,35268.315
NAVER_52685728199,한성컴퓨터 ULTRON 4977SUC 울트라와이드 123~124cm(49인치),디지털/가전 > 모니터,233.56500000000003,4.7,99.0,34,한성컴퓨터,네이버,False,https://search.shopping.naver.com/catalog/52685728199,2025-09-23 00:52:04.070193,679000,https://shopping-phinf.pstatic.net/main_5268572/52685728199.20250127111759.jpg,한성컴퓨터,naver_shopping_search,디지털/가전,모니터,,,모니터,183.16940000000002,1.2751311081436092,183.16940000000002,1.2751311081436092,1097.7555000000002,465.3,23122.935
NAVER_53901496942,삼성전자 고해상도 뷰피니티 S6 LS34C650T 86~87cm(34인치),디지털/가전 > 모니터,233.56500000000003,4.3,89.0,49,뷰피니티,네이버,False,https://search.shopping.naver.com/catalog/53901496942,2025-09-23 00:52:04.070200,699000,https://shopping-phinf.pstatic.net/main_5390149/53901496942.20250401122357.jpg,삼성전자,naver_shopping_search,디지털/가전,모니터,,,모니터,183.16940000000002,1.2751311081436092,183.16940000000002,1.2751311081436092,1004.3295,382.7,20787.285000000003
NAVER_56664909955,일렉싱크 휴대용 모니터 FHD 터치 서브 보조 덱스 미러링 25~27cm(10인치),디지털/가전 > 모니터,100.39,4.4,113.0,45,일렉싱크,네이버,False,https://search.shopping.naver.com/catalog/56664909955,2025-09-23 00:52:04.070208,135520,https://shopping-phinf.pstatic.net/main_5666490/56664909955.20250910091648.jpg,일렉싱크,naver_shopping_search,디지털/가전,모니터,,,모니터,183.16940000000002,0.5480718941045829,183.16940000000002,0.5480718941045829,441.71600000000007,497.20000000000005,11344.07
NAVER_52630304623,LG전자 울트라기어 27GS50F 68~69cm(27인치),디지털/가전 > 모니터,162.22,4.6,174.0,10,울트라기어,네이버,False,https://search.shopping.naver.com/catalog/52630304623,2025-09-23 00:52:04.070215,219000,https://shopping-phinf.pstatic.net/main_5263030/52630304623.20250123152058.jpg,LG전자,naver_shopping_search,디지털/가전,모니터,,,모니터,183.16940000000002,0.8856282763387333,183.16940000000002,0.8856282763387333,746.212,800.4,28226.28
NAVER_52921627552,인터픽셀 IP2420 59~61cm(24인치),디지털/가전 > 모니터,125.19,4.6,50.0,27,인터픽셀,네이버,False,https://search.shopping.naver.com/catalog/52921627552,2025-09-23 00:52:04.070222,169000,https://shopping-phinf.pstatic.net/main_5292162/52921627552.20250210120441.jpg,인터픽셀,naver_shopping_search,디지털/가전,모니터,,,모니터,183.16940000000002,0.6834656880461474,183.16940000000002,0.6834656880461474,575.8739999999999,229.99999999999997,6259.5
NAVER_82916592158,삼성전자 오디세이 G5 C34G55T 86.4cm 게이밍모니터 WQHD 165Hz,디지털/가전 > 모니터,233.56500000000003,4.5,74.0,48,오디세이,삼성인증모니터파트너,False,https://smartstore.naver.com/main/products/5372099024,2025-09-23 00:52:04.070230,359000,https://shopping-phinf.pstatic.net/main_8291659/82916592158.16.jpg,삼성전자,naver_shopping_search,디지털/가전,모니터,,,모니터,183.16940000000002,1.2751311081436092,183.16940000000002,1.2751311081436092,1051.0425,333.0,17283.81
NAVER_89077688178,(10%카드할인) LG 스탠바이미2 스마트 터치스크린 이동식 TV 스탠드거치대 2세대,디지털/가전 > 모니터,233.56500000000003,4.4,202.125,48,LG전자,LG전자인증점 신영플러스,False,https://smartstore.naver.com/main/products/11533177772,2025-09-23 00:52:04.070239,1229000,https://shopping-phinf.pstatic.net/main_8907768/89077688178.2.jpg,LG전자,naver_shopping_search,디지털/가전,모니터,,,모니터,183.16940000000002,1.2751311081436092,183.16940000000002,1.2751311081436092,1027.6860000000001,889.35,47209.325625000005
NAVER_53939319217,한성컴퓨터 TFG24F14P2 59~61cm(24인치),디지털/가전 > 모니터,80.74,4.1,149.0,30,한성컴퓨터,네이버,False,https://search.shopping.naver.com/catalog/53939319217,2025-09-23 00:52:04.070245,109000,https://shopping-phinf.pstatic.net/main_5393931/53939319217.20250403143254.jpg,한성컴퓨터,naver_shopping_search,디지털/가전,모니터,,,모니터,183.16940000000002,0.4407941501145933,183.16940000000002,0.4407941501145933,331.03399999999993,610.9,12030.259999999998
NAVER_55814208431,크로스오버존 크로스오버 32QD100W 80~81cm(32인치),디지털/가전 > 모니터,165.62,4.8,159.0,13,크로스오버,네이버,False,https://search.shopping.naver.com/catalog/55814208431,2025-09-23 00:52:04.070252,223590,https://shopping-phinf.pstatic.net/main_5581420/55814208431.20250716103541.jpg,크로스오버존,naver_shopping_search,디지털/가전,모니터,,,모니터,183.16940000000002,0.9041903287339478,183.16940000000002,0.9041903287339478,794.976,763.1999999999999,26333.58
NAVER_89180300427,삼성모니터 68.8cm(27인치) S27C310EA 베젤리스 IPS 75Hz LED PC 모니터,디지털/가전 > 모니터,123.7,4.7,202.125,37,삼성,스마트 Inc,False,https://smartstore.naver.com/main/products/11635789982,2025-09-23 00:52:04.070261,167000,https://shopping-phinf.pstatic.net/main_8918030/89180300427.2.jpg,삼성전자,naver_shopping_search,디지털/가전,모니터,,,모니터,183.16940000000002,0.6753311415553034,183.16940000000002,0.6753311415553034,581.39,949.9875000000001,25002.8625
NAVER_52630778702,알파스캔 AOC Q32V3S 75 무결점 80~81cm(32인치),디지털/가전 > 모니터,210.18,4.7,202.125,45,알파스캔,네이버,False,https://search.shopping.naver.com/catalog/52630778702,2025-09-23 00:52:04.070268,283740,https://shopping-phinf.pstatic.net/main_5263077/52630778702.20250124125748.jpg,알파스캔,naver_shopping_search,디지털/가전,모니터,,,모니터,183.16940000000002,1.1474624036547587,183.16940000000002,1.1474624036547587,987.8460000000001,949.9875000000001,42482.6325
NAVER_52781190186,LG전자 울트라와이드 28MQ780 70~72cm(28인치),디지털/가전 > 모니터,233.56500000000003,4.6,92.0,14,울트라와이드,네이버,False,https://search.shopping.naver.com/catalog/52781190186,2025-09-23 00:52:04.070276,655920,https://shopping-phinf.pstatic.net/main_5278119/52781190186.20250203154511.jpg,LG전자,naver_shopping_search,디지털/가전,모니터,,,모니터,183.16940000000002,1.2751311081436092,183.16940000000002,1.2751311081436092,1074.3990000000001,423.2,21487.980000000003
NAVER_52685879312,필립스 필립스모니터 27M2N5500 68~69cm(27인치),디지털/가전 > 모니터,218.16,4.5,202.125,23,필립스모니터,네이버,False,https://search.shopping.naver.com/catalog/52685879312,2025-09-23 00:52:04.070283,294520,https://shopping-phinf.pstatic.net/main_5268587/52685879312.20250127112957.jpg,필립스,naver_shopping_search,디지털/가전,모니터,,,모니터,183.16940000000002,1.191028632511762,183.16940000000002,1.191028632511762,981.72,909.5625,44095.59
NAVER_52685890042,LG전자 LG그램 16MR70 41~42cm(16인치),디지털/가전 > 모니터,228.27,4.5,141.0,29,LG그램,네이버,False,https://search.shopping.naver.com/catalog/52685890042,2025-09-23 00:52:04.070293,308160,https://shopping-phinf.pstatic.net/main_5268589/52685890042.20250127121953.jpg,LG전자,naver_shopping_search,디지털/가전,모니터,,,모니터,183.16940000000002,1.24622344125165,183.16940000000002,1.24622344125165,1027.2150000000001,634.5,32186.07
NAVER_52818494290,LG전자 울트라와이드 34WN750 86~87cm(34인치),디지털/가전 > 모니터,233.56500000000003,4.6,108.0,24,울트라와이드,네이버,False,https://search.shopping.naver.com/catalog/52818494290,2025-09-23 00:52:04.070300,437160,https://shopping-phinf.pstatic.net/main_5281849/52818494290.20250205120626.jpg,LG전자,naver_shopping_search,디지털/가전,모니터,,,모니터,183.16940000000002,1.2751311081436092,183.16940000000002,1.2751311081436092,1074.3990000000001,496.79999999999995,25225.020000000004
NAVER_52780182772,LG전자 울트라기어 27GR83Q 68~69cm(27인치),디지털/가전 > 모니터,233.56500000000003,4.3,202.125,20,울트라기어,네이버,False,https://search.shopping.naver.com/catalog/52780182772,2025-09-23 00:52:04.070307,567060,https://shopping-phinf.pstatic.net/main_5278018/52780182772.20250220170509.jpg,LG전자,naver_shopping_search,디지털/가전,모니터,,,모니터,183.16940000000002,1.2751311081436092,183.16940000000002,1.2751311081436092,1004.3295,869.1374999999999,47209.325625000005
NAVER_52685881487,삼성전자 오디세이 Neo G9 LS57CG950 144~145cm(57인치),디지털/가전 > 모니터,233.56500000000003,4.7,58.0,47,오디세이,네이버,False,https://search.shopping.naver.com/catalog/52685881487,2025-09-23 00:52:04.070314,2368570,https://shopping-phinf.pstatic.net/main_5268588/52685881487.20250127115839.jpg,삼성전자,naver_shopping_search,디지털/가전,모니터,,,모니터,183.16940000000002,1.2751311081436092,183.16940000000002,1.2751311081436092,1097.7555000000002,272.6,13546.770000000002
NAVER_52818471242,MSI G274F 무결점 68~69cm(27인치),디지털/가전 > 모니터,128.37,4.7,137.0,32,MSI,네이버,False,https://search.shopping.naver.com/catalog/52818471242,2025-09-23 00:52:04.070321,173300,https://shopping-phinf.pstatic.net/main_5281847/52818471242.20250205113527.jpg,MSI,naver_shopping_search,디지털/가전,모니터,,,모니터,183.16940000000002,0.700826666462848,183.16940000000002,0.700826666462848,603.339,643.9,17586.690000000002
NAVER_54467534775,한성컴퓨터 TFG32F24V2 80~81cm(32인치),디지털/가전 > 모니터,162.22,4.4,83.0,31,한성컴퓨터,네이버,False,https://search.shopping.naver.com/catalog/54467534775,2025-09-23 00:52:04.070330,219000,https://shopping-phinf.pstatic.net/main_5446753/54467534775.20250428102142.jpg,한성컴퓨터,naver_shopping_search,디지털/가전,모니터,,,모니터,183.16940000000002,0.8856282763387333,183.16940000000002,0.8856282763387333,713.768,365.20000000000005,13464.26
NAVER_56639959205,유맥스 스테이온유 SU32TAB 81cm(32인치),디지털/가전 > 모니터,233.56500000000003,4.3,202.125,27,유맥스,네이버,False,https://search.shopping.naver.com/catalog/56639959205,2025-09-23 00:52:04.070338,539000,https://shopping-phinf.pstatic.net/main_5663995/56639959205.20250908221500.jpg,유맥스,naver_shopping_search,디지털/가전,모니터,,,모니터,183.16940000000002,1.2751311081436092,183.16940000000002,1.2751311081436092,1004.3295,869.1374999999999,47209.325625000005
NAVER_83829975908,스텐 업소용 물병 카페 물통 식당 냉장고 800ml,생활/건강 > 주방용품 > 보관/밀폐용기 > 물병,2.67,4.0,40.0,66,Unknown,와이제이바스켓,False,https://smartstore.naver.com/main/products/6285473419,2025-09-23 00:52:04.286944,3600,https://shopping-phinf.pstatic.net/main_8382997/83829975908.7.jpg,Unknown,naver_shopping_search,생활/건강,주방용품,보관/밀폐용기,물병,물통,9.1057,0.29322292629891167,9.1057,0.29322292629891167,10.68,160.0,106.8
NAVER_82102296729,스텐 업소용 물병 1L 냉장고 카페 식당 물통,생활/건강 > 주방용품 > 보관/밀폐용기 > 물병,2.89,4.3,10.0,35,바이굿즈,바이굿즈,False,https://smartstore.naver.com/main/products/4557776729,2025-09-23 00:52:04.286972,3900,https://shopping-phinf.pstatic.net/main_8210229/82102296729.3.jpg,Unknown,naver_shopping_search,생활/건강,주방용품,보관/밀폐용기,물병,물통,9.1057,0.3173836168553763,9.1057,0.3173836168553763,12.427,43.0,28.900000000000002
NAVER_82774215041,락앤락 트라이탄 물병 보틀 어린이 유치원 초등학생 물통 휴대용 비스프리 밸런스550ml,생활/건강 > 주방용품 > 보관/밀폐용기 > 물병,4.3,3.8,42.0,95,락앤락,유로키친,False,https://smartstore.naver.com/main/products/5229692798,2025-09-23 00:52:04.286984,5800,https://shopping-phinf.pstatic.net/main_8277421/82774215041.9.jpg,락앤락,naver_shopping_search,생활/건강,주방용품,보관/밀폐용기,물병,물통,9.1057,0.4722316790581723,9.1057,0.4722316790581723,16.34,159.6,180.6
NAVER_89472389231,[식약처합격] 소프트 플라스크 러닝 물통 등산 스포츠 트레일러닝 엑스뷰티 500,생활/건강 > 주방용품 > 보관/밀폐용기 > 물병,8.81,4.2,51.0,55,Unknown,ono market,False,https://smartstore.naver.com/main/products/11927878543,2025-09-23 00:52:04.286994,11900,https://shopping-phinf.pstatic.net/main_8947238/89472389231.2.jpg,Unknown,naver_shopping_search,생활/건강,주방용품,보관/밀폐용기,물병,물통,9.1057,0.9675258354656973,9.1057,0.9675258354656973,37.002,214.20000000000002,449.31
NAVER_87166826637,마이 보틀 에코 주문제작 물병 물통 트라이탄 눈금 판촉물 쉐이커 350ml,생활/건강 > 주방용품 > 보관/밀폐용기 > 물병,0.67,4.1,25.0,114,Unknown,프라이티마켓,False,https://smartstore.naver.com/main/products/9622324367,2025-09-23 00:52:04.287004,900,https://shopping-phinf.pstatic.net/main_8716682/87166826637.8.jpg,Unknown,naver_shopping_search,생활/건강,주방용품,보관/밀폐용기,물병,물통,9.1057,0.07358028487650592,9.1057,0.07358028487650592,2.747,102.49999999999999,16.75
NAVER_89183731473,rnrn 소프트플라스크 스포츠 등산 러닝물통 물병 250ml,생활/건강 > 주방용품 > 보관/밀폐용기 > 물병,10.22,3.8,48.0,119,RNRN,아이언빅,False,https://smartstore.naver.com/main/products/11639221017,2025-09-23 00:52:04.287015,13800,https://shopping-phinf.pstatic.net/main_8918373/89183731473.2.jpg,Unknown,naver_shopping_search,생활/건강,주방용품,보관/밀폐용기,물병,물통,9.1057,1.1223738976684934,9.1057,1.1223738976684934,38.836,182.39999999999998,490.56000000000006
NAVER_85380840034,트라이탄물병 보리차 냉장고 보틀 1L 물통,생활/건강 > 주방용품 > 보관/밀폐용기 > 물병,4.22,3.8,49.0,76,Unknown,살림의 힘,False,https://smartstore.naver.com/main/products/7836339712,2025-09-23 00:52:04.287025,5700,https://shopping-phinf.pstatic.net/main_8538084/85380840034.10.jpg,Unknown,naver_shopping_search,생활/건강,주방용품,보관/밀폐용기,물병,물통,9.1057,0.4634459734012761,9.1057,0.4634459734012761,16.035999999999998,186.2,206.78
NAVER_83085232376,락앤락 트라이탄 냉장고 차 물병 보리차 손잡이 물통 비스프리 모듈러 식탁 2.1L,생활/건강 > 주방용품 > 보관/밀폐용기 > 물병,9.19,3.6,7.0,85,락앤락,유로키친,False,https://smartstore.naver.com/main/products/5540736685,2025-09-23 00:52:04.287035,12400,https://shopping-phinf.pstatic.net/main_8308523/83085232376.1.jpg,락앤락,naver_shopping_search,생활/건강,주방용품,보관/밀폐용기,물병,물통,9.1057,1.0092579373359543,9.1057,1.0092579373359543,33.083999999999996,25.2,64.33
NAVER_82606772988,락앤락 내열 유리 물병 저그 냉장고 물통 카페 업소용 1.2L 메트로,생활/건강 > 주방용품 > 보관/밀폐용기 > 물병,12.44,3.7,55.0,102,락앤락,탑 플레이스,False,https://smartstore.naver.com/main/products/5062251454,2025-09-23 00:52:04.287045,16800,https://shopping-phinf.pstatic.net/main_8260677/82606772988.3.jpg,락앤락,naver_shopping_search,생활/건강,주방용품,보관/밀폐용기,물병,물통,9.1057,1.3661772296473635,9.1057,1.3661772296473635,46.028,203.5,684.1999999999999
NAVER_82708145238,1+1 락앤락 트라이탄 러닝 물통 스트랩 스포츠 물병 밸런스 보틀 550ml 블랙 화이트,생활/건강 > 주방용품 > 보관/밀폐용기 > 물병,8.52,4.1,54.0,108,락앤락,탑 플레이스,False,https://smartstore.naver.com/main/products/5163624140,2025-09-23 00:52:04.287062,11500,https://shopping-phinf.pstatic.net/main_8270814/82708145238.3.jpg,락앤락,naver_shopping_search,생활/건강,주방용품,보관/밀폐용기,물병,물통,9.1057,0.9356776524594483,9.1057,0.9356776524594483,34.931999999999995,221.39999999999998,460.08
NAVER_84540403682,날진 물통 1L 와이드 마우스 서스테인 콘플라워,생활/건강 > 주방용품 > 보관/밀폐용기 > 물병,12.15,3.9,100.0,42,날진,지포모아,False,https://smartstore.naver.com/main/products/6995903360,2025-09-23 00:52:04.287072,16400,https://shopping-phinf.pstatic.net/main_8454040/84540403682.4.jpg,날진,naver_shopping_search,생활/건강,주방용품,보관/밀폐용기,물병,물통,9.1057,1.3343290466411148,9.1057,1.3343290466411148,47.385,390.0,1215.0
NAVER_88299986475,Cirkul 써큘물병 미스트비스트물병 카트리지 보틀 물병 물맛을 바꿔주는 물통,생활/건강 > 주방용품 > 보관/밀폐용기 > 물병,18.89,4.1,88.0,117,Unknown,Besthall,False,https://smartstore.naver.com/main/products/10755480553,2025-09-23 00:52:04.287083,25500,https://shopping-phinf.pstatic.net/main_8829998/88299986475.2.jpg,Unknown,naver_shopping_search,생활/건강,주방용품,보관/밀폐용기,물병,물통,9.1057,2.074524748234622,9.1057,2.074524748234622,77.449,360.79999999999995,1662.3200000000002
NAVER_84270277586,헬킹콩 마그네틱 보틀 파우치 로고 헬스 자석 홀더 물병 가방 등산 물통 커버,생활/건강 > 주방용품 > 보관/밀폐용기 > 물병,21.41,4.2,90.0,109,Unknown,헬킹콩,False,https://smartstore.naver.com/main/products/6725777264,2025-09-23 00:52:04.287095,28900,https://shopping-phinf.pstatic.net/main_8427027/84270277586.7.jpg,Unknown,naver_shopping_search,생활/건강,주방용품,보관/밀폐용기,물병,물통,9.1057,2.351274476426853,9.1057,2.351274476426853,89.92200000000001,378.0,1926.9
NAVER_82092305362,락앤락 냉장고 물병 1+1 업소용 물통 플라스틱 한손에착 물병 1.4L,생활/건강 > 주방용품 > 보관/밀폐용기 > 물병,5.11,4.1,14.0,48,락앤락,탑 플레이스,False,https://smartstore.naver.com/main/products/4547781859,2025-09-23 00:52:04.287106,6900,https://shopping-phinf.pstatic.net/main_8209230/82092305362.7.jpg,락앤락,naver_shopping_search,생활/건강,주방용품,보관/밀폐용기,물병,물통,9.1057,0.5611869488342467,9.1057,0.5611869488342467,20.951,57.39999999999999,71.54
NAVER_80106780728,마이보틀 주문제작 눈금물병 슬림 트라이탄 물통 판촉물 500ml,생활/건강 > 주방용품 > 보관/밀폐용기 > 물병,2.22,3.6,53.0,66,Unknown,미스터송,False,https://smartstore.naver.com/main/products/2609037152,2025-09-23 00:52:04.287115,3000,https://shopping-phinf.pstatic.net/main_8010678/80106780728.25.jpg,Unknown,naver_shopping_search,생활/건강,주방용품,보관/밀폐용기,물병,물통,9.1057,0.24380333197887039,9.1057,0.24380333197887039,7.992000000000001,190.8,117.66000000000001
NAVER_82014042946,내열유리 냉장고 물병 1.2L 손잡이 스텐뚜껑 원형 물통 워터보틀,생활/건강 > 주방용품 > 보관/밀폐용기 > 물병,10.3,4.1,96.0,73,Unknown,김씨하우스,False,https://smartstore.naver.com/main/products/4469520042,2025-09-23 00:52:04.287125,13900,https://shopping-phinf.pstatic.net/main_8201404/82014042946.11.jpg,Unknown,naver_shopping_search,생활/건강,주방용품,보관/밀폐용기,물병,물통,9.1057,1.1311596033253897,9.1057,1.1311596033253897,42.23,393.59999999999997,988.8000000000001
NAVER_82478012386,업소용 PC 워터 피쳐 워터포트 물피쳐 물병 원형 물통 식당 카페 1.5L,생활/건강 > 주방용품 > 보관/밀폐용기 > 물병,3.3,3.9,75.0,42,Unknown,와이제이바스켓,False,https://smartstore.naver.com/main/products/4933488297,2025-09-23 00:52:04.287134,4450,https://shopping-phinf.pstatic.net/main_8247801/82478012386.7.jpg,Unknown,naver_shopping_search,생활/건강,주방용품,보관/밀폐용기,물병,물통,9.1057,0.36241035834696944,9.1057,0.36241035834696944,12.87,292.5,247.5
NAVER_89529102327,슬림 트라이탄 물병 냉장고 실리콘 마이 쉐이커 보틀 휴대용 보리차 물통 500ml,생활/건강 > 주방용품 > 보관/밀폐용기 > 물병,3.11,3.7,19.0,31,Unknown,살림의 힘,False,https://smartstore.naver.com/main/products/11984591639,2025-09-23 00:52:04.287144,4200,https://shopping-phinf.pstatic.net/main_8952910/89529102327.4.jpg,Unknown,naver_shopping_search,생활/건강,주방용품,보관/밀폐용기,물병,물통,9.1057,0.3415443074118409,9.1057,0.3415443074118409,11.507,70.3,59.089999999999996
NAVER_11049079713,1+1 키친아트 스텐물병 1.6L 업소용 가정용 식당 냉장고 물병 물통,생활/건강 > 주방용품 > 보관/밀폐용기 > 물병,11.7,3.5,65.0,117,키친아트,e파인드리빙,False,https://smartstore.naver.com/main/products/654809503,2025-09-23 00:52:04.287153,15800,https://shopping-phinf.pstatic.net/main_1104907/11049079713.jpg,키친아트,naver_shopping_search,생활/건강,주방용품,보관/밀폐용기,물병,물통,9.1057,1.2849094523210736,9.1057,1.2849094523210736,40.949999999999996,227.5,760.5
NAVER_86762191032,물마시는습관 700ml 트라이탄 물병 물통 보틀 운동 등산 헬스,생활/건강 > 주방용품 > 보관/밀폐용기 > 물병,9.19,4.2,92.0,62,덕힙,duckhip,False,https://smartstore.naver.com/main/products/9217690709,2025-09-23 00:52:04.287162,12400,https://shopping-phinf.pstatic.net/main_8676219/86762191032.6.jpg,Unknown,naver_shopping_search,생활/건강,주방용품,보관/밀폐용기,물병,물통,9.1057,1.0092579373359543,9.1057,1.0092579373359543,38.598,386.40000000000003,845.4799999999999
NAVER_84080243503,블랜더보틀 쉐이커 단백질 쉐이크통 헬스 물통 보틀 텀블러 클래식 20oz,생활/건강 > 주방용품 > 보관/밀폐용기 > 물병,9.56,4.0,74.0,102,블랜더보틀,에이디바이크,False,https://smartstore.naver.com/main/products/6535743170,2025-09-23 00:52:04.287172,12900,https://shopping-phinf.pstatic.net/main_8408024/84080243503.6.jpg,Unknown,naver_shopping_search,생활/건강,주방용품,보관/밀폐용기,물병,물통,9.1057,1.0498918259990995,9.1057,1.0498918259990995,38.24,296.0,707.44
NAVER_84212829893,아임핏 단백질 프로틴 쉐이커 보틀 쉐이크 통 헬스 물통 국내생산,생활/건강 > 주방용품 > 보관/밀폐용기 > 물병,9.26,3.7,97.0,39,아임핏,아임핏,False,https://smartstore.naver.com/main/products/6668329571,2025-09-23 00:52:04.287181,12500,https://shopping-phinf.pstatic.net/main_8421282/84212829893.4.jpg,Unknown,naver_shopping_search,생활/건강,주방용품,보관/밀폐용기,물병,물통,9.1057,1.0169454297857385,9.1057,1.0169454297857385,34.262,358.90000000000003,898.22
NAVER_85822710704,타파웨어 에코물통 310ml 유치원 물병 어린이집 초등학생,생활/건강 > 주방용품 > 보관/밀폐용기 > 물병,5.48,3.6,6.0,86,Unknown,왕도매 아울렛,False,https://smartstore.naver.com/main/products/8278210381,2025-09-23 00:52:04.287206,7400,https://shopping-phinf.pstatic.net/main_8582271/85822710704.4.jpg,Unknown,naver_shopping_search,생활/건강,주방용품,보관/밀폐용기,물병,물통,9.1057,0.6018208374973918,9.1057,0.6018208374973918,19.728,21.6,32.88
NAVER_82641791656,마이보틀 베이비 트라이탄 주문제작 물병 물통 미니 180ml,생활/건강 > 주방용품 > 보관/밀폐용기 > 물병,1.48,4.3,39.0,97,Unknown,미스터송,False,https://smartstore.naver.com/main/products/5097269754,2025-09-23 00:52:04.287215,2000,https://shopping-phinf.pstatic.net/main_8264179/82641791656.jpg,Unknown,naver_shopping_search,생활/건강,주방용품,보관/밀폐용기,물병,물통,9.1057,0.16253555465258024,9.1057,0.16253555465258024,6.364,167.7,57.72
NAVER_88342322698,제로웨이트33g 소프트 플라스크 스포츠 등산 러닝 물병 물통 500ml,생활/건강 > 주방용품 > 보관/밀폐용기 > 물병,10.3,3.9,42.0,56,제로웨이트,제로웨이트,False,https://smartstore.naver.com/main/products/10797816708,2025-09-23 00:52:04.287225,13900,https://shopping-phinf.pstatic.net/main_8834232/88342322698.2.jpg,Unknown,naver_shopping_search,생활/건강,주방용품,보관/밀폐용기,물병,물통,9.1057,1.1311596033253897,9.1057,1.1311596033253897,40.17,163.79999999999998,432.6
NAVER_84909646727,락앤락 내열 유리 물병 저그 카페 업소용 냉장고 물통 메트로 1.5L,생활/건강 > 주방용품 > 보관/밀폐용기 > 물병,16.89,4.3,49.0,50,락앤락,유로키친,False,https://smartstore.naver.com/main/products/7365146405,2025-09-23 00:52:04.287236,22800,https://shopping-phinf.pstatic.net/main_8490964/84909646727.3.jpg,락앤락,naver_shopping_search,생활/건강,주방용품,보관/밀폐용기,물병,물통,9.1057,1.8548821068122165,9.1057,1.8548821068122165,72.627,210.7,827.61
NAVER_89217010808,오니지 러닝 물통 소프트플라스크 오션 W20 500ml,생활/건강 > 주방용품 > 보관/밀폐용기 > 물병,11.11,3.7,61.0,31,오니지,오니지,False,https://smartstore.naver.com/main/products/11672500341,2025-09-23 00:52:04.287246,15000,https://shopping-phinf.pstatic.net/main_8921701/89217010808.jpg,오니지,naver_shopping_search,생활/건강,주방용품,보관/밀폐용기,물병,물통,9.1057,1.2201148731014637,9.1057,1.2201148731014637,41.107,225.70000000000002,677.7099999999999
NAVER_85510302776,대용량 쉐이크통 헬스물통 빅보틀 프로틴쉐이커 단백질 보충제 물통 물병 1L,생활/건강 > 주방용품 > 보관/밀폐용기 > 물병,5.78,3.5,80.0,62,Unknown,살림의 힘,False,https://smartstore.naver.com/main/products/7965802453,2025-09-23 00:52:04.287256,7800,https://shopping-phinf.pstatic.net/main_8551030/85510302776.jpg,Unknown,naver_shopping_search,생활/건강,주방용품,보관/밀폐용기,물병,물통,9.1057,0.6347672337107526,9.1057,0.6347672337107526,20.23,280.0,462.40000000000003
NAVER_82657199904,오슬로 미니보틀 작은물병 초등 가벼운 어린이물병 유치원물통 120ml,생활/건강 > 주방용품 > 보관/밀폐용기 > 물병,7.78,4.2,46.0,34,오슬로,무드in하우스,False,https://smartstore.naver.com/main/products/5112677858,2025-09-23 00:52:04.287266,10500,https://shopping-phinf.pstatic.net/main_8265719/82657199904.4.jpg,Unknown,naver_shopping_search,생활/건강,주방용품,보관/밀폐용기,물병,물통,9.1057,0.8544098751331584,9.1057,0.8544098751331584,32.676,193.20000000000002,357.88
NAVER_87256836732,1리터 물병 보틀 트라이탄 보리차 주문 제작 눈금 물통 업소용 카페 식당 냉장고 대용량,생활/건강 > 주방용품 > 보관/밀폐용기 > 물병,3.19,4.1,62.0,50,Unknown,프라이티마켓,False,https://smartstore.naver.com/main/products/9712334462,2025-09-23 00:52:04.287276,4300,https://shopping-phinf.pstatic.net/main_8725683/87256836732.5.jpg,Unknown,naver_shopping_search,생활/건강,주방용품,보관/밀폐용기,물병,물통,9.1057,0.3503300130687371,9.1057,0.3503300130687371,13.078999999999999,254.2,197.78
NAVER_85160918358,유리물병 1리터 루미낙 업소용 물통 가정용 손잡이 냉장고 물병 1L,생활/건강 > 주방용품 > 보관/밀폐용기 > 물병,5.11,3.8,85.0,89,루미낙,CUCERA,False,https://smartstore.naver.com/main/products/7616418036,2025-09-23 00:52:04.287286,6900,https://shopping-phinf.pstatic.net/main_8516091/85160918358.10.jpg,Unknown,naver_shopping_search,생활/건강,주방용품,보관/밀폐용기,물병,물통,9.1057,0.5611869488342467,9.1057,0.5611869488342467,19.418,323.0,434.35
NAVER_82161123886,락앤락 냉장고 물병 1+1 물통 플라스틱 업소용 식당 잡기쉬운 1.2L,생활/건강 > 주방용품 > 보관/밀폐용기 > 물병,4.07,3.7,59.0,83,락앤락,탑 플레이스,False,https://smartstore.naver.com/main/products/4616603591,2025-09-23 00:52:04.287295,5500,https://shopping-phinf.pstatic.net/main_8216112/82161123886.5.jpg,락앤락,naver_shopping_search,생활/건강,주방용품,보관/밀폐용기,물병,물통,9.1057,0.44697277529459567,9.1057,0.44697277529459567,15.059000000000001,218.3,240.13000000000002
NAVER_89135490137,락앤락 스쿨핏 스위치캡 보틀 트라이탄 물병 어린이 유치원 초등학생 원터치 물통 520ml,생활/건강 > 주방용품 > 보관/밀폐용기 > 물병,11.04,3.5,48.0,117,락앤락,유로키친,False,https://smartstore.naver.com/main/products/11590979731,2025-09-23 00:52:04.287305,14900,https://shopping-phinf.pstatic.net/main_8913549/89135490137.jpg,락앤락,naver_shopping_search,생활/건강,주방용품,보관/밀폐용기,물병,물통,9.1057,1.2124273806516797,9.1057,1.2124273806516797,38.64,168.0,529.92
NAVER_84570507163,르모네 어린이 물병 유치원 물통 초등학생 휴대용 미니보틀,생활/건강 > 주방용품 > 보관/밀폐용기 > 물병,8.3,4.1,29.0,95,르모네,르모네,False,https://smartstore.naver.com/main/products/7026006841,2025-09-23 00:52:04.287315,11200,https://shopping-phinf.pstatic.net/main_8457050/84570507163.jpg,Unknown,naver_shopping_search,생활/건강,주방용품,보관/밀폐용기,물병,물통,9.1057,0.9115169619029838,9.1057,0.9115169619029838,34.03,118.89999999999999,240.70000000000002
NAVER_84429070921,FNR INOXTO 소프트 플라스크 런닝물통 러닝 조깅 스포츠 물통,생활/건강 > 주방용품 > 보관/밀폐용기 > 물병,5.93,3.8,7.0,95,FNR,FNR,False,https://smartstore.naver.com/main/products/6884570599,2025-09-23 00:52:04.287325,8000,https://shopping-phinf.pstatic.net/main_8442907/84429070921.1.jpg,Unknown,naver_shopping_search,생활/건강,주방용품,보관/밀폐용기,물병,물통,9.1057,0.651240431817433,9.1057,0.651240431817433,22.534,26.599999999999998,41.51
NAVER_88104941968,서큘 물병 워터 보틀 카트리지 8종 키트 미스터비스트 물통,생활/건강 > 주방용품 > 보관/밀폐용기 > 물병,36.96,4.1,81.0,89,Unknown,케이트마켓,False,https://smartstore.naver.com/main/products/10560436459,2025-09-23 00:52:04.287334,49900,https://shopping-phinf.pstatic.net/main_8810494/88104941968.1.jpg,Unknown,naver_shopping_search,생활/건강,주방용품,보관/밀폐용기,물병,물통,9.1057,4.058996013486058,9.1057,4.058996013486058,151.536,332.09999999999997,2993.76
NAVER_85479253516,"타파웨어 에코물병 사각 1,000ml(1L) 학생물통 타파물병 사무실 운동용 헬스장 물통 진분홍",생활/건강 > 주방용품 > 보관/밀폐용기 > 물병,9.19,3.8,67.0,114,Unknown,왕도매 아울렛,False,https://smartstore.naver.com/main/products/7934753193,2025-09-23 00:52:04.287344,12400,https://shopping-phinf.pstatic.net/main_8547925/85479253516.3.jpg,Unknown,naver_shopping_search,생활/건강,주방용품,보관/밀폐용기,물병,물통,9.1057,1.0092579373359543,9.1057,1.0092579373359543,34.922,254.6,615.73
NAVER_56640046962,"날진 트라이탄 물통 1L, 레드",생활/건강 > 주방용품 > 보관/밀폐용기 > 물병,9.33,4.1,66.0,99,날진,네이버,False,https://search.shopping.naver.com/catalog/56640046962,2025-09-23 00:52:04.287353,12600,https://shopping-phinf.pstatic.net/main_5664004/56640046962.20250908143051.jpg,날진,naver_shopping_search,생활/건강,주방용품,보관/밀폐용기,물병,물통,9.1057,1.0246329222355228,9.1057,1.0246329222355228,38.253,270.59999999999997,615.78
NAVER_84570544104,블랜더보틀 스트라다 트라이탄 쉐이커 단백질 쉐이크통 헬스 물통 보틀 텀블러 24oz,생활/건강 > 주방용품 > 보관/밀폐용기 > 물병,14.74,4.2,44.0,117,블랜더보틀,에이디바이크,False,https://smartstore.naver.com/main/products/7026043782,2025-09-23 00:52:04.287363,19900,https://shopping-phinf.pstatic.net/main_8457054/84570544104.1.jpg,Unknown,naver_shopping_search,생활/건강,주방용품,보관/밀폐용기,물병,물통,9.1057,1.6187662672831302,9.1057,1.6187662672831302,61.908,184.8,648.5600000000001
NAVER_81901834112,락앤락 비스프리 냉장고 물병 트라이탄 카페 물통 저그 식당 업소용 손잡이 1.1L,생활/건강 > 주방용품 > 보관/밀폐용기 > 물병,4.37,4.2,39.0,78,락앤락,유로키친,False,https://smartstore.naver.com/main/products/4357312084,2025-09-23 00:52:04.287372,5900,https://shopping-phinf.pstatic.net/main_8190183/81901834112.10.jpg,락앤락,naver_shopping_search,생활/건강,주방용품,보관/밀폐용기,물병,물통,9.1057,0.47991917150795654,9.1057,0.47991917150795654,18.354000000000003,163.8,170.43
NAVER_89534485876,타파웨어 에코보틀 350ml(1) 유아용 유치원 초등학생물통 물병,생활/건강 > 주방용품 > 보관/밀폐용기 > 물병,10.52,4.2,19.0,32,타파웨어,그리니.,False,https://smartstore.naver.com/main/products/11989975188,2025-09-23 00:52:04.287381,14200,https://shopping-phinf.pstatic.net/main_8953448/89534485876.1.jpg,타파웨어,naver_shopping_search,생활/건강,주방용품,보관/밀폐용기,물병,물통,9.1057,1.155320293881854,9.1057,1.155320293881854,44.184,79.8,199.88
NAVER_87201557953,마이 보틀 주문 제작 물병 물통 트라이탄 판촉물 쉐이커 대용량 700ml 냉온겸용 기본뚜껑 블랙 1~49개,생활/건강 > 주방용품 > 보관/밀폐용기 > 물병,1.85,3.7,71.0,60,Unknown,프라이티마켓,False,https://smartstore.naver.com/main/products/9657055683,2025-09-23 00:52:04.287392,2500,https://shopping-phinf.pstatic.net/main_8720155/87201557953.6.jpg,Unknown,naver_shopping_search,생활/건강,주방용품,보관/밀폐용기,물병,물통,9.1057,0.2031694433157253,9.1057,0.2031694433157253,6.845000000000001,262.7,131.35
NAVER_83214755611,락앤락 쉐이커 보틀 헬스 물통 물병 프로틴 단백질 쉐이크통 프로 스텐 650ml 블랙,생활/건강 > 주방용품 > 보관/밀폐용기 > 물병,16.22,3.9,12.0,82,락앤락,유로키친,False,https://smartstore.naver.com/main/products/5670258139,2025-09-23 00:52:04.287401,21900,https://shopping-phinf.pstatic.net/main_8321475/83214755611.6.jpg,락앤락,naver_shopping_search,생활/건강,주방용품,보관/밀폐용기,물병,물통,9.1057,1.7813018219357104,9.1057,1.7813018219357104,63.257999999999996,46.8,194.64
NAVER_86963538148,알파디자인 헬스 물통 프로틴 쉐이커 대용량 보틀 텀블러 단백질 프로틴 쉐이크통,생활/건강 > 주방용품 > 보관/밀폐용기 > 물병,13.26,3.9,25.0,46,Unknown,배드머슬러,False,https://smartstore.naver.com/main/products/9419037825,2025-09-23 00:52:04.287414,17900,https://shopping-phinf.pstatic.net/main_8696353/86963538148.5.jpg,Unknown,naver_shopping_search,생활/건강,주방용품,보관/밀폐용기,물병,물통,9.1057,1.45623071263055,9.1057,1.45623071263055,51.714,97.5,331.5
NAVER_87256966037,마이 보틀 주문 제작 물병 물통 메탈캡 판촉물 쉐이커 트라이탄 350ml,생활/건강 > 주방용품 > 보관/밀폐용기 > 물병,1.33,3.7,93.0,73,Unknown,프라이티마켓,False,https://smartstore.naver.com/main/products/9712463767,2025-09-23 00:52:04.287423,1800,https://shopping-phinf.pstatic.net/main_8725696/87256966037.3.jpg,Unknown,naver_shopping_search,생활/건강,주방용품,보관/밀폐용기,물병,물통,9.1057,0.14606235654589983,9.1057,0.14606235654589983,4.921,344.1,123.69000000000001
NAVER_83312323178,홈니크 연예인 2리터 물통 물병 헬스 스포츠 다이어트 등산용 원터치 빨대 보틀 텀블러,생활/건강 > 주방용품 > 보관/밀폐용기 > 물병,7.78,4.2,10.0,119,Unknown,홈니크,False,https://smartstore.naver.com/main/products/5767823764,2025-09-23 00:52:04.287433,10500,https://shopping-phinf.pstatic.net/main_8331232/83312323178.7.jpg,Unknown,naver_shopping_search,생활/건강,주방용품,보관/밀폐용기,물병,물통,9.1057,0.8544098751331584,9.1057,0.8544098751331584,32.676,42.0,77.8
NAVER_83308033836,날진 서스테인 500ml 물병 0.5 물통,생활/건강 > 주방용품 > 보관/밀폐용기 > 물병,9.85,4.1,86.0,46,날진,Titicaca,False,https://smartstore.naver.com/main/products/5763534422,2025-09-23 00:52:04.287443,13300,https://shopping-phinf.pstatic.net/main_8330803/83308033836.3.jpg,날진,naver_shopping_search,생활/건강,주방용품,보관/밀폐용기,물병,물통,9.1057,1.0817400090053482,9.1057,1.0817400090053482,40.385,352.59999999999997,847.1
NAVER_47855854618,락앤락 프로쉐이커 1+1 트라이탄 쉐이크 보틀 헬스 프로틴 물통 690ml,생활/건강 > 주방용품 > 보관/밀폐용기 > 물병,10.33,3.7,68.0,41,프로쉐이커,네이버,False,https://search.shopping.naver.com/catalog/47855854618,2025-09-23 00:52:04.287452,13950,https://shopping-phinf.pstatic.net/main_4785585/47855854618.20240520114325.jpg,락앤락,naver_shopping_search,생활/건강,주방용품,보관/밀폐용기,물병,물통,9.1057,1.1344542429467257,9.1057,1.1344542429467257,38.221000000000004,251.60000000000002,702.44
NAVER_81371370101,마이 보틀 주문제작 트라이탄 물통 500ml,생활/건강 > 주방용품 > 보관/밀폐용기 > 물병,0.67,4.0,19.0,115,Unknown,메이데이31,False,https://smartstore.naver.com/main/products/3826850101,2025-09-23 00:52:04.287461,900,https://shopping-phinf.pstatic.net/main_8137137/81371370101.44.jpg,Unknown,naver_shopping_search,생활/건강,주방용품,보관/밀폐용기,물병,물통,9.1057,0.07358028487650592,9.1057,0.07358028487650592,2.68,76.0,12.73
NAVER_84336145691,마이 보틀 주문제작 트라이탄 물병 물통 판촉물 500ml,생활/건강 > 주방용품 > 보관/밀폐용기 > 물병,0.67,3.6,13.0,57,Unknown,미스터송,False,https://smartstore.naver.com/main/products/6791645369,2025-09-23 00:52:04.287471,900,https://shopping-phinf.pstatic.net/main_8433614/84336145691.25.jpg,Unknown,naver_shopping_search,생활/건강,주방용품,보관/밀폐용기,물병,물통,9.1057,0.07358028487650592,9.1057,0.07358028487650592,2.4120000000000004,46.800000000000004,8.71
NAVER_82606783463,락앤락 내열 유리 저그 물병 1+1 물통 냉장고 업소용 카페 1.2L 메트로,생활/건강 > 주방용품 > 보관/밀폐용기 > 물병,24.37,4.0,96.0,94,락앤락,탑 플레이스,False,https://smartstore.naver.com/main/products/5062262004,2025-09-23 00:52:04.287481,32900,https://shopping-phinf.pstatic.net/main_8260678/82606783463.3.jpg,락앤락,naver_shopping_search,생활/건강,주방용품,보관/밀폐용기,물병,물통,9.1057,2.676345585732014,9.1057,2.676345585732014,97.48,384.0,2339.52
NAVER_80513762645,스텐락 국산 스텐 물병 업소용 식당 카페 물통 M 900ml,생활/건강 > 주방용품 > 보관/밀폐용기 > 물병,4.37,4.1,39.0,62,스텐락,다다키친,False,https://smartstore.naver.com/main/products/3016018559,2025-09-23 00:52:04.287491,5900,https://shopping-phinf.pstatic.net/main_8051376/80513762645.6.jpg,Unknown,naver_shopping_search,생활/건강,주방용품,보관/밀폐용기,물병,물통,9.1057,0.47991917150795654,9.1057,0.47991917150795654,17.916999999999998,159.89999999999998,170.43
NAVER_83792053357,에어업 휴대용물병 물통 텀블러 클릭 600ml,생활/건강 > 주방용품 > 보관/밀폐용기 > 물병,45.56,4.1,50.0,81,Unknown,리빙인저머니,False,https://smartstore.naver.com/main/products/6247550868,2025-09-23 00:52:04.287500,61500,https://shopping-phinf.pstatic.net/main_8379205/83792053357.19.jpg,Unknown,naver_shopping_search,생활/건강,주방용품,보관/밀폐용기,물병,물통,9.1057,5.0034593716024025,9.1057,5.0034593716024025,186.796,204.99999999999997,2278.0
NAVER_53072810282,"타파웨어 에코 물통 1L, 연보라",생활/건강 > 주방용품 > 보관/밀폐용기 > 물병,8.81,3.9,75.0,46,타파웨어,네이버,False,https://search.shopping.naver.com/catalog/53072810282,2025-09-23 00:52:04.287510,11900,https://shopping-phinf.pstatic.net/main_5307281/53072810282.20250218120602.jpg,타파웨어,naver_shopping_search,생활/건강,주방용품,보관/밀폐용기,물병,물통,9.1057,0.9675258354656973,9.1057,0.9675258354656973,34.359,292.5,660.75
NAVER_84514894209,락앤락 트라이탄 물병 어린이 유치원 초등학생 물통 키즈 스트랩 보틀 400ml 옐로우,생활/건강 > 주방용품 > 보관/밀폐용기 > 물병,10.22,3.7,83.0,79,락앤락,유로키친,False,https://smartstore.naver.com/main/products/6970393887,2025-09-23 00:52:04.287520,13800,https://shopping-phinf.pstatic.net/main_8451489/84514894209.5.jpg,락앤락,naver_shopping_search,생활/건강,주방용품,보관/밀폐용기,물병,물통,9.1057,1.1223738976684934,9.1057,1.1223738976684934,37.81400000000001,307.1,848.2600000000001
NAVER_82065170242,코멕스 냉장고 물통 트라이탄 원형 물병 1.7L,생활/건강 > 주방용품 > 보관/밀폐용기 > 물병,6.52,3.8,78.0,57,KOMAX,쿡샵,False,https://smartstore.naver.com/main/products/4520646971,2025-09-23 00:52:04.287529,8800,https://shopping-phinf.pstatic.net/main_8206517/82065170242.2.jpg,KOMAX,naver_shopping_search,생활/건강,주방용품,보관/밀폐용기,물병,물통,9.1057,0.7160350110370426,9.1057,0.7160350110370426,24.775999999999996,296.4,508.55999999999995
NAVER_83908496050,타파웨어 에코물통 주니어 500ml(1),생활/건강 > 주방용품 > 보관/밀폐용기 > 물병,8.89,3.6,19.0,102,타파웨어,그리니.,False,https://smartstore.naver.com/main/products/6363995728,2025-09-23 00:52:04.287538,12000,https://shopping-phinf.pstatic.net/main_8390849/83908496050.jpg,타파웨어,naver_shopping_search,생활/건강,주방용품,보관/밀폐용기,물병,물통,9.1057,0.9763115411225936,9.1057,0.9763115411225936,32.004000000000005,68.4,168.91000000000003
NAVER_84912714029,삼대오백 쉐이커 BPA 쉐이크통 헬스물통 단백질 보충제 물병 보틀 4SET,생활/건강 > 주방용품 > 보관/밀폐용기 > 물병,7.33,4.0,91.0,46,삼대오백,삼대오백 스토어,False,https://smartstore.naver.com/main/products/7368213707,2025-09-23 00:52:04.287548,9900,https://shopping-phinf.pstatic.net/main_8491271/84912714029.2.jpg,Unknown,naver_shopping_search,생활/건강,주방용품,보관/밀폐용기,물병,물통,9.1057,0.804990280813117,9.1057,0.804990280813117,29.32,364.0,667.03
NAVER_82479127811,원터치 어린이 물병 어린이집 초등학생 유치원 물통 소풍 텀블러,생활/건강 > 주방용품 > 보관/밀폐용기 > 물병,9.56,4.2,23.0,35,주닷,덕주방,False,https://smartstore.naver.com/main/products/4934603579,2025-09-23 00:52:04.287558,12900,https://shopping-phinf.pstatic.net/main_8247912/82479127811.5.jpg,Unknown,naver_shopping_search,생활/건강,주방용품,보관/밀폐용기,물병,물통,9.1057,1.0498918259990995,9.1057,1.0498918259990995,40.152,96.60000000000001,219.88000000000002
NAVER_88230103570,Cirkul 써큘 미스터 비스트 베스트 카트리지 랜덤 SIP 음료 수통 물통 워터보틀,생활/건강 > 주방용품 > 보관/밀폐용기 > 물병,7.33,4.1,12.0,94,Unknown,Tiqui-Taca-BRO,False,https://smartstore.naver.com/main/products/10685597648,2025-09-23 00:52:04.287567,9900,https://shopping-phinf.pstatic.net/main_8823010/88230103570.jpg,Unknown,naver_shopping_search,생활/건강,주방용품,보관/밀폐용기,물병,물통,9.1057,0.804990280813117,9.1057,0.804990280813117,30.052999999999997,49.199999999999996,87.96000000000001
NAVER_86950566509,페트병 손잡이 생수손잡이 물병 물통 보틀 생수병 손잡이,생활/건강 > 주방용품 > 보관/밀폐용기 > 물병,3.33,3.8,68.0,77,Unknown,오늘새로,False,https://smartstore.naver.com/main/products/9406066186,2025-09-23 00:52:04.287580,4500,https://shopping-phinf.pstatic.net/main_8695056/86950566509.1.jpg,Unknown,naver_shopping_search,생활/건강,주방용품,보관/밀폐용기,물병,물통,9.1057,0.3657049979683056,9.1057,0.3657049979683056,12.654,258.4,226.44
NAVER_84570585367,블랜더보틀 스트라다 스테인레스 쉐이커 단백질 쉐이크통 헬스 물통 보틀 텀블러,생활/건강 > 주방용품 > 보관/밀폐용기 > 물병,24.37,4.0,29.0,60,블랜더보틀,에이디바이크,False,https://smartstore.naver.com/main/products/7026085045,2025-09-23 00:52:04.287590,32900,https://shopping-phinf.pstatic.net/main_8457058/84570585367.2.jpg,Unknown,naver_shopping_search,생활/건강,주방용품,보관/밀폐용기,물병,물통,9.1057,2.676345585732014,9.1057,2.676345585732014,97.48,116.0,706.73
NAVER_81099544469,쿠스포츠 스테인레스 쉐이커 프로틴 단백질 헬스 운동 스포츠 물통 물병 텀블러 700ml,생활/건강 > 주방용품 > 보관/밀폐용기 > 물병,13.33,3.8,66.0,96,쿠스포츠,쿠스포츠,False,https://smartstore.naver.com/main/products/3555027135,2025-09-23 00:52:04.287600,18000,https://shopping-phinf.pstatic.net/main_8109954/81099544469.4.jpg,쿠스포츠,naver_shopping_search,생활/건강,주방용품,보관/밀폐용기,물병,물통,9.1057,1.4639182050803343,9.1057,1.4639182050803343,50.653999999999996,250.79999999999998,879.78
NAVER_82783003838,헬스 대용량 운동 물통 물병 보틀 1L 2L 3L 리터,생활/건강 > 주방용품 > 보관/밀폐용기 > 물병,4.37,4.0,24.0,68,Unknown,2gn,False,https://smartstore.naver.com/main/products/5238481427,2025-09-23 00:52:04.287610,5900,https://shopping-phinf.pstatic.net/main_8278300/82783003838.1.jpg,Unknown,naver_shopping_search,생활/건강,주방용품,보관/밀폐용기,물병,물통,9.1057,0.47991917150795654,9.1057,0.47991917150795654,17.48,96.0,104.88
NAVER_85139629085,락앤락 트라이탄 물병 보틀 스포츠 헬스 운동 물통 비스프리 액티브 550ml,생활/건강 > 주방용품 > 보관/밀폐용기 > 물병,4.74,4.2,92.0,117,락앤락,유로키친,False,https://smartstore.naver.com/main/products/7595128763,2025-09-23 00:52:04.287620,6400,https://shopping-phinf.pstatic.net/main_8513962/85139629085.8.jpg,락앤락,naver_shopping_search,생활/건강,주방용품,보관/밀폐용기,물병,물통,9.1057,0.5205530601711016,9.1057,0.5205530601711016,19.908,386.40000000000003,436.08000000000004
NAVER_80106926860,텀블러 물병 보냉 파우치 주머니 크로스 물통 가방,생활/건강 > 주방용품 > 보관/밀폐용기 > 물병,7.33,3.6,17.0,91,Unknown,스윗소다,False,https://smartstore.naver.com/main/products/2609183284,2025-09-23 00:52:04.287635,9900,https://shopping-phinf.pstatic.net/main_8010692/80106926860.10.jpg,Unknown,naver_shopping_search,생활/건강,주방용품,보관/밀폐용기,물병,물통,9.1057,0.804990280813117,9.1057,0.804990280813117,26.388,61.2,124.61
NAVER_55396546718,"타파웨어 에코 물통 310ml, 1개",생활/건강 > 주방용품 > 보관/밀폐용기 > 물병,5.56,3.6,21.0,36,타파웨어,네이버,False,https://search.shopping.naver.com/catalog/55396546718,2025-09-23 00:52:04.287644,7500,https://shopping-phinf.pstatic.net/main_5539654/55396546718.20250620111250.jpg,타파웨어,naver_shopping_search,생활/건강,주방용품,보관/밀폐용기,물병,물통,9.1057,0.6106065431542879,9.1057,0.6106065431542879,20.016,75.60000000000001,116.75999999999999
NAVER_83151590862,델몬트 유리병 레트로 훼미리 쥬스 냉장고 유리 물병 물통 500ml,생활/건강 > 주방용품 > 보관/밀폐용기 > 물병,1.33,3.9,76.0,72,델몬트,쿡샵,False,https://smartstore.naver.com/main/products/5607094361,2025-09-23 00:52:04.287653,1800,https://shopping-phinf.pstatic.net/main_8315159/83151590862.1.jpg,Unknown,naver_shopping_search,생활/건강,주방용품,보관/밀폐용기,물병,물통,9.1057,0.14606235654589983,9.1057,0.14606235654589983,5.187,296.4,101.08000000000001
NAVER_53074984720,"락앤락 프로쉐이커 트라이탄 쉐이크 보틀 헬스 프로틴 물통 690ml, 블랙",생활/건강 > 주방용품 > 보관/밀폐용기 > 물병,5.89,3.5,93.0,67,프로쉐이커,네이버,False,https://search.shopping.naver.com/catalog/53074984720,2025-09-23 00:52:04.287664,7950,https://shopping-phinf.pstatic.net/main_5307498/53074984720.20250218170853.jpg,락앤락,naver_shopping_search,생활/건강,주방용품,보관/밀폐용기,물병,물통,9.1057,0.6468475789889848,9.1057,0.6468475789889848,20.615,325.5,547.77
NAVER_82625449766,킹콩팩토리 쉐이커 700ml 대용량 헬스 물통 단백질 쉐이크통 스포츠 텀블러 보충제 보틀,생활/건강 > 주방용품 > 보관/밀폐용기 > 물병,4.37,3.6,23.0,31,킹콩팩토리,킹콩팩토리.,False,https://smartstore.naver.com/main/products/5080928068,2025-09-23 00:52:04.287674,5900,https://shopping-phinf.pstatic.net/main_8262544/82625449766.2.jpg,Unknown,naver_shopping_search,생활/건강,주방용품,보관/밀폐용기,물병,물통,9.1057,0.47991917150795654,9.1057,0.47991917150795654,15.732000000000001,82.8,100.51
NAVER_84564930673,쉐이크스피어 트라이탄 프로틴쉐이커 쉐이크통 노볼 쉐이커 헬스 물통 물병 보틀,생활/건강 > 주방용품 > 보관/밀폐용기 > 물병,34.0,4.2,63.0,115,Unknown,쉐이크스피어,False,https://smartstore.naver.com/main/products/7020430351,2025-09-23 00:52:04.287683,45900,https://shopping-phinf.pstatic.net/main_8456493/84564930673.9.jpg,Unknown,naver_shopping_search,생활/건강,주방용품,보관/밀폐용기,물병,물통,9.1057,3.7339249041808973,9.1057,3.7339249041808973,142.8,264.6,2142.0
NAVER_86684951017,블랜더보틀 클래식 20oz 단백질 쉐이커 헬스 물통 쉐이크통,생활/건강 > 주방용품 > 보관/밀폐용기 > 물병,8.07,3.6,19.0,80,블랜더보틀,프라이스킬,False,https://smartstore.naver.com/main/products/9140450694,2025-09-23 00:52:04.287692,10900,https://shopping-phinf.pstatic.net/main_8668495/86684951017.3.jpg,Unknown,naver_shopping_search,생활/건강,주방용품,보관/밀폐용기,물병,물통,9.1057,0.8862580581394072,9.1057,0.8862580581394072,29.052000000000003,68.4,153.33
NAVER_82759448739,오니지 등산 물통 소프트플라스크 BPA 아웃도어 스포츠 SD21 250ml,생활/건강 > 주방용품 > 보관/밀폐용기 > 물병,10.0,4.3,81.0,99,오니지,오니지,False,https://smartstore.naver.com/main/products/5214926891,2025-09-23 00:52:04.287702,13500,https://shopping-phinf.pstatic.net/main_8275944/82759448739.1.jpg,오니지,naver_shopping_search,생활/건강,주방용품,보관/밀폐용기,물병,물통,9.1057,1.0982132071120287,9.1057,1.0982132071120287,43.0,348.3,810.0
NAVER_52611948313,"락앤락 프로쉐이커 그랑데 대용량 쉐이크 보틀 헬스 물통 2L, 1개",생활/건강 > 주방용품 > 보관/밀폐용기 > 물병,7.15,4.3,30.0,97,프로쉐이커,네이버,False,https://search.shopping.naver.com/catalog/52611948313,2025-09-23 00:52:04.287711,9650,https://shopping-phinf.pstatic.net/main_5261194/52611948313.20250122124512.jpg,락앤락,naver_shopping_search,생활/건강,주방용품,보관/밀폐용기,물병,물통,9.1057,0.7852224430851006,9.1057,0.7852224430851006,30.745,129.0,214.5
NAVER_81371400425,마이 보틀 주문제작 트라이탄 메탈캡 물통 500ml,생활/건강 > 주방용품 > 보관/밀폐용기 > 물병,1.33,4.1,51.0,45,Unknown,메이데이31,False,https://smartstore.naver.com/main/products/3826880425,2025-09-23 00:52:04.287720,1800,https://shopping-phinf.pstatic.net/main_8137140/81371400425.12.jpg,Unknown,naver_shopping_search,생활/건강,주방용품,보관/밀폐용기,물병,물통,9.1057,0.14606235654589983,9.1057,0.14606235654589983,5.452999999999999,209.1,67.83
NAVER_88581969838,이리디아 마그네틱 보틀 파우치 헬스 물병 자석 물통 커버 텀블러 가방 인벤백,생활/건강 > 주방용품 > 보관/밀폐용기 > 물병,18.44,4.2,70.0,69,Unknown,이리디아,False,https://smartstore.naver.com/main/products/11037463631,2025-09-23 00:52:04.287729,24900,https://shopping-phinf.pstatic.net/main_8858196/88581969838.jpg,Unknown,naver_shopping_search,생활/건강,주방용품,보관/밀폐용기,물병,물통,9.1057,2.025105153914581,9.1057,2.025105153914581,77.44800000000001,294.0,1290.8000000000002
NAVER_80455023894,어린이집 어깨끈 소풍 물병 유치원 초등 원터치 끈달린 물통 중장비 자동차,생활/건강 > 주방용품 > 보관/밀폐용기 > 물병,9.48,3.7,20.0,85,스케이터,빈스메이드,False,https://smartstore.naver.com/main/products/2957279916,2025-09-23 00:52:04.287739,12800,https://shopping-phinf.pstatic.net/main_8045502/80455023894.13.jpg,스케이터,naver_shopping_search,생활/건강,주방용품,보관/밀폐용기,물병,물통,9.1057,1.0411061203422032,9.1057,1.0411061203422032,35.076,74.0,189.60000000000002
NAVER_80468302962,베이니크 보냉 물병파우치 초등학생 어깨끈 물통주머니 어린이 원통형 물병가방 리틀바니,생활/건강 > 주방용품 > 보관/밀폐용기 > 물병,7.33,4.2,39.0,62,베이니크,베이니크샵,False,https://smartstore.naver.com/main/products/2970558984,2025-09-23 00:52:04.287749,9900,https://shopping-phinf.pstatic.net/main_8046830/80468302962.4.jpg,Unknown,naver_shopping_search,생활/건강,주방용품,보관/밀폐용기,물병,물통,9.1057,0.804990280813117,9.1057,0.804990280813117,30.786,163.8,285.87
NAVER_86360828644,홈니크 연예인 1리터 물통 물병 헬스 자전거 스포츠 다이어트 원터치 빨대 보틀 텀블러,생활/건강 > 주방용품 > 보관/밀폐용기 > 물병,7.26,3.7,37.0,110,Unknown,홈니크,False,https://smartstore.naver.com/main/products/8816328321,2025-09-23 00:52:04.287759,9800,https://shopping-phinf.pstatic.net/main_8636082/86360828644.2.jpg,Unknown,naver_shopping_search,생활/건강,주방용품,보관/밀폐용기,물병,물통,9.1057,0.7973027883633328,9.1057,0.7973027883633328,26.862000000000002,136.9,268.62
NAVER_86376864264,헬킹콩 투명 마그네틱 보틀 파우치 헬스 자석 홀더 물병 가방 물통 커버 텀블러,생활/건강 > 주방용품 > 보관/밀폐용기 > 물병,22.15,3.5,95.0,111,Unknown,헬킹콩,False,https://smartstore.naver.com/main/products/8832363941,2025-09-23 00:52:04.287768,29900,https://shopping-phinf.pstatic.net/main_8637686/86376864264.2.jpg,Unknown,naver_shopping_search,생활/건강,주방용품,보관/밀폐용기,물병,물통,9.1057,2.432542253753143,9.1057,2.432542253753143,77.52499999999999,332.5,2104.25
NAVER_80913762756,락앤락 스텐물병 스텐 물통 초등학생 어린이 유치원 보틀 스테인레스 이지그립 400ml,생활/건강 > 주방용품 > 보관/밀폐용기 > 물병,6.59,4.0,92.0,69,락앤락,유로키친,False,https://smartstore.naver.com/main/products/3370332450,2025-09-23 00:52:04.287777,8900,https://shopping-phinf.pstatic.net/main_8091376/80913762756.6.jpg,락앤락,naver_shopping_search,생활/건강,주방용품,보관/밀폐용기,물병,물통,9.1057,0.7237225034868269,9.1057,0.7237225034868269,26.36,368.0,606.28
NAVER_85785917023,무지 물병 가방 생수 파우치 보틀 보냉 주머니 물통 케이스 보온 어린이집 유치원 초등학생 360ml,생활/건강 > 주방용품 > 보관/밀폐용기 > 물병,0.56,4.0,84.0,62,Unknown,STORE벅스,False,https://smartstore.naver.com/main/products/8241416700,2025-09-23 00:52:04.287788,750,https://shopping-phinf.pstatic.net/main_8578591/85785917023.jpg,Unknown,naver_shopping_search,생활/건강,주방용품,보관/밀폐용기,물병,물통,9.1057,0.06149993959827361,9.1057,0.06149993959827361,2.24,336.0,47.040000000000006
NAVER_85140123465,락앤락 냉장고 물병 2L 업소용 카페 식당 물통 손잡이 PP 이지그립,생활/건강 > 주방용품 > 보관/밀폐용기 > 물병,3.69,4.3,15.0,80,락앤락,유로키친,False,https://smartstore.naver.com/main/products/7595623143,2025-09-23 00:52:04.287798,4980,https://shopping-phinf.pstatic.net/main_8514012/85140123465.1.jpg,락앤락,naver_shopping_search,생활/건강,주방용품,보관/밀폐용기,물병,물통,9.1057,0.40524067342433856,9.1057,0.40524067342433856,15.866999999999999,64.5,55.35
NAVER_84325227937,물병스트랩 텀블러 어깨끈 물병 물통 끈달린 보온병 목걸이 초등학생 어린이 블루,생활/건강 > 주방용품 > 보관/밀폐용기 > 물병,1.56,3.9,58.0,32,Unknown,이너프812,False,https://smartstore.naver.com/main/products/6780727615,2025-09-23 00:52:04.287808,2100,https://shopping-phinf.pstatic.net/main_8432522/84325227937.4.jpg,Unknown,naver_shopping_search,생활/건강,주방용품,보관/밀폐용기,물병,물통,9.1057,0.17132126030947648,9.1057,0.17132126030947648,6.084,226.2,90.48
NAVER_84096372242,500ml 보틀스 콩물병 콩물통 식혜병 식혜통 일회용 물병 물통 보틀,생활/건강 > 주방용품 > 보관/밀폐용기 > 물병,0.31,3.8,22.0,92,Unknown,보틀스,False,https://smartstore.naver.com/main/products/6551871909,2025-09-23 00:52:04.287823,420,https://shopping-phinf.pstatic.net/main_8409637/84096372242.4.jpg,보틀스,naver_shopping_search,생활/건강,주방용품,보관/밀폐용기,물병,물통,9.1057,0.03404460942047289,9.1057,0.03404460942047289,1.178,83.6,6.82
NAVER_85523032007,물병 파우치 물통 가방 주머니 스트랩 보틀 어린이 초등학생 어린이집 유치원 스카이블루,생활/건강 > 주방용품 > 보관/밀폐용기 > 물병,2.67,3.9,38.0,61,주닷,덕주방,False,https://smartstore.naver.com/main/products/7978531684,2025-09-23 00:52:04.287833,3600,https://shopping-phinf.pstatic.net/main_8552303/85523032007.jpg,주닷,naver_shopping_search,생활/건강,주방용품,보관/밀폐용기,물병,물통,9.1057,0.29322292629891167,9.1057,0.29322292629891167,10.413,148.2,101.46
NAVER_82848372445,유리 카페 음료 디스펜서 워터 물통 정수기 물 쥬스 홈파티 업소용 수도꼭지 저그 8L,생활/건강 > 주방용품 > 보관/밀폐용기 > 물병,29.56,4.0,32.0,112,Unknown,헬린이상점,False,https://smartstore.naver.com/main/products/5303880037,2025-09-23 00:52:04.287845,39900,https://shopping-phinf.pstatic.net/main_8284837/82848372445.1.jpg,Unknown,naver_shopping_search,생활/건강,주방용품,보관/밀폐용기,물병,물통,9.1057,3.2463182402231565,9.1057,3.2463182402231565,118.24,128.0,945.92
NAVER_80560637391,락앤락 쉐이커 1+1 단백질 쉐이크 보틀 헬스 물통 트라이탄 850ml 프로,생활/건강 > 주방용품 > 보관/밀폐용기 > 물병,16.96,3.6,36.0,63,락앤락,탑 플레이스,False,https://smartstore.naver.com/main/products/3062893146,2025-09-23 00:52:04.287857,22900,https://shopping-phinf.pstatic.net/main_8056063/80560637391.7.jpg,락앤락,naver_shopping_search,생활/건강,주방용품,보관/밀폐용기,물병,물통,9.1057,1.8625695992620006,9.1057,1.8625695992620006,61.056000000000004,129.6,610.5600000000001
NAVER_84364376326,어쉐어 2리터 물통 휴대용 물병 다이어트 스포츠 투명 물통 생수용기,생활/건강 > 주방용품 > 보관/밀폐용기 > 물병,7.78,3.7,78.0,113,어쉐어,어쉐어,False,https://smartstore.naver.com/main/products/6819876004,2025-09-23 00:52:04.287867,10500,https://shopping-phinf.pstatic.net/main_8436437/84364376326.3.jpg,Unknown,naver_shopping_search,생활/건강,주방용품,보관/밀폐용기,물병,물통,9.1057,0.8544098751331584,9.1057,0.8544098751331584,28.786,288.6,606.84
NAVER_89015922532,한샘 워터저그 3.5L 대용량 물통 물병 워터져그 캠핑 냉장고 디스펜서,생활/건강 > 주방용품 > 보관/밀폐용기 > 물병,8.74,3.5,46.0,43,한샘,탑 플레이스,False,https://smartstore.naver.com/main/products/11471412167,2025-09-23 00:52:04.287876,11800,https://shopping-phinf.pstatic.net/main_8901592/89015922532.jpg,한샘,naver_shopping_search,생활/건강,주방용품,보관/밀폐용기,물병,물통,9.1057,0.9598383430159131,9.1057,0.9598383430159131,30.59,161.0,402.04
NAVER_8333088571,날진 서스테인 1리터 물병 - 그레이해피진 물통,생활/건강 > 주방용품 > 보관/밀폐용기 > 물병,9.33,4.2,24.0,67,날진,Titicaca,False,https://smartstore.naver.com/main/products/281035460,2025-09-23 00:52:04.287885,12600,https://shopping-phinf.pstatic.net/main_8333088/8333088571.10.jpg,날진,naver_shopping_search,생활/건강,주방용품,보관/밀폐용기,물병,물통,9.1057,1.0246329222355228,9.1057,1.0246329222355228,39.186,100.80000000000001,223.92000000000002
NAVER_82274814755,고릴라 보충제 쉐이크통 헬스물통 단백질쉐이커 600ml,생활/건강 > 주방용품 > 보관/밀폐용기 > 물병,2.15,3.6,44.0,79,Unknown,따봉몰.,False,https://smartstore.naver.com/main/products/4730293390,2025-09-23 00:52:04.287895,2900,https://shopping-phinf.pstatic.net/main_8227481/82274814755.jpg,Unknown,naver_shopping_search,생활/건강,주방용품,보관/밀폐용기,물병,물통,9.1057,0.23611583952908616,9.1057,0.23611583952908616,7.74,158.4,94.6
NAVER_7154231599,JVR 스텐 가정용 식당용 냉장고 물병 물통 육수보관통 1.6L 2P SET,생활/건강 > 주방용품 > 보관/밀폐용기 > 물병,18.44,3.8,17.0,116,Unknown,JVR,False,https://smartstore.naver.com/main/products/180374593,2025-09-23 00:52:04.287905,24900,https://shopping-phinf.pstatic.net/main_7154231/7154231599.16.jpg,Unknown,naver_shopping_search,생활/건강,주방용품,보관/밀폐용기,물병,물통,9.1057,2.025105153914581,9.1057,2.025105153914581,70.072,64.6,313.48
NAVER_8498808654,알맹 방수 보온보냉 물병파우치 어깨끈 물통주머니 AMCBP13 튤립네이비,생활/건강 > 주방용품 > 보관/밀폐용기 > 물병,4.3,3.7,43.0,61,알맹,알맹키즈,False,https://smartstore.naver.com/main/products/295840268,2025-09-23 00:52:04.287915,5800,https://shopping-phinf.pstatic.net/main_8498808/8498808654.12.jpg,알맹,naver_shopping_search,생활/건강,주방용품,보관/밀폐용기,물병,물통,9.1057,0.4722316790581723,9.1057,0.4722316790581723,15.91,159.1,184.9
NAVER_55900016698,"릴팡 더보틀 원터치 트라이탄 물통 470ml, 1개",생활/건강 > 주방용품 > 보관/밀폐용기 > 물병,8.07,3.8,98.0,52,릴팡,네이버,False,https://search.shopping.naver.com/catalog/55900016698,2025-09-23 00:52:04.287925,10900,https://shopping-phinf.pstatic.net/main_5590001/55900016698.20250722084801.jpg,릴팡,naver_shopping_search,생활/건강,주방용품,보관/밀폐용기,물병,물통,9.1057,0.8862580581394072,9.1057,0.8862580581394072,30.666,372.4,790.86
NAVER_83802909043,물병스트랩 물통 스트랩 목걸이 홀더 어깨끈 스트랩 민트,생활/건강 > 주방용품 > 보관/밀폐용기 > 물병,3.33,4.1,5.0,100,르모네,르모네,False,https://smartstore.naver.com/main/products/6258406554,2025-09-23 00:52:04.287934,4500,https://shopping-phinf.pstatic.net/main_8380290/83802909043.20.jpg,Unknown,naver_shopping_search,생활/건강,주방용품,보관/밀폐용기,물병,물통,9.1057,0.3657049979683056,9.1057,0.3657049979683056,13.652999999999999,20.5,16.65
NAVER_81058634749,바시니아보틀 물병 물통 텀블러 파우치 가방 생수 얼음물 대량 판촉물,생활/건강 > 주방용품 > 보관/밀폐용기 > 물병,1.3,3.5,80.0,105,Unknown,네이쳐플레이스,False,https://smartstore.naver.com/main/products/3514117415,2025-09-23 00:52:04.287946,1750,https://shopping-phinf.pstatic.net/main_8105863/81058634749.14.jpg,Unknown,naver_shopping_search,생활/건강,주방용품,보관/밀폐용기,물병,물통,9.1057,0.14276771692456372,9.1057,0.14276771692456372,4.55,280.0,104.0
NAVER_87417154502,국내산 포스코 올스텐304 물병 1000ml 가정용 물통 보리차 대용량 식당용 냉장고물통,생활/건강 > 주방용품 > 보관/밀폐용기 > 물병,10.3,4.0,96.0,99,Unknown,서원리빙,False,https://smartstore.naver.com/main/products/9872652228,2025-09-23 00:52:04.287955,13900,https://shopping-phinf.pstatic.net/main_8741715/87417154502.2.jpg,Unknown,naver_shopping_search,생활/건강,주방용품,보관/밀폐용기,물병,물통,9.1057,1.1311596033253897,9.1057,1.1311596033253897,41.2,384.0,988.8000000000001
NAVER_81785845667,날진 물통 1리터 와이드 마우스 물병 - 그레이 (투명회색),생활/건강 > 주방용품 > 보관/밀폐용기 > 물병,10.67,3.6,70.0,68,날진,다이아몬드그램,False,https://smartstore.naver.com/main/products/4241324120,2025-09-23 00:52:04.287964,14400,https://shopping-phinf.pstatic.net/main_8178584/81785845667.6.jpg,날진,naver_shopping_search,생활/건강,주방용품,보관/밀폐용기,물병,물통,9.1057,1.1717934919885347,9.1057,1.1717934919885347,38.412,252.0,746.9
NAVER_53390208527,"타파웨어 투웨이 에코 물통 500ml, 1개",생활/건강 > 주방용품 > 보관/밀폐용기 > 물병,7.81,3.9,92.0,75,타파웨어,네이버,False,https://search.shopping.naver.com/catalog/53390208527,2025-09-23 00:52:04.287973,10540,https://shopping-phinf.pstatic.net/main_5339020/53390208527.20250306104228.jpg,Unknown,naver_shopping_search,생활/건강,주방용품,보관/밀폐용기,물병,물통,9.1057,0.8577045147544944,9.1057,0.8577045147544944,30.458999999999996,358.8,718.52
NAVER_53509502868,헬리녹스 체어제로 백패킹 경량체어 샌드,스포츠/레저 > 캠핑 > 캠핑가구 > 캠핑의자,92.59,4.3,117.0,57,헬리녹스,네이버,False,https://search.shopping.naver.com/catalog/53509502868,2025-09-23 00:52:04.502496,125000,https://shopping-phinf.pstatic.net/main_5350950/53509502868.20250312161701.jpg,헬리녹스,naver_shopping_search,스포츠/레저,캠핑,캠핑가구,캠핑의자,캠핑 의자,56.8162,1.6296408418725645,56.8162,1.6296408418725645,398.137,503.09999999999997,10833.03
NAVER_53549201993,헬리녹스 선셋체어 캠핑의자 블랙,스포츠/레저 > 캠핑 > 캠핑가구 > 캠핑의자,125.93,4.7,149.0,15,헬리녹스,네이버,False,https://search.shopping.naver.com/catalog/53549201993,2025-09-23 00:52:04.502525,170000,https://shopping-phinf.pstatic.net/main_5354920/53549201993.20250314150604.jpg,헬리녹스,naver_shopping_search,스포츠/레저,캠핑,캠핑가구,캠핑의자,캠핑 의자,56.8162,2.2164453096123995,56.8162,2.2164453096123995,591.8710000000001,700.3000000000001,18763.57
NAVER_53527502690,에스앤제이스토어 매드독캠프 카몬 UP 경량체어 탄베이지,스포츠/레저 > 캠핑 > 캠핑가구 > 캠핑의자,64.44,4.2,52.0,25,매드독캠프,네이버,False,https://search.shopping.naver.com/catalog/53527502690,2025-09-23 00:52:04.502537,87000,https://shopping-phinf.pstatic.net/main_5352750/53527502690.20250409155741.jpg,에스앤제이스토어,naver_shopping_search,스포츠/레저,캠핑,캠핑가구,캠핑의자,캠핑 의자,56.8162,1.134183560322584,56.8162,1.134183560322584,270.648,218.4,3350.88
NAVER_43339482618,락셀 어드벤처 하이백 경량체어 2개,스포츠/레저 > 캠핑 > 캠핑가구 > 캠핑의자,99.11,4.2,128.0,30,락셀,네이버,False,https://search.shopping.naver.com/catalog/43339482618,2025-09-23 00:52:04.502547,133800,https://shopping-phinf.pstatic.net/main_4333948/43339482618.20240521174201.jpg,Unknown,naver_shopping_search,스포츠/레저,캠핑,캠핑가구,캠핑의자,캠핑 의자,56.8162,1.7443968445619382,56.8162,1.7443968445619382,416.262,537.6,12686.08
NAVER_52820783986,헬리녹스 사바나 체어 코요테탄,스포츠/레저 > 캠핑 > 캠핑가구 > 캠핑의자,154.81,4.4,202.125,15,헬리녹스,네이버,False,https://search.shopping.naver.com/catalog/52820783986,2025-09-23 00:52:04.502556,209000,https://shopping-phinf.pstatic.net/main_5282078/52820783986.20250205160201.jpg,헬리녹스,naver_shopping_search,스포츠/레저,캠핑,캠핑가구,캠핑의자,캠핑 의자,56.8162,2.7247510393162515,56.8162,2.7247510393162515,681.1640000000001,889.35,31290.97125
NAVER_53599529416,"카라신 몬테라 CVT2 체어 MOUNT L , 아이보리, 1개",스포츠/레저 > 캠핑 > 캠핑가구 > 캠핑의자,73.33,3.9,65.0,49,몬테라,네이버,False,https://search.shopping.naver.com/catalog/53599529416,2025-09-23 00:52:04.502566,99000,https://shopping-phinf.pstatic.net/main_5359952/53599529416.20250317172330.jpg,카라신,naver_shopping_search,스포츠/레저,캠핑,캠핑가구,캠핑의자,캠핑 의자,56.8162,1.290653017977267,56.8162,1.290653017977267,285.98699999999997,253.5,4766.45
NAVER_53874343194,원스위크라이프 캠핑 경량 휴대용 백패킹 컴팩트 체어 블랙,스포츠/레저 > 캠핑 > 캠핑가구 > 캠핑의자,17.03,3.8,49.0,65,원스위크라이프,네이버,False,https://search.shopping.naver.com/catalog/53874343194,2025-09-23 00:52:04.502576,22990,https://shopping-phinf.pstatic.net/main_5387434/53874343194.20250331150910.jpg,Unknown,naver_shopping_search,스포츠/레저,캠핑,캠핑가구,캠핑의자,캠핑 의자,56.8162,0.2997384548773061,56.8162,0.2997384548773061,64.714,186.2,834.47
NAVER_53121625667,콜맨 레이 체어 코요테브라운,스포츠/레저 > 캠핑 > 캠핑가구 > 캠핑의자,71.78,3.9,139.0,74,콜맨,네이버,False,https://search.shopping.naver.com/catalog/53121625667,2025-09-23 00:52:04.502585,96900,https://shopping-phinf.pstatic.net/main_5312162/53121625667.20250220122647.jpg,콜맨,naver_shopping_search,스포츠/레저,캠핑,캠핑가구,캠핑의자,캠핑 의자,56.8162,1.2633720664176766,56.8162,1.2633720664176766,279.942,542.1,9977.42
NAVER_53527818086,헬리녹스 체어 원 블랙,스포츠/레저 > 캠핑 > 캠핑가구 > 캠핑의자,85.19,3.9,119.0,52,헬리녹스,네이버,False,https://search.shopping.naver.com/catalog/53527818086,2025-09-23 00:52:04.502594,115000,https://shopping-phinf.pstatic.net/main_5352781/53527818086.20250313104515.jpg,헬리녹스,naver_shopping_search,스포츠/레저,캠핑,캠핑가구,캠핑의자,캠핑 의자,56.8162,1.499396298942907,56.8162,1.499396298942907,332.241,464.09999999999997,10137.61
NAVER_53598135339,스피엘 라비고 리클라이너 접이식 감성 캠핑의자 베이지,스포츠/레저 > 캠핑 > 캠핑가구 > 캠핑의자,51.04,4.3,24.0,39,스피엘,네이버,False,https://search.shopping.naver.com/catalog/53598135339,2025-09-23 00:52:04.502603,68900,https://shopping-phinf.pstatic.net/main_5359813/53598135339.20250326115114.jpg,스피엘,naver_shopping_search,스포츠/레저,캠핑,캠핑가구,캠핑의자,캠핑 의자,56.8162,0.8983353339364477,56.8162,0.8983353339364477,219.47199999999998,103.19999999999999,1224.96
NAVER_53624132722,로티 로티캠프 에코 암체어 경량 휴대용 캠핑 의자 2개 탄,스포츠/레저 > 캠핑 > 캠핑가구 > 캠핑의자,14.74,3.5,13.0,100,로티캠프,네이버,False,https://search.shopping.naver.com/catalog/53624132722,2025-09-23 00:52:04.502612,19900,https://shopping-phinf.pstatic.net/main_5362413/53624132722.20250331144636.jpg,로티,naver_shopping_search,스포츠/레저,캠핑,캠핑가구,캠핑의자,캠핑 의자,56.8162,0.25943304902474995,56.8162,0.25943304902474995,51.59,45.5,191.62
NAVER_53549966321,캠프빌리지 네츄럴 롱 릴렉스 체어 CVLX-001 2개 세트 카키,스포츠/레저 > 캠핑 > 캠핑가구 > 캠핑의자,40.67,4.1,20.0,42,캠프빌리지,네이버,False,https://search.shopping.naver.com/catalog/53549966321,2025-09-23 00:52:04.502623,54900,https://shopping-phinf.pstatic.net/main_5354996/53549966321.20250314162334.jpg,Unknown,naver_shopping_search,스포츠/레저,캠핑,캠핑가구,캠핑의자,캠핑 의자,56.8162,0.7158169676958333,56.8162,0.7158169676958333,166.74699999999999,82.0,813.4000000000001
NAVER_54924098311,"원스위크라이프 캠핑 접이식 경량 롱 릴렉스 체어 특대, 블랙프레임 블랙, 1개",스포츠/레저 > 캠핑 > 캠핑가구 > 캠핑의자,34.07,3.5,31.0,78,원스위크라이프,네이버,False,https://search.shopping.naver.com/catalog/54924098311,2025-09-23 00:52:04.502632,45990,https://shopping-phinf.pstatic.net/main_5492409/54924098311.20250523113743.jpg,Unknown,naver_shopping_search,스포츠/레저,캠핑,캠핑가구,캠핑의자,캠핑 의자,56.8162,0.5996529158937064,56.8162,0.5996529158937064,119.245,108.5,1056.17
NAVER_54486659163,"로티 로티캠프 접이식 캠핑의자 에코 로우체어 M, 탄, 2개",스포츠/레저 > 캠핑 > 캠핑가구 > 캠핑의자,25.78,3.8,13.0,44,로티캠프,네이버,False,https://search.shopping.naver.com/catalog/54486659163,2025-09-23 00:52:04.502641,34800,https://shopping-phinf.pstatic.net/main_5448665/54486659163.20250715142944.jpg,로티,naver_shopping_search,스포츠/레저,캠핑,캠핑가구,캠핑의자,캠핑 의자,56.8162,0.4537438265846713,56.8162,0.4537438265846713,97.964,49.4,335.14
NAVER_54486877588,"로티 로티캠프 접이식 캠핑의자 로우체어 L, 블랙, 2개",스포츠/레저 > 캠핑 > 캠핑가구 > 캠핑의자,36.96,3.8,38.0,73,로티캠프,네이버,False,https://search.shopping.naver.com/catalog/54486877588,2025-09-23 00:52:04.502649,49900,https://shopping-phinf.pstatic.net/main_5448687/54486877588.20250527091724.jpg,로티,naver_shopping_search,스포츠/레저,캠핑,캠핑가구,캠핑의자,캠핑 의자,56.8162,0.6505186900919104,56.8162,0.6505186900919104,140.448,144.4,1404.48
NAVER_53598201609,트래딧 본플래그 택티컬 에어소파 2인용 블랙,스포츠/레저 > 캠핑 > 캠핑가구 > 캠핑의자,154.81,4.6,169.0,29,본플래그,네이버,False,https://search.shopping.naver.com/catalog/53598201609,2025-09-23 00:52:04.502658,209000,https://shopping-phinf.pstatic.net/main_5359820/53598201609.20250317150327.jpg,트래딧,naver_shopping_search,스포츠/레저,캠핑,캠핑가구,캠핑의자,캠핑 의자,56.8162,2.7247510393162515,56.8162,2.7247510393162515,712.126,777.4,26162.89
NAVER_53597137124,로티 로티캠프 이지 와이드 경량 휴대용 캠핑의자 블랙,스포츠/레저 > 캠핑 > 캠핑가구 > 캠핑의자,15.48,4.0,8.0,41,로티캠프,네이버,False,https://search.shopping.naver.com/catalog/53597137124,2025-09-23 00:52:04.502667,20900,https://shopping-phinf.pstatic.net/main_5359713/53597137124.20250317115118.jpg,로티,naver_shopping_search,스포츠/레저,캠핑,캠핑가구,캠핑의자,캠핑 의자,56.8162,0.27245750331771573,56.8162,0.27245750331771573,61.92,32.0,123.84
NAVER_54166339927,레토지엠에스 레토 경량 접이식 캠핑의자,스포츠/레저 > 캠핑 > 캠핑가구 > 캠핑의자,19.49,4.1,94.0,68,레토,네이버,False,https://search.shopping.naver.com/catalog/54166339927,2025-09-23 00:52:04.502676,26310,https://shopping-phinf.pstatic.net/main_5416633/54166339927.20250812161738.jpg,레토지엠에스,naver_shopping_search,스포츠/레저,캠핑,캠핑가구,캠핑의자,캠핑 의자,56.8162,0.34303596509446244,56.8162,0.34303596509446244,79.90899999999999,385.4,1832.06
NAVER_53598699512,로티 로티캠프 경량 접이식 휴대용 캠핑 의자 CCL 블랙,스포츠/레저 > 캠핑 > 캠핑가구 > 캠핑의자,23.15,4.0,96.0,90,로티캠프,네이버,False,https://search.shopping.naver.com/catalog/53598699512,2025-09-23 00:52:04.502686,31250,https://shopping-phinf.pstatic.net/main_5359869/53598699512.20250708151922.jpg,로티,naver_shopping_search,스포츠/레저,캠핑,캠핑가구,캠핑의자,캠핑 의자,56.8162,0.4074542120029146,56.8162,0.4074542120029146,92.6,384.0,2222.3999999999996
NAVER_53547391231,넘버엔 릴렉스 체어 프로 N-CH-001 2개세트 브라운,스포츠/레저 > 캠핑 > 캠핑가구 > 캠핑의자,36.67,3.9,23.0,87,넘버엔,네이버,False,https://search.shopping.naver.com/catalog/53547391231,2025-09-23 00:52:04.502694,49500,https://shopping-phinf.pstatic.net/main_5354739/53547391231.20250402173705.jpg,Unknown,naver_shopping_search,스포츠/레저,캠핑,캠핑가구,캠핑의자,캠핑 의자,56.8162,0.6454145120581806,56.8162,0.6454145120581806,143.013,89.7,843.4100000000001
NAVER_55342823236,스타벅스 X 라코스테 와이드 폴딩 체어 2025 서머 e프리퀀시 그린,스포츠/레저 > 캠핑 > 캠핑가구 > 캠핑의자,31.78,4.3,60.0,85,스타벅스,네이버,False,https://search.shopping.naver.com/catalog/55342823236,2025-09-23 00:52:04.502703,42900,https://shopping-phinf.pstatic.net/main_5534282/55342823236.20250617155748.jpg,스타벅스,naver_shopping_search,스포츠/레저,캠핑,캠핑가구,캠핑의자,캠핑 의자,56.8162,0.5593475100411502,56.8162,0.5593475100411502,136.654,258.0,1906.8000000000002
NAVER_53877808906,트루버 캠핑 경량체어 휴대용 접이식 의자 미니 피크닉 샌드베이지,스포츠/레저 > 캠핑 > 캠핑가구 > 캠핑의자,58.52,4.4,84.0,26,트루버,네이버,False,https://search.shopping.naver.com/catalog/53877808906,2025-09-23 00:52:04.502717,79000,https://shopping-phinf.pstatic.net/main_5387780/53877808906.20250331175359.jpg,트루버,naver_shopping_search,스포츠/레저,캠핑,캠핑가구,캠핑의자,캠핑 의자,56.8162,1.0299879259788582,56.8162,1.0299879259788582,257.48800000000006,369.6,4915.68
NAVER_53874341060,레토 각도조절 릴렉스 접이식 롱 캠핑체어 카키,스포츠/레저 > 캠핑 > 캠핑가구 > 캠핑의자,39.61,4.2,28.0,56,레토,네이버,False,https://search.shopping.naver.com/catalog/53874341060,2025-09-23 00:52:04.502728,53480,https://shopping-phinf.pstatic.net/main_5387434/53874341060.20250812163426.jpg,레토,naver_shopping_search,스포츠/레저,캠핑,캠핑가구,캠핑의자,캠핑 의자,56.8162,0.6971603169518552,56.8162,0.6971603169518552,166.362,117.60000000000001,1109.08
NAVER_53628256351,헬리녹스 택티컬 체어 코요테탄,스포츠/레저 > 캠핑 > 캠핑가구 > 캠핑의자,62.96,4.2,33.0,60,헬리녹스,네이버,False,https://search.shopping.naver.com/catalog/53628256351,2025-09-23 00:52:04.502739,85000,https://shopping-phinf.pstatic.net/main_5362825/53628256351.20250318171455.jpg,헬리녹스,naver_shopping_search,스포츠/레저,캠핑,캠핑가구,캠핑의자,캠핑 의자,56.8162,1.1081346517366526,56.8162,1.1081346517366526,264.432,138.6,2077.68
NAVER_53599091423,코뉴 코누 경량 체어 2개 아이보리,스포츠/레저 > 캠핑 > 캠핑가구 > 캠핑의자,126.67,4.3,63.0,45,코누,네이버,False,https://search.shopping.naver.com/catalog/53599091423,2025-09-23 00:52:04.502749,171000,https://shopping-phinf.pstatic.net/main_5359909/53599091423.20250317162203.jpg,코뉴,naver_shopping_search,스포츠/레저,캠핑,캠핑가구,캠핑의자,캠핑 의자,56.8162,2.229469763905365,56.8162,2.229469763905365,544.681,270.9,7980.21
NAVER_53786785399,로티 로티캠프 휴대용 릴렉스 앵글 캠핑 의자 AAC-R1 블랙,스포츠/레저 > 캠핑 > 캠핑가구 > 캠핑의자,45.48,3.7,35.0,114,로티캠프,네이버,False,https://search.shopping.naver.com/catalog/53786785399,2025-09-23 00:52:04.502759,61400,https://shopping-phinf.pstatic.net/main_5378678/53786785399.20250326123845.jpg,로티,naver_shopping_search,스포츠/레저,캠핑,캠핑가구,캠핑의자,캠핑 의자,56.8162,0.8004759206001104,56.8162,0.8004759206001104,168.276,129.5,1591.8
NAVER_19106565408,카즈미 감성 릴렉스체어 K3T3C025 2개,스포츠/레저 > 캠핑 > 캠핑가구 > 캠핑의자,51.78,4.4,30.0,41,카즈미,네이버,False,https://search.shopping.naver.com/catalog/19106565408,2025-09-23 00:52:04.502770,69900,https://shopping-phinf.pstatic.net/main_1910656/19106565408.20230816112235.jpg,카즈미,naver_shopping_search,스포츠/레저,캠핑,캠핑가구,캠핑의자,캠핑 의자,56.8162,0.9113597882294134,56.8162,0.9113597882294134,227.83200000000002,132.0,1553.4
NAVER_53874343084,레토 컴포트 캠핑의자 LCP-CL04 카키,스포츠/레저 > 캠핑 > 캠핑가구 > 캠핑의자,13.86,4.3,86.0,106,레토,네이버,False,https://search.shopping.naver.com/catalog/53874343084,2025-09-23 00:52:04.502779,18710,https://shopping-phinf.pstatic.net/main_5387434/53874343084.20250812163249.jpg,레토,naver_shopping_search,스포츠/레저,캠핑,캠핑가구,캠핑의자,캠핑 의자,56.8162,0.24394450878446639,56.8162,0.24394450878446639,59.59799999999999,369.8,1191.96
NAVER_56454014929,"코뉴 코누 와라 체어 올리브, 2개",스포츠/레저 > 캠핑 > 캠핑가구 > 캠핑의자,165.2,4.7,124.0,42,코누,네이버,False,https://search.shopping.naver.com/catalog/56454014929,2025-09-23 00:52:04.502788,223020,https://shopping-phinf.pstatic.net/main_5645401/56454014929.20250827101807.jpg,코뉴,naver_shopping_search,스포츠/레저,캠핑,캠핑가구,캠핑의자,캠핑 의자,56.8162,2.907621417835054,56.8162,2.907621417835054,776.4399999999999,582.8000000000001,20484.8
NAVER_27012632528,초경량 듀랄루민 접이식 의자 소형,스포츠/레저 > 캠핑 > 캠핑가구 > 캠핑의자,4.81,3.8,95.0,120,Unknown,네이버,False,https://search.shopping.naver.com/catalog/27012632528,2025-09-23 00:52:04.502796,6500,https://shopping-phinf.pstatic.net/main_2701263/27012632528.20210503130203.jpg,Unknown,naver_shopping_search,스포츠/레저,캠핑,캠핑가구,캠핑의자,캠핑 의자,56.8162,0.08465895290427729,56.8162,0.08465895290427729,18.278,361.0,456.95
NAVER_83127059908,카즈미 캠핑의자 1+1 릴렉스체어 접이식 캠핑용의자 휴대용 리클라이너 다운힐체어,스포츠/레저 > 캠핑 > 캠핑가구 > 캠핑의자,117.78,4.6,202.125,25,카즈미,피에스퍼니싱,False,https://smartstore.naver.com/main/products/5582563793,2025-09-23 00:52:04.502808,159000,https://shopping-phinf.pstatic.net/main_8312705/83127059908.9.jpg,카즈미,naver_shopping_search,스포츠/레저,캠핑,캠핑가구,캠핑의자,캠핑 의자,56.8162,2.073000306250682,56.8162,2.073000306250682,541.788,929.775,23806.2825
NAVER_88927877761,브리즈문 파우치형 초경량 휴대용 캠핑 접이식 등산 의자 놀이공원 대기 백패킹 중형,스포츠/레저 > 캠핑 > 캠핑가구 > 캠핑의자,5.04,3.6,23.0,44,브리즈문,BreezeMoon,False,https://smartstore.naver.com/main/products/11383367396,2025-09-23 00:52:04.502818,6800,https://shopping-phinf.pstatic.net/main_8892787/88927877761.jpg,브리즈문,naver_shopping_search,스포츠/레저,캠핑,캠핑가구,캠핑의자,캠핑 의자,56.8162,0.08870709410344232,56.8162,0.08870709410344232,18.144000000000002,82.8,115.92
NAVER_87845889892,BP 캠핑 좌식의자 그라운드체어 등받이 접이식 불꽃놀이 피크닉 페스티벌 휴대용 2세대,스포츠/레저 > 캠핑 > 캠핑가구 > 캠핑의자,7.33,3.7,99.0,70,Unknown,브리즈피크,False,https://smartstore.naver.com/main/products/10301385878,2025-09-23 00:52:04.502828,9900,https://shopping-phinf.pstatic.net/main_8784588/87845889892.4.jpg,Unknown,naver_shopping_search,스포츠/레저,캠핑,캠핑가구,캠핑의자,캠핑 의자,56.8162,0.12901249995599845,56.8162,0.12901249995599845,27.121000000000002,366.3,725.67
NAVER_83874193435,카즈미 다운힐 체어 4단 각도조절 릴렉스 목쿠션 캠핑의자 골드,스포츠/레저 > 캠핑 > 캠핑가구 > 캠핑의자,59.26,3.9,85.0,38,카즈미,맘스캠핑,False,https://smartstore.naver.com/main/products/6329690946,2025-09-23 00:52:04.502837,80000,https://shopping-phinf.pstatic.net/main_8387419/83874193435.7.jpg,카즈미,naver_shopping_search,스포츠/레저,캠핑,캠핑가구,캠핑의자,캠핑 의자,56.8162,1.0430123802718239,56.8162,1.0430123802718239,231.11399999999998,331.5,5037.099999999999
NAVER_86829902075,레드코코 경량 캠핑 의자 1+1 체어 백패킹 피크닉 낚시 알루미늄 베이지 블랙,스포츠/레저 > 캠핑 > 캠핑가구 > 캠핑의자,48.07,4.0,57.0,79,레드코코,레드코코-REDKOCO,False,https://smartstore.naver.com/main/products/9285401752,2025-09-23 00:52:04.502928,64900,https://shopping-phinf.pstatic.net/main_8682990/86829902075.4.jpg,우드인터내셔날,naver_shopping_search,스포츠/레저,캠핑,캠핑가구,캠핑의자,캠핑 의자,56.8162,0.8460615106254906,56.8162,0.8460615106254906,192.28,228.0,2739.9900000000002
NAVER_81186423506,지오프리 릴렉스 그라운드 체어 캠핑 의자 접이식 휴대용 좌식 페스티벌 피크닉 차박,스포츠/레저 > 캠핑 > 캠핑가구 > 캠핑의자,27.04,3.9,89.0,115,지오프리,감성캠핑 로고스,False,https://smartstore.naver.com/main/products/3641905940,2025-09-23 00:52:04.502963,36500,https://shopping-phinf.pstatic.net/main_8118642/81186423506.18.jpg,Unknown,naver_shopping_search,스포츠/레저,캠핑,캠핑가구,캠핑의자,캠핑 의자,56.8162,0.47592060011053183,56.8162,0.47592060011053183,105.45599999999999,347.09999999999997,2406.56
NAVER_56454172466,브리즈피크 1세대 좌식 의자,스포츠/레저 > 캠핑 > 캠핑가구 > 캠핑의자,5.85,4.0,66.0,77,브리즈피크,네이버,False,https://search.shopping.naver.com/catalog/56454172466,2025-09-23 00:52:04.502977,7900,https://shopping-phinf.pstatic.net/main_5645417/56454172466.20250915113132.jpg,Unknown,naver_shopping_search,스포츠/레저,캠핑,캠핑가구,캠핑의자,캠핑 의자,56.8162,0.10296359137006698,56.8162,0.10296359137006698,23.4,264.0,386.09999999999997
NAVER_86036420048,헬리녹스 체어제로 기본 캠핑 휴대용 백패킹 초경량 의자,스포츠/레저 > 캠핑 > 캠핑가구 > 캠핑의자,92.59,3.8,102.0,29,헬리녹스,플롬아웃도어 울산점,False,https://smartstore.naver.com/main/products/8491919725,2025-09-23 00:52:04.502991,125000,https://shopping-phinf.pstatic.net/main_8603642/86036420048.4.jpg,헬리녹스,naver_shopping_search,스포츠/레저,캠핑,캠핑가구,캠핑의자,캠핑 의자,56.8162,1.6296408418725645,56.8162,1.6296408418725645,351.842,387.59999999999997,9444.18
NAVER_9490947645,듀랄루민 등산 의자 휴대용 접이식 낚시 캠핑용 미니의자 소형,스포츠/레저 > 캠핑 > 캠핑가구 > 캠핑의자,4.37,3.6,85.0,93,Unknown,잇츠레저,False,https://smartstore.naver.com/main/products/368362031,2025-09-23 00:52:04.503003,5900,https://shopping-phinf.pstatic.net/main_9490947/9490947645.15.jpg,Unknown,naver_shopping_search,스포츠/레저,캠핑,캠핑가구,캠핑의자,캠핑 의자,56.8162,0.0769146827841355,56.8162,0.0769146827841355,15.732000000000001,306.0,371.45
NAVER_86130017605,매드독캠프 4단 각도조절 캠핑리클라이너 릴렉스체어 필로우 포함,스포츠/레저 > 캠핑 > 캠핑가구 > 캠핑의자,58.52,4.1,93.0,51,매드독캠프,매드독캠프,False,https://smartstore.naver.com/main/products/8585517282,2025-09-23 00:52:04.503016,79000,https://shopping-phinf.pstatic.net/main_8613001/86130017605.3.jpg,Unknown,naver_shopping_search,스포츠/레저,캠핑,캠핑가구,캠핑의자,캠핑 의자,56.8162,1.0299879259788582,56.8162,1.0299879259788582,239.932,381.29999999999995,5442.360000000001
NAVER_88996713884,헬리녹스 체어원 re 리 기본 캠핑 초경량 접의식 의자,스포츠/레저 > 캠핑 > 캠핑가구 > 캠핑의자,102.96,4.4,93.0,41,헬리녹스,캠핑레시피,False,https://smartstore.naver.com/main/products/11452203519,2025-09-23 00:52:04.503029,139000,https://shopping-phinf.pstatic.net/main_8899671/88996713884.1.jpg,헬리녹스,naver_shopping_search,스포츠/레저,캠핑,캠핑가구,캠핑의자,캠핑 의자,56.8162,1.8121592081131788,56.8162,1.8121592081131788,453.024,409.20000000000005,9575.279999999999
NAVER_46970425619,카나모 프리미엄 폴딩체어 대형,스포츠/레저 > 캠핑 > 캠핑가구 > 캠핑의자,7.33,3.7,23.0,80,카나모,네이버,False,https://search.shopping.naver.com/catalog/46970425619,2025-09-23 00:52:04.503040,9900,https://shopping-phinf.pstatic.net/main_4697042/46970425619.20240416095238.jpg,Unknown,naver_shopping_search,스포츠/레저,캠핑,캠핑가구,캠핑의자,캠핑 의자,56.8162,0.12901249995599845,56.8162,0.12901249995599845,27.121000000000002,85.10000000000001,168.59
NAVER_86322833008,매드독캠프 캠핑 릴렉스 경량체어 카몬up70프레임 내하중 180kg 탄베이지,스포츠/레저 > 캠핑 > 캠핑가구 > 캠핑의자,64.44,3.9,131.0,74,매드독캠프,매드독캠프,False,https://smartstore.naver.com/main/products/8778332686,2025-09-23 00:52:04.503052,87000,https://shopping-phinf.pstatic.net/main_8632283/86322833008.4.jpg,에스앤제이스토어,naver_shopping_search,스포츠/레저,캠핑,캠핑가구,캠핑의자,캠핑 의자,56.8162,1.134183560322584,56.8162,1.134183560322584,251.31599999999997,510.9,8441.64
NAVER_83655809791,낚시의자 휴대용의자 소형 접이식 등산 야외 간이 초경량 캠핑 의자,스포츠/레저 > 캠핑 > 캠핑가구 > 캠핑의자,4.37,4.2,12.0,42,Unknown,라이빙,False,https://smartstore.naver.com/main/products/6111310303,2025-09-23 00:52:04.503064,5900,https://shopping-phinf.pstatic.net/main_8365580/83655809791.6.jpg,Unknown,naver_shopping_search,스포츠/레저,캠핑,캠핑가구,캠핑의자,캠핑 의자,56.8162,0.0769146827841355,56.8162,0.0769146827841355,18.354000000000003,50.400000000000006,52.44
NAVER_89028602754,헬리녹스 체어원 하이백 리 re 기본 캠핑 경량 의자,스포츠/레저 > 캠핑 > 캠핑가구 > 캠핑의자,124.44,4.4,182.0,33,헬리녹스,캠핑레시피,False,https://smartstore.naver.com/main/products/11484092389,2025-09-23 00:52:04.503074,168000,https://shopping-phinf.pstatic.net/main_8902860/89028602754.1.jpg,헬리녹스,naver_shopping_search,스포츠/레저,캠핑,캠핑가구,캠핑의자,캠핑 의자,56.8162,2.1902203948873735,56.8162,2.1902203948873735,547.5360000000001,800.8000000000001,22648.079999999998
NAVER_89242175359,캠프빌리지 캠핑 의자 릴렉스 체어 접이식 특대 2개 카키,스포츠/레저 > 캠핑 > 캠핑가구 > 캠핑의자,40.67,4.0,21.0,113,캠프빌리지,더캠프빌리지,False,https://smartstore.naver.com/main/products/11697664892,2025-09-23 00:52:04.503086,54900,https://shopping-phinf.pstatic.net/main_8924217/89242175359.2.jpg,Unknown,naver_shopping_search,스포츠/레저,캠핑,캠핑가구,캠핑의자,캠핑 의자,56.8162,0.7158169676958333,56.8162,0.7158169676958333,162.68,84.0,854.07
NAVER_84478544680,브리즈문 초 경량 캠핑의자 1+1 컴포트 릴렉스 체어 스틸+볼캡8P,스포츠/레저 > 캠핑 > 캠핑가구 > 캠핑의자,36.89,3.8,12.0,81,브리즈문,BreezeMoon,False,https://smartstore.naver.com/main/products/6934044358,2025-09-23 00:52:04.503097,49800,https://shopping-phinf.pstatic.net/main_8447854/84478544680.5.jpg,브리즈문,naver_shopping_search,스포츠/레저,캠핑,캠핑가구,캠핑의자,캠핑 의자,56.8162,0.6492866471182515,56.8162,0.6492866471182515,140.182,45.599999999999994,442.68
NAVER_88008501230,지프 하드 암 체어 캠핑체어 차박 오토 릴렉스 편안한 의자,스포츠/레저 > 캠핑 > 캠핑가구 > 캠핑의자,48.81,4.2,31.0,43,지프,캠핑토크,False,https://smartstore.naver.com/main/products/10463996022,2025-09-23 00:52:04.503108,65900,https://shopping-phinf.pstatic.net/main_8800850/88008501230.jpg,지프,naver_shopping_search,스포츠/레저,캠핑,캠핑가구,캠핑의자,캠핑 의자,56.8162,0.8590859649184563,56.8162,0.8590859649184563,205.002,130.20000000000002,1513.1100000000001
NAVER_56441294610,브리즈문 2세대 경량 롱 릴렉스 체어 2개,스포츠/레저 > 캠핑 > 캠핑가구 > 캠핑의자,44.3,3.8,11.0,51,브리즈문,네이버,False,https://search.shopping.naver.com/catalog/56441294610,2025-09-23 00:52:04.503118,59800,https://shopping-phinf.pstatic.net/main_5644129/56441294610.20250826174812.jpg,브리즈문,naver_shopping_search,스포츠/레저,캠핑,캠핑가구,캠핑의자,캠핑 의자,56.8162,0.7797071961870029,56.8162,0.7797071961870029,168.33999999999997,41.8,487.29999999999995
NAVER_82720453104,카즈미 4단 각도조절 캠핑의자 5시전 주문 당일발송 릴렉스체어 폴딩 목쿠션 다운힐체어,스포츠/레저 > 캠핑 > 캠핑가구 > 캠핑의자,58.52,4.4,115.0,50,카즈미,피쉬앤카,False,https://smartstore.naver.com/main/products/5175931960,2025-09-23 00:52:04.503129,79000,https://shopping-phinf.pstatic.net/main_8272045/82720453104.28.jpg,카즈미,naver_shopping_search,스포츠/레저,캠핑,캠핑가구,캠핑의자,캠핑 의자,56.8162,1.0299879259788582,56.8162,1.0299879259788582,257.48800000000006,506.00000000000006,6729.8
NAVER_86750414008,코베아 릴렉스 롱체어 캠핑의자 접이식 폴딩 경량 감성 캠핑용 휴대용 가벼운 편한,스포츠/레저 > 캠핑 > 캠핑가구 > 캠핑의자,39.99,4.1,83.0,38,코베아,티에스shop,False,https://smartstore.naver.com/main/products/9205913685,2025-09-23 00:52:04.503140,53990,https://shopping-phinf.pstatic.net/main_8675041/86750414008.6.jpg,Unknown,naver_shopping_search,스포츠/레저,캠핑,캠핑가구,캠핑의자,캠핑 의자,56.8162,0.7038485502374323,56.8162,0.7038485502374323,163.959,340.29999999999995,3319.17
NAVER_87818688995,센트팜 캠핑의자 1+1 경량 릴렉스 체어 와이드,스포츠/레저 > 캠핑 > 캠핑가구 > 캠핑의자,105.19,4.8,202.125,47,센트팜,센트팜,False,https://smartstore.naver.com/main/products/10274185171,2025-09-23 00:52:04.503151,142000,https://shopping-phinf.pstatic.net/main_8781868/87818688995.1.jpg,Unknown,naver_shopping_search,스포츠/레저,캠핑,캠핑가구,캠핑의자,캠핑 의자,56.8162,1.8514085771311701,56.8162,1.8514085771311701,504.912,970.1999999999999,21261.52875
NAVER_9662877182,카디움 경량 캠핑의자 등산의자 BBQ체어 백패킹 접이식 낚시 휴대용 미니의자 ES-709,스포츠/레저 > 캠핑 > 캠핑가구 > 캠핑의자,5.11,4.2,9.0,81,카디움,팔공티앤씨,False,https://smartstore.naver.com/main/products/384167283,2025-09-23 00:52:04.503162,6900,https://shopping-phinf.pstatic.net/main_9662877/9662877182.11.jpg,팔공티앤씨,naver_shopping_search,스포츠/레저,캠핑,캠핑가구,캠핑의자,캠핑 의자,56.8162,0.08993913707710126,56.8162,0.08993913707710126,21.462000000000003,37.800000000000004,45.99
NAVER_53874538605,헬리녹스 체어투 블랙,스포츠/레저 > 캠핑 > 캠핑가구 > 캠핑의자,102.04,4.4,202.125,50,헬리녹스,네이버,False,https://search.shopping.naver.com/catalog/53874538605,2025-09-23 00:52:04.503172,137750,https://shopping-phinf.pstatic.net/main_5387453/53874538605.20250331153322.jpg,헬리녹스,naver_shopping_search,스포츠/레저,캠핑,캠핑가구,캠핑의자,캠핑 의자,56.8162,1.795966643316519,56.8162,1.795966643316519,448.97600000000006,889.35,20624.835000000003
NAVER_89894846242,브리즈문 그라운드 체어 휴대용 페스티벌 캠핑 좌식 의자 피크닉 1세대,스포츠/레저 > 캠핑 > 캠핑가구 > 캠핑의자,5.78,4.2,97.0,90,브리즈문,BreezeMoon,False,https://smartstore.naver.com/main/products/12350335525,2025-09-23 00:52:04.503183,7800,https://shopping-phinf.pstatic.net/main_8989484/89894846242.3.jpg,브리즈문,naver_shopping_search,스포츠/레저,캠핑,캠핑가구,캠핑의자,캠핑 의자,56.8162,0.10173154839640806,56.8162,0.10173154839640806,24.276000000000003,407.40000000000003,560.66
NAVER_82652932940,버팔로 캠핑 체어 의자 낚시 야외 나들이 접이식 경량 로다체어2p,스포츠/레저 > 캠핑 > 캠핑가구 > 캠핑의자,29.56,3.8,37.0,104,버팔로,버팔로 캠핑,False,https://smartstore.naver.com/main/products/5108410894,2025-09-23 00:52:04.503194,39900,https://shopping-phinf.pstatic.net/main_8265293/82652932940.10.jpg,비에프엘,naver_shopping_search,스포츠/레저,캠핑,캠핑가구,캠핑의자,캠핑 의자,56.8162,0.520274147162253,56.8162,0.520274147162253,112.32799999999999,140.6,1093.72
NAVER_89615937388,체어원 (re) / 블랙아웃 에디션,스포츠/레저 > 캠핑 > 캠핑가구 > 캠핑의자,102.96,4.6,201.0,44,헬리녹스,Helinox,False,https://smartstore.naver.com/main/products/12071426678,2025-09-23 00:52:04.503204,139000,https://shopping-phinf.pstatic.net/main_8961593/89615937388.jpg,헬리녹스,naver_shopping_search,스포츠/레저,캠핑,캠핑가구,캠핑의자,캠핑 의자,56.8162,1.8121592081131788,56.8162,1.8121592081131788,473.61599999999993,924.5999999999999,20694.96
NAVER_53547363173,쿠디 에어 소파 베이지,스포츠/레저 > 캠핑 > 캠핑가구 > 캠핑의자,111.11,4.6,104.0,21,쿠디,네이버,False,https://search.shopping.naver.com/catalog/53547363173,2025-09-23 00:52:04.503213,150000,https://shopping-phinf.pstatic.net/main_5354736/53547363173.20250314122246.jpg,쿠디,naver_shopping_search,스포츠/레저,캠핑,캠핑가구,캠핑의자,캠핑 의자,56.8162,1.9556042114748962,56.8162,1.9556042114748962,511.10599999999994,478.4,11555.44
NAVER_82491705772,경량캠핑의자1+1 롱릴렉스체어 휴대낙시 미니 초경량 폴딩 비체어,스포츠/레저 > 캠핑 > 캠핑가구 > 캠핑의자,65.93,4.3,27.0,28,플랜40,플랜포티,False,https://smartstore.naver.com/main/products/4947185772,2025-09-23 00:52:04.503224,89000,https://shopping-phinf.pstatic.net/main_8249170/82491705772.1.jpg,플랜40,naver_shopping_search,스포츠/레저,캠핑,캠핑가구,캠핑의자,캠핑 의자,56.8162,1.1604084750476098,56.8162,1.1604084750476098,283.499,116.1,1780.1100000000001
NAVER_83200685479,캠핑의자 1+1 로우체어 중형 베이지 롱 감성 접이식 낚시의자 휴대용 피크닉 폴딩,스포츠/레저 > 캠핑 > 캠핑가구 > 캠핑의자,44.44,3.7,15.0,64,Unknown,모르포,False,https://smartstore.naver.com/main/products/5656188173,2025-09-23 00:52:04.503235,60000,https://shopping-phinf.pstatic.net/main_8320068/83200685479.13.jpg,Unknown,naver_shopping_search,스포츠/레저,캠핑,캠핑가구,캠핑의자,캠핑 의자,56.8162,0.7821712821343207,56.8162,0.7821712821343207,164.428,55.5,666.5999999999999
NAVER_86535834007,브리즈문 두꺼운 2세대 그라운드 체어 캠핑 좌식 휴대용 의자 페스티벌 피크닉 의자 1개,스포츠/레저 > 캠핑 > 캠핑가구 > 캠핑의자,10.96,4.1,57.0,31,브리즈문,BreezeMoon,False,https://smartstore.naver.com/main/products/8991333684,2025-09-23 00:52:04.503247,14800,https://shopping-phinf.pstatic.net/main_8653583/86535834007.jpg,브리즈문,naver_shopping_search,스포츠/레저,캠핑,캠핑가구,캠핑의자,캠핑 의자,56.8162,0.19290272844716824,56.8162,0.19290272844716824,44.936,233.7,624.72
NAVER_86317040149,매드독캠프 카몬 LOW 70프레임 캠핑 경량체어 내하중 180kg,스포츠/레저 > 캠핑 > 캠핑가구 > 캠핑의자,54.81,4.2,51.0,74,매드독캠프,매드독캠프,False,https://smartstore.naver.com/main/products/8772539826,2025-09-23 00:52:04.503259,74000,https://shopping-phinf.pstatic.net/main_8631704/86317040149.4.jpg,Unknown,naver_shopping_search,스포츠/레저,캠핑,캠핑가구,캠핑의자,캠핑 의자,56.8162,0.9646896483749353,56.8162,0.9646896483749353,230.20200000000003,214.20000000000002,2795.31
NAVER_53626538917,헬리녹스 택티컬 선셋 체어 블랙,스포츠/레저 > 캠핑 > 캠핑가구 > 캠핑의자,142.22,4.4,202.125,10,헬리녹스,네이버,False,https://search.shopping.naver.com/catalog/53626538917,2025-09-23 00:52:04.503268,192000,https://shopping-phinf.pstatic.net/main_5362653/53626538917.20250318141837.jpg,헬리녹스,naver_shopping_search,스포츠/레저,캠핑,캠핑가구,캠핑의자,캠핑 의자,56.8162,2.5031593101967395,56.8162,2.5031593101967395,625.768,889.35,28746.2175
NAVER_86259442308,1+1 캠프빌리지 캠핑 의자 이지와이드 밀크팝 경량 체어 (보관가방포함) 아이보리,스포츠/레저 > 캠핑 > 캠핑가구 > 캠핑의자,22.15,4.3,24.0,75,캠프빌리지,더캠프빌리지,False,https://smartstore.naver.com/main/products/8714941985,2025-09-23 00:52:04.503279,29900,https://shopping-phinf.pstatic.net/main_8625944/86259442308.11.jpg,Unknown,naver_shopping_search,스포츠/레저,캠핑,캠핑가구,캠핑의자,캠핑 의자,56.8162,0.38985359809350145,56.8162,0.38985359809350145,95.24499999999999,103.19999999999999,531.5999999999999
NAVER_86350339465,헬리녹스 선셋체어 기본 Sunset Chair 릴렉스 체어 선셋 메쉬 의자,스포츠/레저 > 캠핑 > 캠핑가구 > 캠핑의자,125.93,4.3,202.125,17,헬리녹스,플롬아웃도어 울산점,False,https://smartstore.naver.com/main/products/8805839142,2025-09-23 00:52:04.503291,170000,https://shopping-phinf.pstatic.net/main_8635033/86350339465.15.jpg,헬리녹스,naver_shopping_search,스포츠/레저,캠핑,캠핑가구,캠핑의자,캠핑 의자,56.8162,2.2164453096123995,56.8162,2.2164453096123995,541.499,869.1374999999999,25453.60125
NAVER_87537879905,몬테라 CVT2 그란데 라지 GL 체어 캠핑 각도조절 경량 의자,스포츠/레저 > 캠핑 > 캠핑가구 > 캠핑의자,80.74,4.1,43.0,25,몬테라,플롬아웃도어 울산점,False,https://smartstore.naver.com/main/products/9993377632,2025-09-23 00:52:04.503303,109000,https://shopping-phinf.pstatic.net/main_8753787/87537879905.2.jpg,Unknown,naver_shopping_search,스포츠/레저,캠핑,캠핑가구,캠핑의자,캠핑 의자,56.8162,1.4210735670460184,56.8162,1.4210735670460184,331.03399999999993,176.29999999999998,3471.8199999999997
NAVER_87457637004,스노우피크 FD 체어 캠핑 폴딩 LV-077RD 레드,스포츠/레저 > 캠핑 > 캠핑가구 > 캠핑의자,101.48,4.3,189.0,37,스노우피크,모사오카,False,https://smartstore.naver.com/main/products/9913134731,2025-09-23 00:52:04.503313,137000,https://shopping-phinf.pstatic.net/main_8745763/87457637004.6.jpg,스노우피크,naver_shopping_search,스포츠/레저,캠핑,캠핑가구,캠핑의자,캠핑 의자,56.8162,1.7861102995272475,56.8162,1.7861102995272475,436.364,812.6999999999999,19179.72
NAVER_89615932155,체어원 하이백 (re) / 블랙아웃 에디션,스포츠/레저 > 캠핑 > 캠핑가구 > 캠핑의자,124.44,4.3,106.0,17,헬리녹스,Helinox,False,https://smartstore.naver.com/main/products/12071421456,2025-09-23 00:52:04.503323,168000,https://shopping-phinf.pstatic.net/main_8961593/89615932155.jpg,헬리녹스,naver_shopping_search,스포츠/레저,캠핑,캠핑가구,캠핑의자,캠핑 의자,56.8162,2.1902203948873735,56.8162,2.1902203948873735,535.092,455.79999999999995,13190.64
NAVER_52323139619,카즈미 다운 힐 체어 K20T1C32 블랙,스포츠/레저 > 캠핑 > 캠핑가구 > 캠핑의자,56.96,4.5,148.0,50,카즈미,네이버,False,https://search.shopping.naver.com/catalog/52323139619,2025-09-23 00:52:04.503333,76900,https://shopping-phinf.pstatic.net/main_5232313/52323139619.20250709174034.jpg,카즈미,naver_shopping_search,스포츠/레저,캠핑,캠핑가구,캠핑의자,캠핑 의자,56.8162,1.0025309682801735,56.8162,1.0025309682801735,256.32,666.0,8430.08
NAVER_84260439357,원스위크라이프 캠핑 경량 휴대용 백패킹 컴팩트 체어 블랙,스포츠/레저 > 캠핑 > 캠핑가구 > 캠핑의자,17.03,4.2,95.0,116,원스위크라이프,원스위크라이프,False,https://smartstore.naver.com/main/products/6715939035,2025-09-23 00:52:04.503343,22990,https://shopping-phinf.pstatic.net/main_8426043/84260439357.4.jpg,Unknown,naver_shopping_search,스포츠/레저,캠핑,캠핑가구,캠핑의자,캠핑 의자,56.8162,0.2997384548773061,56.8162,0.2997384548773061,71.52600000000001,399.0,1617.8500000000001
NAVER_86600800045,BONFLAG 캠핑 에어쇼파 에어소파 의자 2인용_블랙,스포츠/레저 > 캠핑 > 캠핑가구 > 캠핑의자,154.81,4.6,108.0,32,본플래그,BONFLAG,False,https://smartstore.naver.com/main/products/9056299722,2025-09-23 00:52:04.503358,209000,https://shopping-phinf.pstatic.net/main_8660080/86600800045.2.jpg,트래딧,naver_shopping_search,스포츠/레저,캠핑,캠핑가구,캠핑의자,캠핑 의자,56.8162,2.7247510393162515,56.8162,2.7247510393162515,712.126,496.79999999999995,16719.48
NAVER_81069314549,알래스카블랙 캠핑 의자 체어 커버 시트 천갈이 릴렉스체어 커버,스포츠/레저 > 캠핑 > 캠핑가구 > 캠핑의자,8.15,4.1,60.0,119,알래스카블랙,헬로우캠핑,False,https://smartstore.naver.com/main/products/3524797215,2025-09-23 00:52:04.503369,11000,https://shopping-phinf.pstatic.net/main_8106931/81069314549.jpg,마당발,naver_shopping_search,스포츠/레저,캠핑,캠핑가구,캠핑의자,캠핑 의자,56.8162,0.14344500336171725,56.8162,0.14344500336171725,33.415,245.99999999999997,489.0
NAVER_80654652276,"로티캠프 감성 휴대용 경량 로우체어 접이식 캠핑의자 M, 탄, 2개",스포츠/레저 > 캠핑 > 캠핑가구 > 캠핑의자,25.78,4.1,20.0,116,로티캠프,로티몰닷컴,False,https://smartstore.naver.com/main/products/3156907947,2025-09-23 00:52:04.503379,34800,https://shopping-phinf.pstatic.net/main_8065465/80654652276.24.jpg,로티,naver_shopping_search,스포츠/레저,캠핑,캠핑가구,캠핑의자,캠핑 의자,56.8162,0.4537438265846713,56.8162,0.4537438265846713,105.698,82.0,515.6
NAVER_55339976859,카고컨테이너 코지 폴딩체어 L 2개 세트 카키,스포츠/레저 > 캠핑 > 캠핑가구 > 캠핑의자,127.85,4.7,59.0,22,카고컨테이너,네이버,False,https://search.shopping.naver.com/catalog/55339976859,2025-09-23 00:52:04.503389,172600,https://shopping-phinf.pstatic.net/main_5533997/55339976859.20250617093821.jpg,카고컨테이너,naver_shopping_search,스포츠/레저,캠핑,캠핑가구,캠핑의자,캠핑 의자,56.8162,2.2502384883184723,56.8162,2.2502384883184723,600.895,277.3,7543.15
NAVER_80711189475,로티캠프 캠핑 의자 1+1 릴렉스 체어 휴대용 접이식 경량 MC-111 탄,스포츠/레저 > 캠핑 > 캠핑가구 > 캠핑의자,14.74,3.6,59.0,42,로티캠프,로티몰닷컴,False,https://smartstore.naver.com/main/products/3213445026,2025-09-23 00:52:04.503398,19900,https://shopping-phinf.pstatic.net/main_8071118/80711189475.15.jpg,로티,naver_shopping_search,스포츠/레저,캠핑,캠핑가구,캠핑의자,캠핑 의자,56.8162,0.25943304902474995,56.8162,0.25943304902474995,53.064,212.4,869.66
NAVER_88137438654,휴대용 놀이공원 의자 접이식 피크닉 에버랜드 의자 잔망핑크,스포츠/레저 > 캠핑 > 캠핑가구 > 캠핑의자,4.3,4.0,11.0,63,Unknown,이든리빙,False,https://smartstore.naver.com/main/products/10592933064,2025-09-23 00:52:04.503408,5800,https://shopping-phinf.pstatic.net/main_8813743/88137438654.2.jpg,Unknown,naver_shopping_search,스포츠/레저,캠핑,캠핑가구,캠핑의자,캠핑 의자,56.8162,0.07568263981047658,56.8162,0.07568263981047658,17.2,44.0,47.3
NAVER_87938707658,-50% 몬테라 캠핑 바베큐 체어 와이드 2개 1세트 (가방포함) / BBQ 체어 비비큐,스포츠/레저 > 캠핑 > 캠핑가구 > 캠핑의자,12.22,4.0,39.0,65,몬테라,캠핑멀티샵,False,https://smartstore.naver.com/main/products/10394202765,2025-09-23 00:52:04.503420,16500,https://shopping-phinf.pstatic.net/main_8793870/87938707658.1.jpg,카라신,naver_shopping_search,스포츠/레저,캠핑,캠핑가구,캠핑의자,캠핑 의자,56.8162,0.21507950197302883,56.8162,0.21507950197302883,48.88,156.0,476.58000000000004
NAVER_80009597946,마추픽추 롱 릴렉스 체어 특대 2개 세트,스포츠/레저 > 캠핑 > 캠핑가구 > 캠핑의자,51.04,4.0,97.0,34,마추픽추,필로비,False,https://smartstore.naver.com/main/products/2511854516,2025-09-23 00:52:04.503442,68900,https://shopping-phinf.pstatic.net/main_8000959/80009597946.5.jpg,마추픽추,naver_shopping_search,스포츠/레저,캠핑,캠핑가구,캠핑의자,캠핑 의자,56.8162,0.8983353339364477,56.8162,0.8983353339364477,204.16,388.0,4950.88
NAVER_8744159771,넘버엔 릴렉스체어 프로 2개세트 N-CH-001 접이식 캠핑의자 1+1,스포츠/레저 > 캠핑 > 캠핑가구 > 캠핑의자,36.67,3.6,33.0,63,넘버엔,미티어소원,False,https://smartstore.naver.com/main/products/315283858,2025-09-23 00:52:04.503454,49500,https://shopping-phinf.pstatic.net/main_8744159/8744159771.2.jpg,Unknown,naver_shopping_search,스포츠/레저,캠핑,캠핑가구,캠핑의자,캠핑 의자,56.8162,0.6454145120581806,56.8162,0.6454145120581806,132.012,118.8,1210.1100000000001
NAVER_87612043721,몬테라 CVT2 L 체어+체어볼세트 라지 경량체어 미니멀 백패킹 차박,스포츠/레저 > 캠핑 > 캠핑가구 > 캠핑의자,80.74,4.0,61.0,68,몬테라,모닥불캠핑 거제점,False,https://smartstore.naver.com/main/products/10067541097,2025-09-23 00:52:04.503466,109000,https://shopping-phinf.pstatic.net/main_8761204/87612043721.4.jpg,카라신,naver_shopping_search,스포츠/레저,캠핑,캠핑가구,캠핑의자,캠핑 의자,56.8162,1.4210735670460184,56.8162,1.4210735670460184,322.96,244.0,4925.139999999999
NAVER_82409453692,밴프 시그니처 릴렉스체어 대형 접이식 캠핑의자 휴대용 폴딩 낚시 캔버스 야전침대,스포츠/레저 > 캠핑 > 캠핑가구 > 캠핑의자,36.22,4.1,85.0,65,밴프,밴프,False,https://smartstore.naver.com/main/products/4864930237,2025-09-23 00:52:04.503476,48900,https://shopping-phinf.pstatic.net/main_8240945/82409453692.3.jpg,몽돌,naver_shopping_search,스포츠/레저,캠핑,캠핑가구,캠핑의자,캠핑 의자,56.8162,0.6374942357989446,56.8162,0.6374942357989446,148.50199999999998,348.49999999999994,3078.7
NAVER_86176619307,BP 캠핑 좌식의자 그라운드체어 등받이 접이식 초경량 피크닉 페스티벌 휴대용 1세대,스포츠/레저 > 캠핑 > 캠핑가구 > 캠핑의자,5.85,3.9,71.0,33,브리즈피크,브리즈피크,False,https://smartstore.naver.com/main/products/8632118984,2025-09-23 00:52:04.503489,7900,https://shopping-phinf.pstatic.net/main_8617661/86176619307.7.jpg,Unknown,naver_shopping_search,스포츠/레저,캠핑,캠핑가구,캠핑의자,캠핑 의자,56.8162,0.10296359137006698,56.8162,0.10296359137006698,22.814999999999998,276.9,415.34999999999997
NAVER_88048600551,놀이공원 대기 의자 접이식 초경량 파우치 일체형,스포츠/레저 > 캠핑 > 캠핑가구 > 캠핑의자,10.74,4.2,12.0,54,Unknown,댕댕이캠핑,False,https://smartstore.naver.com/main/products/10504095199,2025-09-23 00:52:04.503498,14500,https://shopping-phinf.pstatic.net/main_8804860/88048600551.2.jpg,Unknown,naver_shopping_search,스포츠/레저,캠핑,캠핑가구,캠핑의자,캠핑 의자,56.8162,0.18903059338709735,56.8162,0.18903059338709735,45.108000000000004,50.400000000000006,128.88
NAVER_82348620467,헬리녹스 택티컬체어 라지 기본 2025신제품 체어원 라지 사이즈 경량체어,스포츠/레저 > 캠핑 > 캠핑가구 > 캠핑의자,111.11,4.6,202.125,49,헬리녹스,캠핑레시피,False,https://smartstore.naver.com/main/products/4804097802,2025-09-23 00:52:04.503508,150000,https://shopping-phinf.pstatic.net/main_8234862/82348620467.9.jpg,헬리녹스,naver_shopping_search,스포츠/레저,캠핑,캠핑가구,캠핑의자,캠핑 의자,56.8162,1.9556042114748962,56.8162,1.9556042114748962,511.10599999999994,929.775,22458.10875
NAVER_86335429268,브리즈문 아기 유아 캠핑의자 아동 피크닉의자 중형,스포츠/레저 > 캠핑 > 캠핑가구 > 캠핑의자,19.11,4.2,11.0,45,브리즈문,BreezeMoon,False,https://smartstore.naver.com/main/products/8790928945,2025-09-23 00:52:04.503518,25800,https://shopping-phinf.pstatic.net/main_8633542/86335429268.jpg,브리즈문,naver_shopping_search,스포츠/레저,캠핑,캠핑가구,캠핑의자,캠핑 의자,56.8162,0.3363477318088855,56.8162,0.3363477318088855,80.262,46.2,210.20999999999998
NAVER_88933059969,[KEEP] 플라이 미니 체어/ 유아 아기 어린이 여성 초 경량 휴대용 접이식 캠핑 의자,스포츠/레저 > 캠핑 > 캠핑가구 > 캠핑의자,19.93,4.2,53.0,66,KEEP,솔루딕캠핑,False,https://smartstore.naver.com/main/products/11388549604,2025-09-23 00:52:04.503529,26900,https://shopping-phinf.pstatic.net/main_8893305/88933059969.jpg,포유아이엔씨,naver_shopping_search,스포츠/레저,캠핑,캠핑가구,캠핑의자,캠핑 의자,56.8162,0.3507802352146043,56.8162,0.3507802352146043,83.706,222.60000000000002,1056.29
NAVER_52320685619,헬리녹스 택티컬 스피드 스툴 미디움 블랙,스포츠/레저 > 캠핑 > 캠핑가구 > 캠핑의자,88.89,4.5,118.0,59,헬리녹스,네이버,False,https://search.shopping.naver.com/catalog/52320685619,2025-09-23 00:52:04.503537,120000,https://shopping-phinf.pstatic.net/main_5232068/52320685619.20250106104556.jpg,헬리녹스,naver_shopping_search,스포츠/레저,캠핑,캠핑가구,캠핑의자,캠핑 의자,56.8162,1.5645185704077358,56.8162,1.5645185704077358,400.005,531.0,10489.02
NAVER_84255778547,캠핑의자 1+1 릴렉스체어 경량 휴대용,스포츠/레저 > 캠핑 > 캠핑가구 > 캠핑의자,99.11,4.2,131.0,49,락셀,LAKSELV,False,https://smartstore.naver.com/main/products/6711278225,2025-09-23 00:52:04.503547,133800,https://shopping-phinf.pstatic.net/main_8425577/84255778547.7.jpg,Unknown,naver_shopping_search,스포츠/레저,캠핑,캠핑가구,캠핑의자,캠핑 의자,56.8162,1.7443968445619382,56.8162,1.7443968445619382,416.262,550.2,12983.41
NAVER_84661821013,네이처하이크 접이식 우드 커밋 로우 캠핑 체어 의자 MW02 중형,스포츠/레저 > 캠핑 > 캠핑가구 > 캠핑의자,35.56,4.0,19.0,39,네이처하이크,캐주얼캠핑,False,https://smartstore.naver.com/main/products/7117320691,2025-09-23 00:52:04.503557,48000,https://shopping-phinf.pstatic.net/main_8466182/84661821013.jpg,네이처하이크,naver_shopping_search,스포츠/레저,캠핑,캠핑가구,캠핑의자,캠핑 의자,56.8162,0.625877830618732,56.8162,0.625877830618732,142.24,76.0,675.6400000000001
NAVER_88781175662,"로티캠프 감성 휴대용 경량 로우체어 접이식 캠핑의자 L, 블랙, 2개",스포츠/레저 > 캠핑 > 캠핑가구 > 캠핑의자,36.96,3.7,77.0,79,로티캠프,로티몰닷컴,False,https://smartstore.naver.com/main/products/11236665331,2025-09-23 00:52:04.503568,49900,https://shopping-phinf.pstatic.net/main_8878117/88781175662.4.jpg,로티,naver_shopping_search,스포츠/레저,캠핑,캠핑가구,캠핑의자,캠핑 의자,56.8162,0.6505186900919104,56.8162,0.6505186900919104,136.752,284.90000000000003,2845.92
NAVER_84374453169,카고컨테이너 코지 체어 M 미디움 1+1 캠핑 의자 플랫 로우 폴딩 접이식,스포츠/레저 > 캠핑 > 캠핑가구 > 캠핑의자,111.85,4.7,202.125,13,카고컨테이너,인디에이,False,https://smartstore.naver.com/main/products/6829952847,2025-09-23 00:52:04.503578,151000,https://shopping-phinf.pstatic.net/main_8437445/84374453169.jpg,카고컨테이너,naver_shopping_search,스포츠/레저,캠핑,캠핑가구,캠핑의자,캠핑 의자,56.8162,1.9686286657678618,56.8162,1.9686286657678618,525.6949999999999,949.9875000000001,22607.681249999998
NAVER_86401387750,헬리녹스 체어원 미니 사이즈 택티컬체어 미니 키즈 어린이 의자,스포츠/레저 > 캠핑 > 캠핑가구 > 캠핑의자,62.96,3.9,59.0,68,헬리녹스,플롬아웃도어 울산점,False,https://smartstore.naver.com/main/products/8856887427,2025-09-23 00:52:04.503590,85000,https://shopping-phinf.pstatic.net/main_8640138/86401387750.4.jpg,헬리녹스,naver_shopping_search,스포츠/레저,캠핑,캠핑가구,캠핑의자,캠핑 의자,56.8162,1.1081346517366526,56.8162,1.1081346517366526,245.544,230.1,3714.64
NAVER_88052124152,BP 캠핑 좌식의자 그라운드체어 피크닉 페스티벌 집회 의자 시위 방석 3세대,스포츠/레저 > 캠핑 > 캠핑가구 > 캠핑의자,9.56,3.9,61.0,49,Unknown,브리즈피크,False,https://smartstore.naver.com/main/products/10507618800,2025-09-23 00:52:04.503611,12900,https://shopping-phinf.pstatic.net/main_8805212/88052124152.1.jpg,Unknown,naver_shopping_search,스포츠/레저,캠핑,캠핑가구,캠핑의자,캠핑 의자,56.8162,0.16826186897398981,56.8162,0.16826186897398981,37.284,237.9,583.1600000000001
NAVER_54366033980,헬리녹스 제로 하이백 체어 블랙,스포츠/레저 > 캠핑 > 캠핑가구 > 캠핑의자,133.33,4.8,139.0,22,헬리녹스,네이버,False,https://search.shopping.naver.com/catalog/54366033980,2025-09-23 00:52:04.503620,180000,https://shopping-phinf.pstatic.net/main_5436603/54366033980.20250423120228.jpg,헬리녹스,naver_shopping_search,스포츠/레저,캠핑,캠핑가구,캠핑의자,캠핑 의자,56.8162,2.346689852542057,56.8162,2.346689852542057,639.984,667.1999999999999,18532.870000000003
NAVER_88341632194,매드독캠프 카몬 베드체어 캠핑 릴렉스 경량체어 내하중180kg,스포츠/레저 > 캠핑 > 캠핑가구 > 캠핑의자,72.59,3.9,31.0,46,매드독캠프,매드독캠프,False,https://smartstore.naver.com/main/products/10797126204,2025-09-23 00:52:04.503630,98000,https://shopping-phinf.pstatic.net/main_8834163/88341632194.1.jpg,Unknown,naver_shopping_search,스포츠/레저,캠핑,캠핑가구,캠핑의자,캠핑 의자,56.8162,1.2776285636843012,56.8162,1.2776285636843012,283.101,120.89999999999999,2250.29
NAVER_53874347038,하이비프리 마운트리버 투스텝 와이드 체어 카키,스포츠/레저 > 캠핑 > 캠핑가구 > 캠핑의자,89.81,4.3,97.0,56,마운트리버,네이버,False,https://search.shopping.naver.com/catalog/53874347038,2025-09-23 00:52:04.503640,121250,https://shopping-phinf.pstatic.net/main_5387434/53874347038.20250331152421.jpg,하이비프리,naver_shopping_search,스포츠/레저,캠핑,캠핑가구,캠핑의자,캠핑 의자,56.8162,1.5807111352043959,56.8162,1.5807111352043959,386.183,417.09999999999997,8711.57
NAVER_55098103366,BOB 포켓 미니 체어,스포츠/레저 > 캠핑 > 캠핑가구 > 캠핑의자,4.67,4.1,39.0,53,BOB,네이버,False,https://search.shopping.naver.com/catalog/55098103366,2025-09-23 00:52:04.503649,6300,https://shopping-phinf.pstatic.net/main_5509810/55098103366.20250603123849.jpg,BOB,naver_shopping_search,스포츠/레저,캠핑,캠핑가구,캠핑의자,캠핑 의자,56.8162,0.08219486695695946,56.8162,0.08219486695695946,19.147,159.89999999999998,182.13
NAVER_89135247704,1+1 코베아 그라운드 휴대용 의자 2개 경량 좌식의자 캠핑 야외,스포츠/레저 > 캠핑 > 캠핑가구 > 캠핑의자,22.81,4.3,51.0,66,코베아,코코장수몰,False,https://smartstore.naver.com/main/products/11590737298,2025-09-23 00:52:04.503660,30790,https://shopping-phinf.pstatic.net/main_8913524/89135247704.jpg,코베아,naver_shopping_search,스포츠/레저,캠핑,캠핑가구,캠핑의자,캠핑 의자,56.8162,0.4014700032737141,56.8162,0.4014700032737141,98.08299999999998,219.29999999999998,1163.31
NAVER_88393351259,-25% 노스피크 크로스 릴렉스 체어 경량체어 / 백패킹 낚시 피크닉,스포츠/레저 > 캠핑 > 캠핑가구 > 캠핑의자,43.41,4.2,41.0,51,노스피크,캠핑멀티샵,False,https://smartstore.naver.com/main/products/10848845246,2025-09-23 00:52:04.503671,58600,https://shopping-phinf.pstatic.net/main_8839335/88393351259.3.jpg,Unknown,naver_shopping_search,스포츠/레저,캠핑,캠핑가구,캠핑의자,캠핑 의자,56.8162,0.7640426498076252,56.8162,0.7640426498076252,182.322,172.20000000000002,1779.81
NAVER_86014379740,꼬미딜 그라운드 체어 캠핑 휴대용 좌식 피크닉 경량 미니 초경량 차박 페스티벌 의자,스포츠/레저 > 캠핑 > 캠핑가구 > 캠핑의자,5.7,3.6,56.0,87,꼬미딜,꼬미딜,False,https://smartstore.naver.com/main/products/8469879417,2025-09-23 00:52:04.503683,7700,https://shopping-phinf.pstatic.net/main_8601437/86014379740.6.jpg,Unknown,naver_shopping_search,스포츠/레저,캠핑,캠핑가구,캠핑의자,캠핑 의자,56.8162,0.10032349928365501,56.8162,0.10032349928365501,20.52,201.6,319.2
NAVER_55597582157,"로지텍 로지텍G PRO X SUPERLIGHT 2 게이밍 마우스 정품, 블랙",디지털/가전 > 주변기기 > 마우스 > 무선마우스,134.81,4.3,174.0,29,로지텍G,네이버,False,https://search.shopping.naver.com/catalog/55597582157,2025-09-23 00:52:04.780317,182000,https://shopping-phinf.pstatic.net/main_5559758/55597582157.20250702163816.jpg,로지텍,naver_shopping_search,디지털/가전,주변기기,마우스,무선마우스,마우스,50.26259259259259,2.682113934963783,45.4007,2.969337477175462,579.683,748.1999999999999,23456.94
NAVER_55596555372,"로지텍 로지텍G G304 LIGHTSPEED WIRELESS 정품, 블랙",디지털/가전 > 주변기기 > 마우스 > 무선마우스,32.52,3.9,68.0,47,로지텍G,네이버,False,https://search.shopping.naver.com/catalog/55596555372,2025-09-23 00:52:04.780349,43900,https://shopping-phinf.pstatic.net/main_5559655/55596555372.20250702144506.jpg,로지텍,naver_shopping_search,디지털/가전,주변기기,마우스,무선마우스,마우스,50.26259259259259,0.6470020411321284,45.4007,0.7162885153753137,126.828,265.2,2211.36
NAVER_55594320931,"로지텍 MX MASTER 3S 정품, 그래파이트",디지털/가전 > 주변기기 > 마우스 > 무선마우스,96.22,4.3,85.0,62,로지텍,네이버,False,https://search.shopping.naver.com/catalog/55594320931,2025-09-23 00:52:04.780364,129900,https://shopping-phinf.pstatic.net/main_5559432/55594320931.20250702110906.jpg,로지텍,naver_shopping_search,디지털/가전,주변기기,마우스,무선마우스,마우스,50.26259259259259,1.9143461376916786,45.4007,2.1193505827002665,413.746,365.5,8178.7
NAVER_56500300652,"로지텍 M331 무소음 무선 마우스 정품, 블랙",디지털/가전 > 주변기기 > 마우스 > 무선마우스,17.78,4.2,44.0,60,로지텍,네이버,False,https://search.shopping.naver.com/catalog/56500300652,2025-09-23 00:52:04.780378,24000,https://shopping-phinf.pstatic.net/main_5650030/56500300652.20250829154439.jpg,로지텍,naver_shopping_search,디지털/가전,주변기기,마우스,무선마우스,마우스,50.26259259259259,0.35374219838035803,45.4007,0.391623917692899,74.676,184.8,782.32
NAVER_56556780841,"로지텍 MX Anywhere 3S 정품, 그래파이트",디지털/가전 > 주변기기 > 마우스 > 무선마우스,79.13,4.4,95.0,62,로지텍,네이버,False,https://search.shopping.naver.com/catalog/56556780841,2025-09-23 00:52:04.780391,106820,https://shopping-phinf.pstatic.net/main_5655678/56556780841.20250902115141.jpg,로지텍,naver_shopping_search,디지털/가전,주변기기,마우스,무선마우스,마우스,50.26259259259259,1.5743318423980723,45.4007,1.742924668562379,348.172,418.00000000000006,7517.349999999999
NAVER_56465875823,"로지텍 로지텍G PRO X SUPERLIGHT 2 DEX 정품, 블랙",디지털/가전 > 주변기기 > 마우스 > 무선마우스,138.52,4.2,202.125,47,로지텍G,네이버,False,https://search.shopping.naver.com/catalog/56465875823,2025-09-23 00:52:04.780403,187000,https://shopping-phinf.pstatic.net/main_5646587/56465875823.20250828115917.jpg,로지텍,naver_shopping_search,디지털/가전,주변기기,마우스,무선마우스,마우스,50.26259259259259,2.755926283444724,45.4007,3.051054278898784,581.7840000000001,848.9250000000001,27998.355000000003
NAVER_56559947289,"로지텍 시그니처 M650 정품, 그래파이트",디지털/가전 > 주변기기 > 마우스 > 무선마우스,34.0,3.8,40.0,111,로지텍,네이버,False,https://search.shopping.naver.com/catalog/56559947289,2025-09-23 00:52:04.780414,45900,https://shopping-phinf.pstatic.net/main_5655994/56559947289.20250902175519.jpg,로지텍,naver_shopping_search,디지털/가전,주변기기,마우스,무선마우스,마우스,50.26259259259259,0.6764473984776249,45.4007,0.7488871316962074,129.2,152.0,1360.0
NAVER_56639954546,"로지텍 로지텍G G102 Lightsync (2세대) 정품, 블랙",디지털/가전 > 주변기기 > 마우스 > 유선마우스,16.67,3.6,73.0,48,로지텍G,네이버,False,https://search.shopping.naver.com/catalog/56639954546,2025-09-23 00:52:04.780426,22500,https://shopping-phinf.pstatic.net/main_5663995/56639954546.20250908145149.jpg,로지텍,naver_shopping_search,디지털/가전,주변기기,마우스,유선마우스,마우스,19.32,0.8628364389233956,45.4007,0.3671749554522287,60.01200000000001,262.8,1216.91
NAVER_55594815056,"로지텍 M170 Wireless Mouse 정품, 블랙",디지털/가전 > 주변기기 > 마우스 > 무선마우스,9.48,4.0,6.0,53,로지텍,네이버,False,https://search.shopping.naver.com/catalog/55594815056,2025-09-23 00:52:04.780438,12800,https://shopping-phinf.pstatic.net/main_5559481/55594815056.20250702121252.jpg,로지텍,naver_shopping_search,디지털/가전,주변기기,마우스,무선마우스,마우스,50.26259259259259,0.1886094511049378,45.4007,0.20880735319058957,37.92,24.0,56.88
NAVER_56605002017,"RAZER Viper V3 Pro 정품, 블랙",디지털/가전 > 주변기기 > 마우스 > 무선마우스,177.04,4.3,127.0,11,RAZER,네이버,False,https://search.shopping.naver.com/catalog/56605002017,2025-09-23 00:52:04.780450,239000,https://shopping-phinf.pstatic.net/main_5660500/56605002017.20250905124900.jpg,RAZER,naver_shopping_search,디지털/가전,주변기기,마우스,무선마우스,마우스,50.26259259259259,3.522301394896433,45.4007,3.8994993469263686,761.2719999999999,546.1,22484.079999999998
NAVER_55597118147,"로지텍 LIFT 무선 마우스 정품, 그래파이트",디지털/가전 > 주변기기 > 마우스 > 무선마우스,55.19,4.1,40.0,34,로지텍,네이버,False,https://search.shopping.naver.com/catalog/55597118147,2025-09-23 00:52:04.780463,74500,https://shopping-phinf.pstatic.net/main_5559711/55597118147.20250702155857.jpg,로지텍,naver_shopping_search,디지털/가전,주변기기,마우스,무선마우스,마우스,50.26259259259259,1.0980332918229447,45.4007,1.215620023479814,226.27899999999997,164.0,2207.6
NAVER_56641441614,"로지텍 로지텍G G502 X 정품, 블랙",디지털/가전 > 주변기기 > 마우스 > 유선마우스,51.62,4.0,125.0,72,로지텍G,네이버,False,https://search.shopping.naver.com/catalog/56641441614,2025-09-23 00:52:04.780474,69690,https://shopping-phinf.pstatic.net/main_5664144/56641441614.20250908172341.jpg,로지텍,naver_shopping_search,디지털/가전,주변기기,마우스,유선마우스,마우스,19.32,2.6718426501035193,45.4007,1.1369868746517124,206.48,500.0,6452.5
NAVER_52649589702,앱코 WEM60 인체공학 무선 버티컬 마우스 화이트,디지털/가전 > 주변기기 > 마우스 > 무선마우스,19.93,3.9,7.0,119,앱코,네이버,False,https://search.shopping.naver.com/catalog/52649589702,2025-09-23 00:52:04.780485,26900,https://shopping-phinf.pstatic.net/main_5264958/52649589702.20250617084952.jpg,앱코,naver_shopping_search,디지털/가전,주변기기,마우스,무선마우스,마우스,50.26259259259259,0.3965175485782078,45.4007,0.43898001572662976,77.727,27.3,139.51
NAVER_56570537334,"로지텍 Pebble Mouse 2 M350s 정품, 도브 화이트",디지털/가전 > 주변기기 > 마우스 > 무선마우스,18.15,4.2,67.0,120,로지텍,네이버,False,https://search.shopping.naver.com/catalog/56570537334,2025-09-23 00:52:04.780497,24500,https://shopping-phinf.pstatic.net/main_5657053/56570537334.20250903103910.jpg,로지텍,naver_shopping_search,디지털/가전,주변기기,마우스,무선마우스,마우스,50.26259259259259,0.3611035377167321,45.4007,0.3997735717731224,76.23,281.40000000000003,1216.05
NAVER_56587168249,"RAZER Viper V2 Pro 정품, 화이트",디지털/가전 > 주변기기 > 마우스 > 무선마우스,95.56,4.0,89.0,26,RAZER,네이버,False,https://search.shopping.naver.com/catalog/56587168249,2025-09-23 00:52:04.780509,129000,https://shopping-phinf.pstatic.net/main_5658716/56587168249.20250904101042.jpg,RAZER,naver_shopping_search,디지털/가전,주변기기,마우스,무선마우스,마우스,50.26259259259259,1.9012150999565247,45.4007,2.104813361908517,382.24,356.0,8504.84
NAVER_56570806515,"로지텍 M240 무소음 Bluetooth 마우스 정품, 그래파이트",디지털/가전 > 주변기기 > 마우스 > 무선마우스,12.98,3.7,14.0,30,로지텍,네이버,False,https://search.shopping.naver.com/catalog/56570806515,2025-09-23 00:52:04.780521,17520,https://shopping-phinf.pstatic.net/main_5657080/56570806515.20250903111140.jpg,로지텍,naver_shopping_search,디지털/가전,주변기기,마우스,무선마우스,마우스,50.26259259259259,0.2582437421246933,45.4007,0.2858986755710815,48.026,51.800000000000004,181.72
NAVER_89441781492,ATK A9 Ultra 유무선 잠자리 8K 게이밍 마우스 국내정품 화이트,디지털/가전 > 주변기기 > 마우스 > 무선마우스,56.3,4.2,87.0,51,Unknown,펀키스,False,https://smartstore.naver.com/main/products/11897270883,2025-09-23 00:52:04.780533,76000,https://shopping-phinf.pstatic.net/main_8944178/89441781492.jpg,Unknown,naver_shopping_search,디지털/가전,주변기기,마우스,무선마우스,마우스,50.26259259259259,1.1201173098320671,45.4007,1.2400689857204845,236.46,365.40000000000003,4898.099999999999
NAVER_56354823442,ATK GEAR VXE R1 SE+ 블랙,디지털/가전 > 주변기기 > 마우스 > 무선마우스,19.19,3.9,43.0,118,Unknown,네이버,False,https://search.shopping.naver.com/catalog/56354823442,2025-09-23 00:52:04.780543,25900,https://shopping-phinf.pstatic.net/main_5635482/56354823442.20250820140529.jpg,Unknown,naver_shopping_search,디지털/가전,주변기기,마우스,무선마우스,마우스,50.26259259259259,0.3817948699054595,45.4007,0.4226807075661829,74.84100000000001,167.7,825.1700000000001
NAVER_56544713615,"로지텍 로지텍G G502 X LIGHTSPEED 정품, 블랙",디지털/가전 > 주변기기 > 마우스 > 무선마우스,102.96,4.2,202.125,37,로지텍G,네이버,False,https://search.shopping.naver.com/catalog/56544713615,2025-09-23 00:52:04.780554,139000,https://shopping-phinf.pstatic.net/main_5654471/56544713615.20250901153716.jpg,로지텍,naver_shopping_search,디지털/가전,주변기기,마우스,무선마우스,마우스,50.26259259259259,2.0484418866840075,45.4007,2.267806443512985,432.432,848.9250000000001,20810.789999999997
NAVER_52798284940,지클릭커 버티컬 도톰쉬폰 무소음 인체공학 블루투스 무선 마우스 OP50 그린,디지털/가전 > 주변기기 > 마우스 > 무선마우스,18.37,4.1,13.0,120,지클릭커,네이버,False,https://search.shopping.naver.com/catalog/52798284940,2025-09-23 00:52:04.780567,24800,https://shopping-phinf.pstatic.net/main_5279828/52798284940.20250828103752.jpg,지클릭커,naver_shopping_search,디지털/가전,주변기기,마우스,무선마우스,마우스,50.26259259259259,0.3654805502951168,45.4007,0.4046193120370391,75.317,53.3,238.81
NAVER_52935185531,지클릭커 움직이는 마카롱 무소음 블루투스 무선 마우스 옐로우,디지털/가전 > 주변기기 > 마우스 > 무선마우스,8.81,4.2,22.0,79,지클릭커,네이버,False,https://search.shopping.naver.com/catalog/52935185531,2025-09-23 00:52:04.780590,11900,https://shopping-phinf.pstatic.net/main_5293518/52935185531.20250318170427.jpg,지클릭커,naver_shopping_search,디지털/가전,주변기기,마우스,무선마우스,마우스,50.26259259259259,0.1752794582525846,45.4007,0.19404987147775254,37.002,92.4,193.82000000000002
NAVER_52799326945,삼성전자 삼성 SPA-KMA4PR 무소음 무선 마우스 블랙,디지털/가전 > 주변기기 > 마우스 > 무선마우스,13.85,3.8,98.0,73,삼성,네이버,False,https://search.shopping.naver.com/catalog/52799326945,2025-09-23 00:52:04.780602,18700,https://shopping-phinf.pstatic.net/main_5279932/52799326945.20250619105151.jpg,삼성전자,naver_shopping_search,디지털/가전,주변기기,마우스,무선마우스,마우스,50.26259259259259,0.27555283732103253,45.4007,0.30506137570566094,52.629999999999995,372.4,1357.3
NAVER_55322839921,X1 Ultimate 블랙,디지털/가전 > 주변기기 > 마우스 > 무선마우스,58.52,4.1,75.0,24,Unknown,네이버,False,https://search.shopping.naver.com/catalog/55322839921,2025-09-23 00:52:04.780613,79000,https://shopping-phinf.pstatic.net/main_5532283/55322839921.20250616112046.jpg,Unknown,naver_shopping_search,디지털/가전,주변기기,마우스,무선마우스,마우스,50.26259259259259,1.1642853458503122,45.4007,1.288966910201825,239.932,307.5,4389.0
NAVER_56603489077,"RAZER DeathAdder V4 Pro 정품, 블랙",디지털/가전 > 주변기기 > 마우스 > 무선마우스,191.85,4.5,202.125,27,RAZER,네이버,False,https://search.shopping.naver.com/catalog/56603489077,2025-09-23 00:52:04.780624,259000,https://shopping-phinf.pstatic.net/main_5660348/56603489077.20250905093644.jpg,RAZER,naver_shopping_search,디지털/가전,주변기기,마우스,무선마우스,마우스,50.26259259259259,3.8169539234685983,45.4007,4.2257057710563934,863.3249999999999,909.5625,38777.68125
NAVER_56467938281,"로지텍 로지텍G G309 무선 게이밍 마우스 정품, 블랙",디지털/가전 > 주변기기 > 마우스 > 무선마우스,57.87,4.2,56.0,74,로지텍G,네이버,False,https://search.shopping.naver.com/catalog/56467938281,2025-09-23 00:52:04.780637,78130,https://shopping-phinf.pstatic.net/main_5646793/56467938281.20250828155143.jpg,로지텍,naver_shopping_search,디지털/가전,주변기기,마우스,무선마우스,마우스,50.26259259259259,1.1513532632323575,45.4007,1.2746499503311621,243.054,235.20000000000002,3240.72
NAVER_85456332109,로지텍 LIFT 버티컬 사무용 무소음 블루투스 무선 마우스 인체공학 저소음 병행,디지털/가전 > 주변기기 > 마우스 > 무선마우스,52.59,4.5,61.0,63,로지텍G,DELESHOP,False,https://smartstore.naver.com/main/products/7911831786,2025-09-23 00:52:04.780649,71000,https://shopping-phinf.pstatic.net/main_8545633/85456332109.3.jpg,로지텍,naver_shopping_search,디지털/가전,주변기기,마우스,무선마우스,마우스,50.26259259259259,1.0463049613511264,45.4007,1.158352183997163,236.65500000000003,274.5,3207.9900000000002
NAVER_86978722054,아이리버 EQwear-EV15 항균처리 작은손 컴팩트 무소음 무선 버티컬 마우스,디지털/가전 > 주변기기 > 마우스 > 무선마우스,19.63,3.7,45.0,85,아이리버,아이리버스토어,False,https://smartstore.naver.com/main/products/9434221731,2025-09-23 00:52:04.780660,26500,https://shopping-phinf.pstatic.net/main_8697872/86978722054.2.jpg,아이리버,naver_shopping_search,디지털/가전,주변기기,마우스,무선마우스,마우스,50.26259259259259,0.39054889506222873,45.4007,0.4323721880940161,72.631,166.5,883.3499999999999
NAVER_84338491832,로지텍 G102 2세대 마우스 벌크(가품 짭 구별법 꼭 확인해주세요),디지털/가전 > 주변기기 > 마우스 > 유선마우스,15.48,3.7,97.0,94,로지텍G,marketrush,False,https://smartstore.naver.com/main/products/6793991510,2025-09-23 00:52:04.780672,20900,https://shopping-phinf.pstatic.net/main_8433849/84338491832.12.jpg,로지텍,naver_shopping_search,디지털/가전,주변기기,마우스,유선마우스,마우스,19.32,0.8012422360248447,45.4007,0.34096390584286146,57.276,358.90000000000003,1501.56
NAVER_56499546090,"로지텍 M720 Triathlon 정품, 그래파이트",디지털/가전 > 주변기기 > 마우스 > 무선마우스,51.11,4.0,40.0,47,로지텍,네이버,False,https://search.shopping.naver.com/catalog/56499546090,2025-09-23 00:52:04.780683,69000,https://shopping-phinf.pstatic.net/main_5649954/56499546090.20250829142858.jpg,로지텍,naver_shopping_search,디지털/가전,주변기기,마우스,무선마우스,마우스,50.26259259259259,1.0168596040056297,45.4007,1.1257535676762693,204.44,160.0,2044.4
NAVER_56638742910,"로지텍 로지텍G G402 Hyperion Fury 정품, 블랙",디지털/가전 > 주변기기 > 마우스 > 유선마우스,29.56,4.0,90.0,87,로지텍G,네이버,False,https://search.shopping.naver.com/catalog/56638742910,2025-09-23 00:52:04.780694,39900,https://shopping-phinf.pstatic.net/main_5663874/56638742910.20250908112316.jpg,로지텍,naver_shopping_search,디지털/가전,주변기기,마우스,유선마우스,마우스,19.32,1.5300207039337472,45.4007,0.6510912827335261,118.24,360.0,2660.4
NAVER_52818496551,지클릭커 휠마스터2 무한 스크롤 무선 블루투스 마우스 OP02 화이트,디지털/가전 > 주변기기 > 마우스 > 무선마우스,33.19,3.5,96.0,51,지클릭커,네이버,False,https://search.shopping.naver.com/catalog/52818496551,2025-09-23 00:52:04.780706,44800,https://shopping-phinf.pstatic.net/main_5281849/52818496551.20250319122405.jpg,지클릭커,naver_shopping_search,디지털/가전,주변기기,마우스,무선마우스,마우스,50.26259259259259,0.6603320339844815,45.4007,0.7310459970881505,116.16499999999999,336.0,3186.24
NAVER_56544459744,"로지텍 MX Vertical 정품, 그래파이트",디지털/가전 > 주변기기 > 마우스 > 무선마우스,97.13,4.1,145.0,39,로지텍,네이버,False,https://search.shopping.naver.com/catalog/56544459744,2025-09-23 00:52:04.780716,131120,https://shopping-phinf.pstatic.net/main_5654445/56544459744.20250901144151.jpg,로지텍,naver_shopping_search,디지털/가전,주변기기,마우스,무선마우스,마우스,50.26259259259259,1.9324510533568149,45.4007,2.1393943265191946,398.23299999999995,594.5,14083.849999999999
NAVER_56638386182,"로지텍 M90 정품, 블랙",디지털/가전 > 주변기기 > 마우스 > 유선마우스,5.11,4.3,41.0,46,로지텍,네이버,False,https://search.shopping.naver.com/catalog/56638386182,2025-09-23 00:52:04.780727,6900,https://shopping-phinf.pstatic.net/main_5663838/56638386182.20250908110512.jpg,로지텍,naver_shopping_search,디지털/가전,주변기기,마우스,유선마우스,마우스,19.32,0.2644927536231884,45.4007,0.11255333067551822,21.973,176.29999999999998,209.51000000000002
NAVER_52778393930,지클릭커 오피스프로 휠마스터 무소음 무선 마우스 딥그레이블랙,디지털/가전 > 주변기기 > 마우스 > 무선마우스,29.48,4.1,55.0,80,지클릭커,네이버,False,https://search.shopping.naver.com/catalog/52778393930,2025-09-23 00:52:04.780739,39800,https://shopping-phinf.pstatic.net/main_5277839/52778393930.20250319122202.jpg,지클릭커,naver_shopping_search,디지털/가전,주변기기,마우스,무선마우스,마우스,50.26259259259259,0.5865196855035407,45.4007,0.6493291953648291,120.868,225.49999999999997,1621.4
NAVER_55322837744,AKT VXE R1 PRO MAX 화이트,디지털/가전 > 주변기기 > 마우스 > 무선마우스,40.67,3.7,17.0,91,Unknown,네이버,False,https://search.shopping.naver.com/catalog/55322837744,2025-09-23 00:52:04.780750,54900,https://shopping-phinf.pstatic.net/main_5532283/55322837744.20250616110956.jpg,AKT,naver_shopping_search,디지털/가전,주변기기,마우스,무선마우스,마우스,50.26259259259259,0.8091504616495591,45.4007,0.8958011660613162,150.479,62.900000000000006,691.39
NAVER_52649590933,지클릭커 쓸떼많은 다쿠아즈 무소음 무선 블루투스 마우스 블랙,디지털/가전 > 주변기기 > 마우스 > 무선마우스,11.04,4.2,36.0,58,지클릭커,네이버,False,https://search.shopping.naver.com/catalog/52649590933,2025-09-23 00:52:04.780760,14900,https://shopping-phinf.pstatic.net/main_5264959/52649590933.20250225124121.jpg,지클릭커,naver_shopping_search,디지털/가전,주변기기,마우스,무선마우스,마우스,50.26259259259259,0.2196464493880288,45.4007,0.24316805688018023,46.367999999999995,151.20000000000002,397.43999999999994
NAVER_55611519366,지클릭커 오피스프로 OP80 무소음 블루투스 무선마우스 블랙,디지털/가전 > 주변기기 > 마우스 > 무선마우스,19.19,3.7,92.0,31,지클릭커,네이버,False,https://search.shopping.naver.com/catalog/55611519366,2025-09-23 00:52:04.780771,25900,https://shopping-phinf.pstatic.net/main_5561151/55611519366.20250801151631.jpg,지클릭커,naver_shopping_search,디지털/가전,주변기기,마우스,무선마우스,마우스,50.26259259259259,0.3817948699054595,45.4007,0.4226807075661829,71.00300000000001,340.40000000000003,1765.48
NAVER_52685526554,제닉스크리에이티브 STORMX VM3 무선 버티컬마우스 블랙,디지털/가전 > 주변기기 > 마우스 > 무선마우스,26.59,3.8,16.0,41,제닉스크리에이티브,네이버,False,https://search.shopping.naver.com/catalog/52685526554,2025-09-23 00:52:04.780782,35900,https://shopping-phinf.pstatic.net/main_5268552/52685526554.20250304175422.jpg,제닉스크리에이티브,naver_shopping_search,디지털/가전,주변기기,마우스,무선마우스,마우스,50.26259259259259,0.5290216566329425,45.4007,0.5856737891706515,101.042,60.8,425.44
NAVER_56542838806,"로지텍 로지텍G G703 HERO Wireless 정품, 블랙",디지털/가전 > 주변기기 > 마우스 > 무선마우스,58.52,3.8,90.0,38,로지텍G,네이버,False,https://search.shopping.naver.com/catalog/56542838806,2025-09-23 00:52:04.780793,79000,https://shopping-phinf.pstatic.net/main_5654283/56542838806.20250901113916.jpg,로지텍,naver_shopping_search,디지털/가전,주변기기,마우스,무선마우스,마우스,50.26259259259259,1.1642853458503122,45.4007,1.288966910201825,222.376,342.0,5266.8
NAVER_53684828515,제닉스크리에이티브 TITAN GT 8K 무선 경량 게이밍마우스 블랙,디지털/가전 > 주변기기 > 마우스 > 무선마우스,34.81,3.7,5.0,99,제닉스크리에이티브,네이버,False,https://search.shopping.naver.com/catalog/53684828515,2025-09-23 00:52:04.780804,47000,https://shopping-phinf.pstatic.net/main_5368482/53684828515.20250321162813.jpg,제닉스크리에이티브,naver_shopping_search,디지털/가전,주변기기,마우스,무선마우스,마우스,50.26259259259259,0.6925627629707685,45.4007,0.766728266304264,128.79700000000003,18.5,174.05
NAVER_89150940719,로지텍 리프트 버티컬 무선 마우스 블루투스 마우스 맥북 호환 손목보호 인체공학 병행+패드,디지털/가전 > 주변기기 > 마우스 > 무선마우스,52.52,4.3,67.0,58,로지텍,STORYLiNK,False,https://smartstore.naver.com/main/products/11606430313,2025-09-23 00:52:04.780817,70900,https://shopping-phinf.pstatic.net/main_8915094/89150940719.jpg,로지텍,naver_shopping_search,디지털/가전,주변기기,마우스,무선마우스,마우스,50.26259259259259,1.0449122755307314,45.4007,1.1568103575495532,225.836,288.09999999999997,3518.84
NAVER_82427231265,로지텍 무선마우스 G304 LIGHTSPEED 무선 게이밍 마우스 롤 배그 병행,디지털/가전 > 주변기기 > 마우스 > 무선마우스,31.11,3.5,36.0,115,Unknown,DELESHOP,False,https://smartstore.naver.com/main/products/4882707794,2025-09-23 00:52:04.780829,42000,https://shopping-phinf.pstatic.net/main_8242723/82427231265.21.jpg,Unknown,naver_shopping_search,디지털/가전,주변기기,마우스,무선마우스,마우스,50.26259259259259,0.6189493696070268,45.4007,0.6852317255020297,108.88499999999999,126.0,1119.96
NAVER_56574980320,"RAZER Orochi V2 정품, 화이트 에디션",디지털/가전 > 주변기기 > 마우스 > 무선마우스,36.3,4.0,63.0,99,RAZER,네이버,False,https://search.shopping.naver.com/catalog/56574980320,2025-09-23 00:52:04.780845,49000,https://shopping-phinf.pstatic.net/main_5657498/56574980320.20250904114456.jpg,RAZER,naver_shopping_search,디지털/가전,주변기기,마우스,무선마우스,마우스,50.26259259259259,0.7222070754334642,45.4007,0.7995471435462448,145.2,252.0,2286.8999999999996
NAVER_11269411900,로지텍 스포트라이트,디지털/가전 > 주변기기 > 마우스 > 프리젠터,81.56,3.9,126.0,23,로지텍,네이버,False,https://search.shopping.naver.com/catalog/11269411900,2025-09-23 00:52:04.780856,110100,https://shopping-phinf.pstatic.net/main_1126941/11269411900.20170330143313.jpg,로지텍,naver_shopping_search,디지털/가전,주변기기,마우스,프리젠터,마우스,36.27333333333333,2.2484837346076088,45.4007,1.7964480723865492,318.084,491.4,10276.56
NAVER_56353617577,지클릭커 오피스프로 OP10 슬라임 미니 블루투스 무선 마우스 블랙,디지털/가전 > 주변기기 > 마우스 > 무선마우스,22.07,3.7,71.0,64,지클릭커,네이버,False,https://search.shopping.naver.com/catalog/56353617577,2025-09-23 00:52:04.780866,29800,https://shopping-phinf.pstatic.net/main_5635361/56353617577.20250825094118.jpg,지클릭커,naver_shopping_search,디지털/가전,주변기기,마우스,무선마우스,마우스,50.26259259259259,0.43909394365885834,45.4007,0.4861158528392734,81.659,262.7,1566.97
NAVER_84652354653,로지텍코리아 정품 마우스 벌크 G102 IC 2세대 LIGHTSYNC PC방 게이밍 배그,디지털/가전 > 주변기기 > 마우스 > 유선마우스,18.07,4.2,51.0,100,로지텍,드림팩토리샵,False,https://smartstore.naver.com/main/products/7107854331,2025-09-23 00:52:04.780882,24400,https://shopping-phinf.pstatic.net/main_8465235/84652354653.1.jpg,로지텍,naver_shopping_search,디지털/가전,주변기기,마우스,유선마우스,마우스,19.32,0.9353002070393375,45.4007,0.39801148440442546,75.894,214.20000000000002,921.57
NAVER_52779051505,삼성전자 삼성 SM-M1300Q 블랙,디지털/가전 > 주변기기 > 마우스 > 무선마우스,31.04,3.7,49.0,50,삼성,네이버,False,https://search.shopping.naver.com/catalog/52779051505,2025-09-23 00:52:04.780893,41900,https://shopping-phinf.pstatic.net/main_5277905/52779051505.20250311093719.jpg,삼성전자,naver_shopping_search,디지털/가전,주변기기,마우스,무선마우스,마우스,50.26259259259259,0.6175566837866318,45.4007,0.6836898990544198,114.848,181.3,1520.96
NAVER_56544855337,"로지텍 로지텍G G502 X PLUS 정품, 블랙",디지털/가전 > 주변기기 > 마우스 > 무선마우스,119.41,4.7,202.125,25,로지텍G,네이버,False,https://search.shopping.naver.com/catalog/56544855337,2025-09-23 00:52:04.780904,161210,https://shopping-phinf.pstatic.net/main_5654485/56544855337.20250901160425.jpg,로지텍,naver_shopping_search,디지털/가전,주변기기,마우스,무선마우스,마우스,50.26259259259259,2.375723054476859,45.4007,2.6301356587012976,561.227,949.9875000000001,24135.74625
NAVER_56640377100,로지텍 로지텍G G102IC Lightsync 2세대 (벌크) 블랙,디지털/가전 > 주변기기 > 마우스 > 유선마우스,16.59,3.8,34.0,84,로지텍G,네이버,False,https://search.shopping.naver.com/catalog/56640377100,2025-09-23 00:52:04.780914,22400,https://shopping-phinf.pstatic.net/main_5664037/56640377100.20250908152301.jpg,로지텍,naver_shopping_search,디지털/가전,주변기기,마우스,유선마우스,마우스,19.32,0.858695652173913,45.4007,0.36541286808353174,63.041999999999994,129.2,564.06
NAVER_53684102739,레드빈 퀸텀스크롤 세미 버티컬마우스 블루투스 무소음 무선마우스 A59R 퓨어화이트,디지털/가전 > 주변기기 > 마우스 > 무선마우스,29.56,4.0,71.0,37,레드빈,네이버,False,https://search.shopping.naver.com/catalog/53684102739,2025-09-23 00:52:04.780926,39900,https://shopping-phinf.pstatic.net/main_5368410/53684102739.20250808134921.jpg,레드빈,naver_shopping_search,디지털/가전,주변기기,마우스,무선마우스,마우스,50.26259259259259,0.5881113264411351,45.4007,0.6510912827335261,118.24,284.0,2098.7599999999998
NAVER_52649215258,로지텍G G304 LIGHTSPEED 게이밍 마우스 화이트,디지털/가전 > 주변기기 > 마우스 > 무선마우스,27.76,4.0,12.0,50,로지텍G,네이버,False,https://search.shopping.naver.com/catalog/52649215258,2025-09-23 00:52:04.780937,37470,https://shopping-phinf.pstatic.net/main_5264921/52649215258.20250124162755.jpg,Unknown,naver_shopping_search,디지털/가전,주변기기,마우스,무선마우스,마우스,50.26259259259259,0.5522994053452609,45.4007,0.6114443169378446,111.04,48.0,333.12
NAVER_56607044637,"RAZER Basilisk V3 정품, 블랙",디지털/가전 > 주변기기 > 마우스 > 유선마우스,43.7,4.0,88.0,83,RAZER,네이버,False,https://search.shopping.naver.com/catalog/56607044637,2025-09-23 00:52:04.780948,59000,https://shopping-phinf.pstatic.net/main_5660704/56607044637.20250905161327.jpg,RAZER,naver_shopping_search,디지털/가전,주변기기,마우스,유선마우스,마우스,19.32,2.261904761904762,45.4007,0.9625402251507136,174.8,352.0,3845.6000000000004
NAVER_82464624093,무선마우스 로지텍 페블 M350 무소음 블루투스 마우스 아이패드 맥 노트북 태블릿 병행,디지털/가전 > 주변기기 > 마우스 > 무선마우스,15.93,4.3,27.0,45,Unknown,DELESHOP,False,https://smartstore.naver.com/main/products/4920100179,2025-09-23 00:52:04.780959,21500,https://shopping-phinf.pstatic.net/main_8246462/82464624093.7.jpg,Unknown,naver_shopping_search,디지털/가전,주변기기,마우스,무선마우스,마우스,50.26259259259259,0.3169355016984872,45.4007,0.35087564729178183,68.499,116.1,430.11
NAVER_52819100417,지클릭커 휠마스터 M 틸트 스크롤 블루투스 무선 마우스 OP03 화이트,디지털/가전 > 주변기기 > 마우스 > 무선마우스,20.67,4.2,50.0,66,지클릭커,네이버,False,https://search.shopping.naver.com/catalog/52819100417,2025-09-23 00:52:04.780971,27900,https://shopping-phinf.pstatic.net/main_5281910/52819100417.20250225124818.jpg,지클릭커,naver_shopping_search,디지털/가전,주변기기,마우스,무선마우스,마우스,50.26259259259259,0.41124022725095616,45.4007,0.45527932388707665,86.81400000000001,210.0,1033.5
NAVER_89492484826,다얼유 A950G 1K 초경량 유 무선 게이밍 마우스 저소음(레트로베이지),디지털/가전 > 주변기기 > 마우스 > 무선마우스,24.44,4.2,91.0,83,DAREU,다얼유 게이밍샵,False,https://smartstore.naver.com/main/products/11947974138,2025-09-23 00:52:04.780983,33000,https://shopping-phinf.pstatic.net/main_8949248/89492484826.jpg,TOGRAN,naver_shopping_search,디지털/가전,주변기기,마우스,무선마우스,마우스,50.26259259259259,0.4862463064350928,45.4007,0.5383176911369209,102.64800000000001,382.2,2224.04
NAVER_56543190419,"로지텍 로지텍G G903 HERO Wireless 정품, 블랙",디지털/가전 > 주변기기 > 마우스 > 무선마우스,102.96,4.7,202.125,24,로지텍G,네이버,False,https://search.shopping.naver.com/catalog/56543190419,2025-09-23 00:52:04.780994,139000,https://shopping-phinf.pstatic.net/main_5654319/56543190419.20250901120910.jpg,로지텍,naver_shopping_search,디지털/가전,주변기기,마우스,무선마우스,마우스,50.26259259259259,2.0484418866840075,45.4007,2.267806443512985,483.912,949.9875000000001,20810.789999999997
NAVER_53686328148,지클릭커 르캄프2 초경량 듀얼 8K 게이밍 마우스 OP200 화이트,디지털/가전 > 주변기기 > 마우스 > 무선마우스,44.3,3.8,12.0,100,지클릭커,네이버,False,https://search.shopping.naver.com/catalog/53686328148,2025-09-23 00:52:04.781005,59800,https://shopping-phinf.pstatic.net/main_5368632/53686328148.20250616144609.jpg,지클릭커,naver_shopping_search,디지털/가전,주변기기,마우스,무선마우스,마우스,50.26259259259259,0.8813711691929054,45.4007,0.9757558804159406,168.33999999999997,45.599999999999994,531.5999999999999
NAVER_52778749153,로이체 RX-800V 블랙,디지털/가전 > 주변기기 > 마우스 > 무선마우스,19.93,3.6,40.0,114,로이체,네이버,False,https://search.shopping.naver.com/catalog/52778749153,2025-09-23 00:52:04.781015,26900,https://shopping-phinf.pstatic.net/main_5277874/52778749153.20250203111438.jpg,로이체,naver_shopping_search,디지털/가전,주변기기,마우스,무선마우스,마우스,50.26259259259259,0.3965175485782078,45.4007,0.43898001572662976,71.748,144.0,797.2
NAVER_52779090090,지클릭커 오피스프로 에르고 버티컬 인체공학 블루투스 무선 무소음 마우스 퍼플,디지털/가전 > 주변기기 > 마우스 > 무선마우스,14.0,4.2,6.0,70,지클릭커,네이버,False,https://search.shopping.naver.com/catalog/52779090090,2025-09-23 00:52:04.781026,18900,https://shopping-phinf.pstatic.net/main_5277909/52779090090.20250318113141.jpg,지클릭커,naver_shopping_search,디지털/가전,주변기기,마우스,무선마우스,마우스,50.26259259259259,0.278537164079022,45.4007,0.30836528952196773,58.800000000000004,25.200000000000003,84.0
NAVER_88453871745,LAMZU 람주 마야 엑스 MaYa X 무선 게이밍 마우스 Wireless 8K,디지털/가전 > 주변기기 > 마우스 > 무선마우스,120.0,4.6,189.0,21,람주,와이피게이밍기어,False,https://smartstore.naver.com/main/products/10909365710,2025-09-23 00:52:04.781037,162000,https://shopping-phinf.pstatic.net/main_8845387/88453871745.3.jpg,Unknown,naver_shopping_search,디지털/가전,주변기기,마우스,무선마우스,마우스,50.26259259259259,2.3874614063916173,45.4007,2.6431310530454377,552.0,869.4,22680.0
NAVER_87088238180,맥스틸 무소음 무선 버티컬 마우스 저소음 인체공학 사무용 노트북 맥북 갤럭시북 호환 휴대용,디지털/가전 > 주변기기 > 마우스 > 무선마우스,7.33,4.2,53.0,95,맥스틸,디어다니,False,https://smartstore.naver.com/main/products/9543735910,2025-09-23 00:52:04.781049,9900,https://shopping-phinf.pstatic.net/main_8708823/87088238180.jpg,맥스틸,naver_shopping_search,디지털/가전,주변기기,마우스,무선마우스,마우스,50.26259259259259,0.14583410090708798,45.4007,0.16145125515685882,30.786,222.60000000000002,388.49
NAVER_55610960580,ATK GEAR VXE MAD R+ 블랙,디지털/가전 > 주변기기 > 마우스 > 무선마우스,48.07,4.2,15.0,66,Unknown,네이버,False,https://search.shopping.naver.com/catalog/55610960580,2025-09-23 00:52:04.781059,64900,https://shopping-phinf.pstatic.net/main_5561096/55610960580.20250703160747.jpg,Unknown,naver_shopping_search,디지털/가전,주변기기,마우스,무선마우스,마우스,50.26259259259259,0.9563772483770421,45.4007,1.0587942476657848,201.894,63.0,721.05
NAVER_56640623043,"로지텍 M110 정품, 블랙",디지털/가전 > 주변기기 > 마우스 > 유선마우스,7.33,3.9,80.0,76,로지텍,네이버,False,https://search.shopping.naver.com/catalog/56640623043,2025-09-23 00:52:04.781069,9900,https://shopping-phinf.pstatic.net/main_5664062/56640623043.20250908155959.jpg,로지텍,naver_shopping_search,디지털/가전,주변기기,마우스,유선마우스,마우스,19.32,0.37939958592132506,45.4007,0.16145125515685882,28.587,312.0,586.4
NAVER_56638233576,"로지텍 M100r 정품, 블랙",디지털/가전 > 주변기기 > 마우스 > 유선마우스,6.67,3.5,30.0,38,로지텍,네이버,False,https://search.shopping.naver.com/catalog/56638233576,2025-09-23 00:52:04.781085,9000,https://shopping-phinf.pstatic.net/main_5663823/56638233576.20250908103647.jpg,로지텍,naver_shopping_search,디지털/가전,주변기기,마우스,유선마우스,마우스,19.32,0.34523809523809523,45.4007,0.14691403436510891,23.345,105.0,200.1
NAVER_56557321867,"로지텍 MX Master 3S For Mac 정품, 스페이스 그레이",디지털/가전 > 주변기기 > 마우스 > 무선마우스,101.61,4.8,202.125,43,로지텍,네이버,False,https://search.shopping.naver.com/catalog/56557321867,2025-09-23 00:52:04.781097,137180,https://shopping-phinf.pstatic.net/main_5655732/56557321867.20250902122726.jpg,로지텍,naver_shopping_search,디지털/가전,주변기기,마우스,무선마우스,마우스,50.26259259259259,2.021582945862102,45.4007,2.2380712191662244,487.72799999999995,970.1999999999999,20537.92125
NAVER_52854089450,삼성전자 삼성 SPA-JMA1PU 블랙,디지털/가전 > 주변기기 > 마우스 > 유선마우스,7.33,4.1,93.0,43,삼성,네이버,False,https://search.shopping.naver.com/catalog/52854089450,2025-09-23 00:52:04.781108,9900,https://shopping-phinf.pstatic.net/main_5285408/52854089450.20250311093745.jpg,삼성전자,naver_shopping_search,디지털/가전,주변기기,마우스,유선마우스,마우스,19.32,0.37939958592132506,45.4007,0.16145125515685882,30.052999999999997,381.29999999999995,681.69
NAVER_14935037444,엠엔지이 스마트포인터 SP-200,디지털/가전 > 주변기기 > 마우스 > 프리젠터,17.04,3.9,51.0,109,스마트포인터,네이버,False,https://search.shopping.naver.com/catalog/14935037444,2025-09-23 00:52:04.781118,23000,https://shopping-phinf.pstatic.net/main_1493503/14935037444.20250414175641.jpg,엠엔지이,naver_shopping_search,디지털/가전,주변기기,마우스,프리젠터,마우스,36.27333333333333,0.469766587024444,45.4007,0.3753246095324521,66.45599999999999,198.9,869.04
NAVER_56544459888,"로지텍 MX Vertical 병행수입, 그래파이트",디지털/가전 > 주변기기 > 마우스 > 무선마우스,75.36,4.0,105.0,51,로지텍,네이버,False,https://search.shopping.naver.com/catalog/56544459888,2025-09-23 00:52:04.781128,101730,https://shopping-phinf.pstatic.net/main_5654445/56544459888.20250901144746.jpg,로지텍,naver_shopping_search,디지털/가전,주변기기,마우스,무선마우스,마우스,50.26259259259259,1.4993257632139358,45.4007,1.659886301312535,301.44,420.0,7912.8
NAVER_81409241565,로지텍코리아 공식 G304 LIGHTSPEED 게이밍 마우스 블랙,디지털/가전 > 주변기기 > 마우스 > 무선마우스,33.26,4.2,80.0,65,로지텍G,로지텍공식스토어,False,https://smartstore.naver.com/main/products/3864721552,2025-09-23 00:52:04.781139,44900,https://shopping-phinf.pstatic.net/main_8140924/81409241565.27.jpg,로지텍,naver_shopping_search,디지털/가전,주변기기,마우스,무선마우스,마우스,50.26259259259259,0.6617247198048766,45.4007,0.7325878235357605,139.692,336.0,2660.7999999999997
NAVER_56572970968,"로지텍 로지텍G G705 정품, 화이트",디지털/가전 > 주변기기 > 마우스 > 무선마우스,73.33,4.3,34.0,34,로지텍G,네이버,False,https://search.shopping.naver.com/catalog/56572970968,2025-09-23 00:52:04.781149,99000,https://shopping-phinf.pstatic.net/main_5657297/56572970968.20250903142209.jpg,로지텍,naver_shopping_search,디지털/가전,주변기기,마우스,무선마우스,마우스,50.26259259259259,1.4589378744224775,45.4007,1.6151733343318495,315.31899999999996,146.2,2493.22
NAVER_89441747533,ATK X1 Ultimate 유무선 잠자리 8K 게이밍 마우스 국내정품 블랙,디지털/가전 > 주변기기 > 마우스 > 무선마우스,58.52,3.8,94.0,72,Unknown,펀키스,False,https://smartstore.naver.com/main/products/11897236924,2025-09-23 00:52:04.781161,79000,https://shopping-phinf.pstatic.net/main_8944174/89441747533.1.jpg,Unknown,naver_shopping_search,디지털/가전,주변기기,마우스,무선마우스,마우스,50.26259259259259,1.1642853458503122,45.4007,1.288966910201825,222.376,357.2,5500.88
NAVER_52798391030,삼성전자 삼성 SM-B1500QG 그레이,디지털/가전 > 주변기기 > 마우스 > 무선마우스,18.15,3.6,26.0,110,삼성,네이버,False,https://search.shopping.naver.com/catalog/52798391030,2025-09-23 00:52:04.781171,24500,https://shopping-phinf.pstatic.net/main_5279839/52798391030.20250204121415.jpg,삼성전자,naver_shopping_search,디지털/가전,주변기기,마우스,무선마우스,마우스,50.26259259259259,0.3611035377167321,45.4007,0.3997735717731224,65.34,93.60000000000001,471.9
NAVER_56587483805,"RAZER DeathAdder V3 Pro 정품, 화이트 에디션",디지털/가전 > 주변기기 > 마우스 > 무선마우스,140.87,4.6,202.125,34,RAZER,네이버,False,https://search.shopping.naver.com/catalog/56587483805,2025-09-23 00:52:04.781182,190180,https://shopping-phinf.pstatic.net/main_5658748/56587483805.20250904105233.jpg,RAZER,naver_shopping_search,디지털/가전,주변기기,마우스,무선마우스,마우스,50.26259259259259,2.8026807359865598,45.4007,3.1028155953542567,648.002,929.775,28473.34875
NAVER_25494939525,필립스 SPT9404,디지털/가전 > 주변기기 > 마우스 > 프리젠터,14.0,3.9,16.0,59,필립스,네이버,False,https://search.shopping.naver.com/catalog/25494939525,2025-09-23 00:52:04.781192,18900,https://shopping-phinf.pstatic.net/main_2549493/25494939525.20250121103519.jpg,필립스,naver_shopping_search,디지털/가전,주변기기,마우스,프리젠터,마우스,36.27333333333333,0.3859584635177357,45.4007,0.30836528952196773,54.6,62.4,224.0
NAVER_31079415618,로지텍 R500s,디지털/가전 > 주변기기 > 마우스 > 프리젠터,45.85,4.2,42.0,77,로지텍,네이버,False,https://search.shopping.naver.com/catalog/31079415618,2025-09-23 00:52:04.781201,61900,https://shopping-phinf.pstatic.net/main_3107941/31079415618.20220225140048.jpg,로지텍,naver_shopping_search,디지털/가전,주변기기,마우스,프리젠터,마우스,36.27333333333333,1.2640139680205844,45.4007,1.0098963231844442,192.57000000000002,176.4,1925.7
NAVER_20888822647,초이스테크놀로지 엑스포인터 XPM170Y,디지털/가전 > 주변기기 > 마우스 > 프리젠터,48.15,4.1,63.0,40,엑스포인터,네이버,False,https://search.shopping.naver.com/catalog/20888822647,2025-09-23 00:52:04.781212,65000,https://shopping-phinf.pstatic.net/main_2088882/20888822647.20230213123045.jpg,초이스테크놀로지,naver_shopping_search,디지털/가전,주변기기,마우스,프리젠터,마우스,36.27333333333333,1.3274214298842124,45.4007,1.0605563350344818,197.41499999999996,258.29999999999995,3033.45
NAVER_55922573522,지클릭커 오피스프로 버티컬 도톰스콘 팜레스트 OP85 무소음 블루투스 무선마우스 블랙,디지털/가전 > 주변기기 > 마우스 > 무선마우스,19.93,3.8,92.0,31,지클릭커,네이버,False,https://search.shopping.naver.com/catalog/55922573522,2025-09-23 00:52:04.781223,26900,https://shopping-phinf.pstatic.net/main_5592257/55922573522.20250724102233.jpg,지클릭커,naver_shopping_search,디지털/가전,주변기기,마우스,무선마우스,마우스,50.26259259259259,0.3965175485782078,45.4007,0.43898001572662976,75.734,349.59999999999997,1833.56
NAVER_52854960041,삼성전자 삼성 SMO-3550B 블랙,디지털/가전 > 주변기기 > 마우스 > 무선마우스,13.92,4.2,56.0,118,삼성,네이버,False,https://search.shopping.naver.com/catalog/52854960041,2025-09-23 00:52:04.781234,18790,https://shopping-phinf.pstatic.net/main_5285496/52854960041.20250206114640.jpg,삼성전자,naver_shopping_search,디지털/가전,주변기기,마우스,무선마우스,마우스,50.26259259259259,0.2769455231414276,45.4007,0.30660320215327075,58.464,235.20000000000002,779.52
NAVER_52685603114,프리플로우 싸이록스 V8 8K 무선 마우스 블랙,디지털/가전 > 주변기기 > 마우스 > 무선마우스,59.19,4.1,99.0,24,프리플로우,네이버,False,https://search.shopping.naver.com/catalog/52685603114,2025-09-23 00:52:04.781245,79900,https://shopping-phinf.pstatic.net/main_5268560/52685603114.20250206125314.jpg,프리플로우,naver_shopping_search,디지털/가전,주변기기,마우스,무선마우스,마우스,50.26259259259259,1.1776153387026653,45.4007,1.303724391914662,242.67899999999997,405.9,5859.8099999999995
NAVER_52799309104,로이체 RX-700TR 핑크,디지털/가전 > 주변기기 > 마우스 > 무선마우스,16.6,4.1,19.0,75,로이체,네이버,False,https://search.shopping.naver.com/catalog/52799309104,2025-09-23 00:52:04.781256,22410,https://shopping-phinf.pstatic.net/main_5279930/52799309104.20250204142126.jpg,로이체,naver_shopping_search,디지털/가전,주변기기,마우스,무선마우스,마우스,50.26259259259259,0.3302654945508404,45.4007,0.3656331290046189,68.06,77.89999999999999,315.40000000000003
NAVER_87557030318,삼성 고속휠 무선 마우스 무소음 블루투스 멀티페어링 사무용 인체공학,디지털/가전 > 주변기기 > 마우스 > 무선마우스,26.59,4.0,80.0,96,삼성,삼성공식파트너 엠디텍PC,False,https://smartstore.naver.com/main/products/10012527944,2025-09-23 00:52:04.781267,35900,https://shopping-phinf.pstatic.net/main_8755703/87557030318.2.jpg,삼성전자,naver_shopping_search,디지털/가전,주변기기,마우스,무선마우스,마우스,50.26259259259259,0.5290216566329425,45.4007,0.5856737891706515,106.36,320.0,2127.2
NAVER_55593777069,에이플러스엑스 펄사 TenZ 시그니처 에디션 무선 게이밍 마우스 레드,디지털/가전 > 주변기기 > 마우스 > 무선마우스,140.0,4.4,202.125,14,펄사,네이버,False,https://search.shopping.naver.com/catalog/55593777069,2025-09-23 00:52:04.781278,189000,https://shopping-phinf.pstatic.net/main_5559377/55593777069.20250702093547.jpg,에이플러스엑스,naver_shopping_search,디지털/가전,주변기기,마우스,무선마우스,마우스,50.26259259259259,2.7853716407902205,45.4007,3.0836528952196773,616.0,889.35,28297.5
NAVER_53685703315,앱코 WEM65 인체공학 WIRELESS FREE 무선 버티컬 마우스 화이트,디지털/가전 > 주변기기 > 마우스 > 무선마우스,21.41,3.9,6.0,85,앱코,네이버,False,https://search.shopping.naver.com/catalog/53685703315,2025-09-23 00:52:04.781289,28900,https://shopping-phinf.pstatic.net/main_5368570/53685703315.20250526130028.jpg,앱코,naver_shopping_search,디지털/가전,주변기기,마우스,무선마우스,마우스,50.26259259259259,0.42596290592370445,45.4007,0.4715786320475235,83.499,23.4,128.46
NAVER_56353487871,에이플러스엑스 펄사 X2 CrazyLight 초경량 무선 게이밍 마우스 RandomFrankP 에디션,디지털/가전 > 주변기기 > 마우스 > 무선마우스,117.78,4.3,202.125,21,펄사,네이버,False,https://search.shopping.naver.com/catalog/56353487871,2025-09-23 00:52:04.781306,159000,https://shopping-phinf.pstatic.net/main_5635348/56353487871.20250820105027.jpg,에이플러스엑스,naver_shopping_search,디지털/가전,주변기기,마우스,무선마우스,마우스,50.26259259259259,2.3432933703733725,45.4007,2.594233128564097,506.454,869.1374999999999,23806.2825
NAVER_53684634832,지클릭커 오피스프로 휠마스터 버티컬 무한휠 무선 블루투스 마우스 OP05 쿨그레이,디지털/가전 > 주변기기 > 마우스 > 무선마우스,33.26,4.1,38.0,60,지클릭커,네이버,False,https://search.shopping.naver.com/catalog/53684634832,2025-09-23 00:52:04.781318,44900,https://shopping-phinf.pstatic.net/main_5368463/53684634832.20250520094703.jpg,지클릭커,naver_shopping_search,디지털/가전,주변기기,마우스,무선마우스,마우스,50.26259259259259,0.6617247198048766,45.4007,0.7325878235357605,136.36599999999999,155.79999999999998,1263.8799999999999
NAVER_52779117604,로지텍 Lift Vertical Ergonomic Mouse 그래파이트,디지털/가전 > 주변기기 > 마우스 > 무선마우스,40.3,4.1,47.0,88,로지텍,네이버,False,https://search.shopping.naver.com/catalog/52779117604,2025-09-23 00:52:04.781329,54400,https://shopping-phinf.pstatic.net/main_5277911/52779117604.20250203123126.jpg,로지텍,naver_shopping_search,디지털/가전,주변기기,마우스,무선마우스,마우스,50.26259259259259,0.8017891223131848,45.4007,0.8876515119810927,165.22999999999996,192.7,1894.1
NAVER_88776378045,VXE R1 PRO MAX 무선 잠자리 게이밍 마우스 블랙,디지털/가전 > 주변기기 > 마우스 > 무선마우스,40.67,4.2,70.0,80,Unknown,가온인터내셔날,False,https://smartstore.naver.com/main/products/11231867714,2025-09-23 00:52:04.781349,54900,https://shopping-phinf.pstatic.net/main_8877637/88776378045.2.jpg,Unknown,naver_shopping_search,디지털/가전,주변기기,마우스,무선마우스,마우스,50.26259259259259,0.8091504616495591,45.4007,0.8958011660613162,170.81400000000002,294.0,2846.9
NAVER_81074960394,아이리버 EQwear-V10 무소음 무선 마우스 블랙,디지털/가전 > 주변기기 > 마우스 > 무선마우스,10.3,3.5,7.0,83,아이리버,아이리버 공식대리점 샤후후,False,https://smartstore.naver.com/main/products/3530443060,2025-09-23 00:52:04.781360,13900,https://shopping-phinf.pstatic.net/main_8107496/81074960394.5.jpg,아이리버,naver_shopping_search,디지털/가전,주변기기,마우스,무선마우스,마우스,50.26259259259259,0.2049237707152805,45.4007,0.22686874871973342,36.050000000000004,24.5,72.10000000000001
NAVER_52779393932,로이체 RX-900S 블랙,디지털/가전 > 주변기기 > 마우스 > 무선마우스,40.67,3.7,21.0,120,로이체,네이버,False,https://search.shopping.naver.com/catalog/52779393932,2025-09-23 00:52:04.781370,54900,https://shopping-phinf.pstatic.net/main_5277939/52779393932.20250908145647.jpg,로이체,naver_shopping_search,디지털/가전,주변기기,마우스,무선마우스,마우스,50.26259259259259,0.8091504616495591,45.4007,0.8958011660613162,150.479,77.7,854.07
NAVER_56586864717,"RAZER DeathAdder V2 X HyperSpeed 정품, 블랙",디지털/가전 > 주변기기 > 마우스 > 무선마우스,36.96,3.9,42.0,37,RAZER,네이버,False,https://search.shopping.naver.com/catalog/56586864717,2025-09-23 00:52:04.781380,49900,https://shopping-phinf.pstatic.net/main_5658686/56586864717.20250904093041.jpg,RAZER,naver_shopping_search,디지털/가전,주변기기,마우스,무선마우스,마우스,50.26259259259259,0.7353381131686182,45.4007,0.8140843643379948,144.144,163.79999999999998,1552.32
NAVER_26950841523,젬스트 LEF PPT1500,디지털/가전 > 주변기기 > 마우스 > 프리젠터,11.04,3.5,36.0,65,젬스트,네이버,False,https://search.shopping.naver.com/catalog/26950841523,2025-09-23 00:52:04.781391,14900,https://shopping-phinf.pstatic.net/main_2695084/26950841523.20210428115652.jpg,젬스트,naver_shopping_search,디지털/가전,주변기기,마우스,프리젠터,마우스,36.27333333333333,0.3043558169454144,45.4007,0.24316805688018023,38.64,126.0,397.43999999999994
NAVER_56605864647,"RAZER DeathAdder Essential 정품, 블랙",디지털/가전 > 주변기기 > 마우스 > 유선마우스,17.33,3.8,88.0,77,RAZER,네이버,False,https://search.shopping.naver.com/catalog/56605864647,2025-09-23 00:52:04.781402,23400,https://shopping-phinf.pstatic.net/main_5660586/56605864647.20250905143820.jpg,RAZER,naver_shopping_search,디지털/가전,주변기기,마우스,유선마우스,마우스,19.32,0.8969979296066252,45.4007,0.3817121762439786,65.85399999999998,334.4,1525.04
NAVER_52998211478,지클릭커 슈퍼히어로 OP100 르캄프 초경량 4K 게이밍 마우스 화이트,디지털/가전 > 주변기기 > 마우스 > 무선마우스,33.26,3.7,73.0,74,지클릭커,네이버,False,https://search.shopping.naver.com/catalog/52998211478,2025-09-23 00:52:04.781413,44900,https://shopping-phinf.pstatic.net/main_5299821/52998211478.20250319122447.jpg,지클릭커,naver_shopping_search,디지털/가전,주변기기,마우스,무선마우스,마우스,50.26259259259259,0.6617247198048766,45.4007,0.7325878235357605,123.062,270.1,2427.98
NAVER_52685538828,한성컴퓨터 VM100 V2 OfficeMaster 듀얼무선 화이트,디지털/가전 > 주변기기 > 마우스 > 무선마우스,16.96,3.6,65.0,40,한성컴퓨터,네이버,False,https://search.shopping.naver.com/catalog/52685538828,2025-09-23 00:52:04.781425,22900,https://shopping-phinf.pstatic.net/main_5268553/52685538828.20250127102623.jpg,한성컴퓨터,naver_shopping_search,디지털/가전,주변기기,마우스,무선마우스,마우스,50.26259259259259,0.3374278787700153,45.4007,0.3735625221637552,61.056000000000004,234.0,1102.4
NAVER_89155343550,로지텍 G102 2세대 게이밍 게임용 게임 컴퓨터 사무용 롤 병행 +패드,디지털/가전 > 주변기기 > 마우스 > 유선마우스,15.7,4.0,70.0,118,로지텍G,STORYLiNK,False,https://smartstore.naver.com/main/products/11610833144,2025-09-23 00:52:04.781437,21190,https://shopping-phinf.pstatic.net/main_8915534/89155343550.jpg,로지텍,naver_shopping_search,디지털/가전,주변기기,마우스,유선마우스,마우스,19.32,0.8126293995859213,45.4007,0.34580964610677806,62.8,280.0,1099.0
NAVER_83018100114,지슈라 로지텍 GProXSuperlight 무선 게이밍 지프로 슈퍼라이트 마우스 병행,디지털/가전 > 주변기기 > 마우스 > 무선마우스,94.81,4.4,131.0,79,로지텍G,DELESHOP,False,https://smartstore.naver.com/main/products/5473605486,2025-09-23 00:52:04.781448,128000,https://shopping-phinf.pstatic.net/main_8301810/83018100114.3.jpg,로지레스,naver_shopping_search,디지털/가전,주변기기,마우스,무선마우스,마우스,50.26259259259259,1.8862934661665771,45.4007,2.088293792826983,417.16400000000004,576.4000000000001,12420.11
NAVER_56469262499,"로지텍 M185 Wireless Mouse 정품, 그레이",디지털/가전 > 주변기기 > 마우스 > 무선마우스,12.51,3.7,21.0,65,로지텍,네이버,False,https://search.shopping.naver.com/catalog/56469262499,2025-09-23 00:52:04.781459,16890,https://shopping-phinf.pstatic.net/main_5646926/56469262499.20250828180006.jpg,로지텍,naver_shopping_search,디지털/가전,주변기기,마우스,무선마우스,마우스,50.26259259259259,0.24889285161632613,45.4007,0.2755464122799869,46.287,77.7,262.71
NAVER_53684361781,프리플로우 SCYROX V6 블루,디지털/가전 > 주변기기 > 마우스 > 무선마우스,59.19,4.0,57.0,21,프리플로우,네이버,False,https://search.shopping.naver.com/catalog/53684361781,2025-09-23 00:52:04.781469,79900,https://shopping-phinf.pstatic.net/main_5368436/53684361781.20250625115713.jpg,프리플로우,naver_shopping_search,디지털/가전,주변기기,마우스,무선마우스,마우스,50.26259259259259,1.1776153387026653,45.4007,1.303724391914662,236.76,228.0,3373.83
NAVER_89786096926,VXE R1 SE+ 무선 잠자리 게이밍 마우스,디지털/가전 > 주변기기 > 마우스 > 무선마우스,21.41,3.7,64.0,69,Unknown,가온인터내셔날,False,https://smartstore.naver.com/main/products/12241586210,2025-09-23 00:52:04.781480,28900,https://shopping-phinf.pstatic.net/main_8978609/89786096926.jpg,Unknown,naver_shopping_search,디지털/가전,주변기기,마우스,무선마우스,마우스,50.26259259259259,0.42596290592370445,45.4007,0.4715786320475235,79.217,236.8,1370.24
NAVER_82598560615,아이리버 EQwear-EV3 인체공학 블루투스 무소음 무선 버티컬 마우스 블랙,디지털/가전 > 주변기기 > 마우스 > 무선마우스,24.07,4.2,99.0,87,아이리버,아이리버 공식대리점 샤후후,False,https://smartstore.naver.com/main/products/5054039394,2025-09-23 00:52:04.781491,32500,https://shopping-phinf.pstatic.net/main_8259856/82598560615.4.jpg,아이리버,naver_shopping_search,디지털/가전,주변기기,마우스,무선마우스,마우스,50.26259259259259,0.47888496709871864,45.4007,0.5301680370566973,101.09400000000001,415.8,2382.93
NAVER_11014006975,500g 갓볶은 당일로스팅 커피원두 맛있는 신선한 고소한 콩 홀빈 가루 베트남 로부스타,식품 > 음료 > 커피 > 원두/생두,5.15,3.6,58.0,96,Unknown,라인코 원두커피,False,https://smartstore.naver.com/main/products/572706938,2025-09-23 00:52:05.021795,6950,https://shopping-phinf.pstatic.net/main_1101400/11014006975.21.jpg,라인코,naver_shopping_search,식품,음료,커피,원두/생두,커피 원두,18.4344,0.27936900577181795,18.4344,0.27936900577181795,18.540000000000003,208.8,298.70000000000005
NAVER_12126547821,[무료배송] 커피창고 원두커피 베트남 로부스타 G1 1kg 외 10종 고소한 맛있는 로스팅 홀빈 콩,식품 > 음료 > 커피 > 원두/생두,11.04,4.2,96.0,75,커피창고,커피창고,False,https://smartstore.naver.com/main/products/2140616478,2025-09-23 00:52:05.021828,14900,https://shopping-phinf.pstatic.net/main_1212654/12126547821.15.jpg,Unknown,naver_shopping_search,식품,음료,커피,원두/생두,커피 원두,18.4344,0.5988803541205572,18.4344,0.5988803541205572,46.367999999999995,403.20000000000005,1059.84
NAVER_83872775795,1kg 래빗 원두커피 커피콩 맛있는 고소한 신선한 홀빈 고소고소 블렌드,식품 > 음료 > 커피 > 원두/생두,14.44,3.7,63.0,99,래빗커피,래빗커피,False,https://smartstore.naver.com/main/products/6328273306,2025-09-23 00:52:05.021844,19500,https://shopping-phinf.pstatic.net/main_8387277/83872775795.8.jpg,Unknown,naver_shopping_search,식품,음료,커피,원두/생두,커피 원두,18.4344,0.7833181443388447,18.4344,0.7833181443388447,53.428,233.10000000000002,909.7199999999999
NAVER_87743051438,베트남 원두커피 원두콩 1kg 홀빈 로부스타 블루드래곤 워시드 G1,식품 > 음료 > 커피 > 원두/생두,9.26,4.1,47.0,97,Unknown,원두천국,False,https://smartstore.naver.com/main/products/10198547977,2025-09-23 00:52:05.021858,12500,https://shopping-phinf.pstatic.net/main_8774305/87743051438.6.jpg,Unknown,naver_shopping_search,식품,음료,커피,원두/생두,커피 원두,18.4344,0.502321746300395,18.4344,0.502321746300395,37.965999999999994,192.7,435.21999999999997
NAVER_10910602276,[무료배송] 블랙빈스 원두커피 500g 2봉 베트남 로부스타 외 29종 홀빈 분쇄 당일로스팅,식품 > 음료 > 커피 > 원두/생두,11.78,3.8,94.0,95,블랙빈스,블랙빈스 커피,False,https://smartstore.naver.com/main/products/625011293,2025-09-23 00:52:05.021871,15900,https://shopping-phinf.pstatic.net/main_1091060/10910602276.22.jpg,블랙빈스,naver_shopping_search,식품,음료,커피,원두/생두,커피 원두,18.4344,0.6390226966974786,18.4344,0.6390226966974786,44.763999999999996,357.2,1107.32
NAVER_7742542122,콩볶는사람들 홀릭 원두 커피 1kg 베트남 로부스타 홀빈 분쇄 당일로스팅,식품 > 음료 > 커피 > 원두/생두,9.56,3.9,23.0,116,콩볶는사람들,콩볶는사람들,False,https://smartstore.naver.com/main/products/233326390,2025-09-23 00:52:05.021884,12900,https://shopping-phinf.pstatic.net/main_7742542/7742542122.19.jpg,콩볶는사람들,naver_shopping_search,식품,음료,커피,원두/생두,커피 원두,18.4344,0.5185956689667144,18.4344,0.5185956689667144,37.284,89.7,219.88000000000002
NAVER_80367100102,원두커피 1kg 당일로스팅 맛있는 신선한 고소한 홀빈 가루 콩 베트남 로부스타G1,식품 > 음료 > 커피 > 원두/생두,11.04,3.8,33.0,78,제뉴인,제뉴인커피,False,https://smartstore.naver.com/main/products/2869356124,2025-09-23 00:52:05.021897,14900,https://shopping-phinf.pstatic.net/main_8036710/80367100102.2.jpg,제뉴인,naver_shopping_search,식품,음료,커피,원두/생두,커피 원두,18.4344,0.5988803541205572,18.4344,0.5988803541205572,41.952,125.39999999999999,364.32
NAVER_82576369813,갓볶은 고소한 커피 원두 1kg 카페 콩 에스프레소 분쇄 과테말라,식품 > 음료 > 커피 > 원두/생두,29.56,4.2,83.0,120,하루의시간,하루의 시간,False,https://smartstore.naver.com/main/products/5031848964,2025-09-23 00:52:05.021909,39900,https://shopping-phinf.pstatic.net/main_8257636/82576369813.13.jpg,Unknown,naver_shopping_search,식품,음료,커피,원두/생두,커피 원두,18.4344,1.603523846721347,18.4344,1.603523846721347,124.152,348.6,2453.48
NAVER_82691588462,스타벅스 원두 커피 블랙퍼스트 블렌드 콩 홀빈 1.13kg 대용량 코스트코,식품 > 음료 > 커피 > 원두/생두,25.48,3.9,91.0,53,스타벅스,유리카트,False,https://smartstore.naver.com/main/products/5147067606,2025-09-23 00:52:05.021920,34400,https://shopping-phinf.pstatic.net/main_8269158/82691588462.7.jpg,Unknown,naver_shopping_search,식품,음료,커피,원두/생두,커피 원두,18.4344,1.382198498459402,18.4344,1.382198498459402,99.372,354.9,2318.68
NAVER_9250839796,블랙빈스 원두커피 1kg 베트남 로부스타 외 29종 홀빈 분쇄 당일로스팅,식품 > 음료 > 커피 > 원두/생두,9.26,3.8,65.0,65,블랙빈스,블랙빈스 커피,False,https://smartstore.naver.com/main/products/350864105,2025-09-23 00:52:05.021932,12500,https://shopping-phinf.pstatic.net/main_9250839/9250839796.15.jpg,블랙빈스,naver_shopping_search,식품,음료,커피,원두/생두,커피 원두,18.4344,0.502321746300395,18.4344,0.502321746300395,35.187999999999995,247.0,601.9
NAVER_82759248691,원당커피 원두 1kg 신선한 당일로스팅 도매 납품 베트남,식품 > 음료 > 커피 > 원두/생두,11.78,3.8,95.0,105,Unknown,원당커피공장,False,https://smartstore.naver.com/main/products/5214726843,2025-09-23 00:52:05.021943,15900,https://shopping-phinf.pstatic.net/main_8275924/82759248691.11.jpg,Unknown,naver_shopping_search,식품,음료,커피,원두/생두,커피 원두,18.4344,0.6390226966974786,18.4344,0.6390226966974786,44.763999999999996,361.0,1119.1
NAVER_87146078991,그라도스 1kg 원두 커피콩 신선한 고소한 맛있는 홀빈 고소한블렌딩 외 12 종,식품 > 음료 > 커피 > 원두/생두,12.96,4.1,24.0,119,Unknown,그라도스커피,False,https://smartstore.naver.com/main/products/9601576721,2025-09-23 00:52:05.021956,17500,https://shopping-phinf.pstatic.net/main_8714607/87146078991.11.jpg,Unknown,naver_shopping_search,식품,음료,커피,원두/생두,커피 원두,18.4344,0.703033459185002,18.4344,0.703033459185002,53.135999999999996,98.39999999999999,311.04
NAVER_87295713923,500g+500g 에티오피아 아바야 게이샤 G1 예가체프 원두 커피 홀빈 분쇄,식품 > 음료 > 커피 > 원두/생두,29.56,3.7,76.0,78,에센티아팩토리,에센티아 팩토리,False,https://smartstore.naver.com/main/products/9751211650,2025-09-23 00:52:05.021968,39900,https://shopping-phinf.pstatic.net/main_8729571/87295713923.1.jpg,Unknown,naver_shopping_search,식품,음료,커피,원두/생두,커피 원두,18.4344,1.603523846721347,18.4344,1.603523846721347,109.372,281.2,2246.56
NAVER_80536428248,다크브릭스 원두커피 당일로스팅 베트남 로부스타 1kg 홀빈 1개입,식품 > 음료 > 커피 > 원두/생두,10.3,3.6,44.0,87,다크브릭스,다크브릭스,False,https://smartstore.naver.com/main/products/3038684142,2025-09-23 00:52:05.021980,13900,https://shopping-phinf.pstatic.net/main_8053642/80536428248.13.jpg,다크브릭스,naver_shopping_search,식품,음료,커피,원두/생두,커피 원두,18.4344,0.5587380115436359,18.4344,0.5587380115436359,37.080000000000005,158.4,453.20000000000005
NAVER_85578002938,초코아몬드 고래커피 1KG 서울 경기 부산 고소 회사 학교 도매 대용량 원두납품 커피원두,식품 > 음료 > 커피 > 원두/생두,19.26,4.2,64.0,116,Unknown,고래커피,False,https://smartstore.naver.com/main/products/8033502615,2025-09-23 00:52:05.021992,26000,https://shopping-phinf.pstatic.net/main_8557800/85578002938.3.jpg,Unknown,naver_shopping_search,식품,음료,커피,원두/생두,커피 원두,18.4344,1.0447858351777113,18.4344,1.0447858351777113,80.89200000000001,268.8,1232.64
NAVER_87556464596,모모스커피 에스쇼콜라 블렌드 스페셜티 원두 1kg 대용량,식품 > 음료 > 커피 > 원두/생두,30.0,3.7,16.0,54,모모스커피,모모스커피,False,https://smartstore.naver.com/main/products/10011962222,2025-09-23 00:52:05.022005,40500,https://shopping-phinf.pstatic.net/main_8755646/87556464596.5.jpg,Unknown,naver_shopping_search,식품,음료,커피,원두/생두,커피 원두,18.4344,1.627392266631949,18.4344,1.627392266631949,111.0,59.2,480.0
NAVER_81339300743,1Kg 원두 커피 베트남 로부스타 골든나인 업소용 대용량 당일로스팅,식품 > 음료 > 커피 > 원두/생두,9.19,4.2,91.0,60,골든나인,골든나인,False,https://smartstore.naver.com/main/products/3794782649,2025-09-23 00:52:05.022017,12400,https://shopping-phinf.pstatic.net/main_8133930/81339300743.3.jpg,아이에이커머스,naver_shopping_search,식품,음료,커피,원두/생두,커피 원두,18.4344,0.4985244976782537,18.4344,0.4985244976782537,38.598,382.2,836.29
NAVER_84111450505,[평점4.89] 디카페인 원두 커피 브라질 세하도 1kg 당일로스팅 홀빈,식품 > 음료 > 커피 > 원두/생두,24.81,3.5,64.0,75,Unknown,커피포레스트,False,https://smartstore.naver.com/main/products/6566950172,2025-09-23 00:52:05.022029,33500,https://shopping-phinf.pstatic.net/main_8411145/84111450505.jpg,커피포레스트,naver_shopping_search,식품,음료,커피,원두/생두,커피 원두,18.4344,1.3458534045046218,18.4344,1.3458534045046218,86.835,224.0,1587.84
NAVER_82830179957,커피원두 1kg 갓볶은 맛있는 속편한 고소한 원두 홀빈 콩 인도 외 22종,식품 > 음료 > 커피 > 원두/생두,14.74,3.5,37.0,115,두유니드커피,니드커피,False,https://smartstore.naver.com/main/products/5285687815,2025-09-23 00:52:05.022040,19900,https://shopping-phinf.pstatic.net/main_8283017/82830179957.23.jpg,커피디오리진,naver_shopping_search,식품,음료,커피,원두/생두,커피 원두,18.4344,0.7995920670051643,18.4344,0.7995920670051643,51.59,129.5,545.38
NAVER_82886816041,[무료배송] 원두커피 산미없는 고소한 브라질 세하도1kg 외 6종 홀빈 분쇄,식품 > 음료 > 커피 > 원두/생두,14.74,3.5,79.0,77,수달리,수달리커피,False,https://smartstore.naver.com/main/products/5342323206,2025-09-23 00:52:05.022069,19900,https://shopping-phinf.pstatic.net/main_8288681/82886816041.35.jpg,Unknown,naver_shopping_search,식품,음료,커피,원두/생두,커피 원두,18.4344,0.7995920670051643,18.4344,0.7995920670051643,51.59,276.5,1164.46
NAVER_10123580911,달고나 블랜드 500g,식품 > 음료 > 커피 > 원두/생두,9.63,3.8,64.0,46,Unknown,로스터릭,False,https://smartstore.naver.com/main/products/452259039,2025-09-23 00:52:05.022082,13000,https://shopping-phinf.pstatic.net/main_1012358/10123580911.25.jpg,Unknown,naver_shopping_search,식품,음료,커피,원두/생두,커피 원두,18.4344,0.5223929175888556,18.4344,0.5223929175888556,36.594,243.2,616.32
NAVER_82529889543,커피원두 200g 고소한 신선한 당일로스팅 과테말라 에스프레소 커피콩,식품 > 음료 > 커피 > 원두/생두,9.56,4.3,73.0,95,하루의시간,하루의 시간,False,https://smartstore.naver.com/main/products/4985368949,2025-09-23 00:52:05.022094,12900,https://shopping-phinf.pstatic.net/main_8252988/82529889543.28.jpg,Unknown,naver_shopping_search,식품,음료,커피,원두/생두,커피 원두,18.4344,0.5185956689667144,18.4344,0.5185956689667144,41.108,313.9,697.88
NAVER_83532541270,원두커피 1kg 고소한 맛있는 아라비카 100% 로스팅 커피원두 골든 로스트 외 26종류,식품 > 음료 > 커피 > 원두/생두,11.78,3.8,81.0,77,Unknown,티타임커피,False,https://smartstore.naver.com/main/products/5988041782,2025-09-23 00:52:05.022110,15900,https://shopping-phinf.pstatic.net/main_8353254/83532541270.25.jpg,티타임,naver_shopping_search,식품,음료,커피,원두/생두,커피 원두,18.4344,0.6390226966974786,18.4344,0.6390226966974786,44.763999999999996,307.8,954.18
NAVER_82990256330,늦은밤 부담없는 원두 디카페인 커피 콩 1kg 산미없는 고소한 브라질 세하도,식품 > 음료 > 커피 > 원두/생두,24.81,3.9,59.0,88,에센티아팩토리,에센티아 팩토리,False,https://smartstore.naver.com/main/products/5445762175,2025-09-23 00:52:05.022122,33500,https://shopping-phinf.pstatic.net/main_8299025/82990256330.5.jpg,에센티아팩토리,naver_shopping_search,식품,음료,커피,원두/생두,커피 원두,18.4344,1.3458534045046218,18.4344,1.3458534045046218,96.75899999999999,230.1,1463.79
NAVER_82281801324,레스트빈 베트남 원두커피 500g 2봉 로부스타 블루드래곤 워시드 G1 분쇄선택,식품 > 음료 > 커피 > 원두/생두,11.26,4.2,68.0,47,Unknown,레스트빈,False,https://smartstore.naver.com/main/products/4737279860,2025-09-23 00:52:05.022134,15200,https://shopping-phinf.pstatic.net/main_8228180/82281801324.19.jpg,Unknown,naver_shopping_search,식품,음료,커피,원두/생두,커피 원두,18.4344,0.6108145640758582,18.4344,0.6108145640758582,47.292,285.6,765.68
NAVER_84944653040,커피원두 1kg 고소한 맛있는 산미없는 베트남 로부스타 G1 미디엄 로스트 외 24종류,식품 > 음료 > 커피 > 원두/생두,9.26,4.0,85.0,63,Unknown,티타임커피,False,https://smartstore.naver.com/main/products/7400152718,2025-09-23 00:52:05.022146,12500,https://shopping-phinf.pstatic.net/main_8494465/84944653040.23.jpg,티타임,naver_shopping_search,식품,음료,커피,원두/생두,커피 원두,18.4344,0.502321746300395,18.4344,0.502321746300395,37.04,340.0,787.1
NAVER_8692392334,콩스콩스 원두커피 베트남 로부스타 블루드래곤 워시드G1 1kg 홀빈 원두콩,식품 > 음료 > 커피 > 원두/생두,9.56,3.6,68.0,114,콩스콩스,콩스콩스,False,https://smartstore.naver.com/main/products/310288062,2025-09-23 00:52:05.022159,12900,https://shopping-phinf.pstatic.net/main_8692392/8692392334.19.jpg,콩스콩스,naver_shopping_search,식품,음료,커피,원두/생두,커피 원두,18.4344,0.5185956689667144,18.4344,0.5185956689667144,34.416000000000004,244.8,650.08
NAVER_87444196724,스타벅스 원두 커피 블랙퍼스트 블렌드 브랙퍼스트 콩 1.13kg,식품 > 음료 > 커피 > 원두/생두,29.62,4.1,16.0,100,스타벅스,코스트코이케아,False,https://smartstore.naver.com/main/products/9899694451,2025-09-23 00:52:05.022171,39990,https://shopping-phinf.pstatic.net/main_8744419/87444196724.1.jpg,코스트코,naver_shopping_search,식품,음료,커피,원두/생두,커피 원두,18.4344,1.606778631254611,18.4344,1.606778631254611,121.442,65.6,473.92
NAVER_87669073327,포랩스커피 500g 홈카페 고소한 산미 없는 커피 원두 너티캐러멜,식품 > 음료 > 커피 > 원두/생두,10.96,3.6,84.0,120,Unknown,포랩스커피컴퍼니,False,https://smartstore.naver.com/main/products/10124570397,2025-09-23 00:52:05.022183,14800,https://shopping-phinf.pstatic.net/main_8766907/87669073327.1.jpg,Unknown,naver_shopping_search,식품,음료,커피,원두/생두,커피 원두,18.4344,0.5945406414095388,18.4344,0.5945406414095388,39.456,302.40000000000003,920.6400000000001
NAVER_81345974980,에티오피아 예가체프 g2 약배전 원두 1kg 산미있는 로스팅 커피 가루 모카포트,식품 > 음료 > 커피 > 원두/생두,19.19,3.9,96.0,97,에센티아팩토리,에센티아 팩토리,False,https://smartstore.naver.com/main/products/3801456872,2025-09-23 00:52:05.022196,25900,https://shopping-phinf.pstatic.net/main_8134597/81345974980.5.jpg,에센티아팩토리,naver_shopping_search,식품,음료,커피,원두/생두,커피 원두,18.4344,1.0409885865555701,18.4344,1.0409885865555701,74.84100000000001,374.4,1842.2400000000002
NAVER_82140128687,커피 원두 에티오피아 예가체프 아바야 게이샤 G1 스페셜티 홀빈 200g,식품 > 음료 > 커피 > 원두/생두,9.56,3.8,23.0,70,뉴웨스트커피,뉴웨스트커피,False,https://smartstore.naver.com/main/products/4595608498,2025-09-23 00:52:05.022211,12900,https://shopping-phinf.pstatic.net/main_8214012/82140128687.10.jpg,뉴웨스트커피,naver_shopping_search,식품,음료,커피,원두/생두,커피 원두,18.4344,0.5185956689667144,18.4344,0.5185956689667144,36.328,87.39999999999999,219.88000000000002
NAVER_80119018098,킹콩 원두커피 콜롬비아 에스프레소 블렌드 고소한 홀빈 1kg 아로마빌커피,식품 > 음료 > 커피 > 원두/생두,15.41,4.2,85.0,99,노브랜드,미니코코몰,False,https://smartstore.naver.com/main/products/2621274522,2025-09-23 00:52:05.022224,20800,https://shopping-phinf.pstatic.net/main_8011901/80119018098.7.jpg,아로마빌커피,naver_shopping_search,식품,음료,커피,원두/생두,커피 원두,18.4344,0.8359371609599444,18.4344,0.8359371609599444,64.72200000000001,357.0,1309.85
NAVER_82484315399,퀘스트빈 도매 원두 커피 카페 납품 디퍼 블렌드 1KG,식품 > 음료 > 커피 > 원두/생두,84.74,3.9,66.0,29,Unknown,퀘스트빈,False,https://smartstore.naver.com/main/products/4939791088,2025-09-23 00:52:05.022237,114400,https://shopping-phinf.pstatic.net/main_8248431/82484315399.10.jpg,Unknown,naver_shopping_search,식품,음료,커피,원두/생두,커피 원두,18.4344,4.5968406891463784,18.4344,4.5968406891463784,330.486,257.4,5592.839999999999
NAVER_81345919374,산미없는커피 브라질 세하도 원두 납품 1kg 강배전 홀빈 구수한 세라도,식품 > 음료 > 커피 > 원두/생두,16.96,3.9,59.0,103,에센티아팩토리,에센티아 팩토리,False,https://smartstore.naver.com/main/products/3801401266,2025-09-23 00:52:05.022249,22900,https://shopping-phinf.pstatic.net/main_8134591/81345919374.7.jpg,에센티아팩토리,naver_shopping_search,식품,음료,커피,원두/생두,커피 원두,18.4344,0.9200190947359285,18.4344,0.9200190947359285,66.144,230.1,1000.6400000000001
NAVER_52936299081,"스타벅스 카페 베로나 홀빈, 1.13kg, 1개",식품 > 음료 > 커피 > 원두/생두,24.87,4.2,86.0,71,스타벅스,네이버,False,https://search.shopping.naver.com/catalog/52936299081,2025-09-23 00:52:05.022259,33580,https://shopping-phinf.pstatic.net/main_5293629/52936299081.20250211121847.jpg,스타벅스,naver_shopping_search,식품,음료,커피,원두/생두,커피 원두,18.4344,1.3491081890378858,18.4344,1.3491081890378858,104.45400000000001,361.2,2138.82
NAVER_82726863597,폴바셋 시그니처 원두 커피 홀빈 미디엄 로스팅 1.01kg 코스트코,식품 > 음료 > 커피 > 원두/생두,20.59,3.8,74.0,106,폴바셋,올댓픽,False,https://smartstore.naver.com/main/products/5182342392,2025-09-23 00:52:05.022271,27790,https://shopping-phinf.pstatic.net/main_8272686/82726863597.1.jpg,Unknown,naver_shopping_search,식품,음료,커피,원두/생두,커피 원두,18.4344,1.1169335589983942,18.4344,1.1169335589983942,78.24199999999999,281.2,1523.66
NAVER_87897905080,커피창고 원두커피 이든 블렌드 1kg 외 9종 고소한 맛있는 홀빈 콩,식품 > 음료 > 커피 > 원두/생두,14.0,4.1,7.0,97,커피창고,커피창고,False,https://smartstore.naver.com/main/products/10353400607,2025-09-23 00:52:05.022283,18900,https://shopping-phinf.pstatic.net/main_8789790/87897905080.10.jpg,Unknown,naver_shopping_search,식품,음료,커피,원두/생두,커피 원두,18.4344,0.7594497244282429,18.4344,0.7594497244282429,57.39999999999999,28.699999999999996,98.0
NAVER_81549948486,파나마 에스메랄다 게이샤 스페셜티 커피 원두 씬디 100g 홀빈,식품 > 음료 > 커피 > 원두/생두,25.93,4.0,72.0,104,에스메랄다,커스텀 커피 마켓,False,https://smartstore.naver.com/main/products/4005428093,2025-09-23 00:52:05.022294,35000,https://shopping-phinf.pstatic.net/main_8154994/81549948486.9.jpg,Unknown,naver_shopping_search,식품,음료,커피,원두/생두,커피 원두,18.4344,1.4066093824588812,18.4344,1.4066093824588812,103.72,288.0,1866.96
NAVER_85394684400,커볶 당일로스팅 원두커피 250g 홀빈 핸드드립 에스프레소 분쇄 가루 인도 카피로얄,식품 > 음료 > 커피 > 원두/생두,5.85,4.0,60.0,61,커피볶는집,커피볶는집,False,https://smartstore.naver.com/main/products/7850184078,2025-09-23 00:52:05.022311,7900,https://shopping-phinf.pstatic.net/main_8539468/85394684400.jpg,Unknown,naver_shopping_search,식품,음료,커피,원두/생두,커피 원두,18.4344,0.31734149199323003,18.4344,0.31734149199323003,23.4,240.0,351.0
NAVER_87470433654,[무료배송] 1kg 산미없는 고소한 원두 커피 브라질 세하도 당일로스팅 아라비카 홀빈 콩,식품 > 음료 > 커피 > 원두/생두,14.74,4.0,22.0,91,원두반점,원두반점,False,https://smartstore.naver.com/main/products/9925931381,2025-09-23 00:52:05.022325,19900,https://shopping-phinf.pstatic.net/main_8747043/87470433654.7.jpg,비니시클,naver_shopping_search,식품,음료,커피,원두/생두,커피 원두,18.4344,0.7995920670051643,18.4344,0.7995920670051643,58.96,88.0,324.28000000000003
NAVER_54467466297,"루비아 디카페인 블루문 홀빈, 1kg, 1개",식품 > 음료 > 커피 > 원두/생두,32.44,3.5,89.0,42,루비아,네이버,False,https://search.shopping.naver.com/catalog/54467466297,2025-09-23 00:52:05.022336,43800,https://shopping-phinf.pstatic.net/main_5446746/54467466297.20250428094828.jpg,Unknown,naver_shopping_search,식품,음료,커피,원두/생두,커피 원두,18.4344,1.759753504318014,18.4344,1.759753504318014,113.53999999999999,311.5,2887.16
NAVER_86038259756,스타벅스원두 카페베로나 스벅 홀빈 커피 1.13kg 대용량 코스트코,식품 > 음료 > 커피 > 원두/생두,25.48,4.1,20.0,100,스타벅스,유리카트,False,https://smartstore.naver.com/main/products/8493759433,2025-09-23 00:52:05.022352,34400,https://shopping-phinf.pstatic.net/main_8603825/86038259756.1.jpg,스타벅스,naver_shopping_search,식품,음료,커피,원두/생두,커피 원두,18.4344,1.382198498459402,18.4344,1.382198498459402,104.46799999999999,82.0,509.6
NAVER_80358540880,일리 클라시코 원두 커피 250g 미디움 홀빈 외 22종,식품 > 음료 > 커피 > 원두/생두,9.56,3.8,73.0,62,일리,일리천국,False,https://smartstore.naver.com/main/products/2860796902,2025-09-23 00:52:05.022364,12900,https://shopping-phinf.pstatic.net/main_8035854/80358540880.41.jpg,일리,naver_shopping_search,식품,음료,커피,원두/생두,커피 원두,18.4344,0.5185956689667144,18.4344,0.5185956689667144,36.328,277.4,697.88
NAVER_85630824588,500g+500g 게이샤 에티오피아 구지 겔레나 G1 원두 커피 깊은 단맛 산미 있는 콩,식품 > 음료 > 커피 > 원두/생두,29.56,3.5,85.0,86,에센티아팩토리,에센티아 팩토리,False,https://smartstore.naver.com/main/products/8086324265,2025-09-23 00:52:05.022376,39900,https://shopping-phinf.pstatic.net/main_8563082/85630824588.1.jpg,에센티아팩토리,naver_shopping_search,식품,음료,커피,원두/생두,커피 원두,18.4344,1.603523846721347,18.4344,1.603523846721347,103.46,297.5,2512.6
NAVER_81026974623,500g 콜롬비아 수프리모 갓볶은 당일로스팅 커피원두 맛있는 신선한 고소한 콩 홀빈 가루,식품 > 음료 > 커피 > 원두/생두,8.48,3.6,83.0,100,Unknown,라인코 원두커피,False,https://smartstore.naver.com/main/products/3482457486,2025-09-23 00:52:05.022387,11450,https://shopping-phinf.pstatic.net/main_8102697/81026974623.8.jpg,라인코,naver_shopping_search,식품,음료,커피,원두/생두,커피 원두,18.4344,0.46000954736796423,18.4344,0.46000954736796423,30.528000000000002,298.8,703.84
NAVER_10123581983,사계 블랜드 500g,식품 > 음료 > 커피 > 원두/생두,9.63,4.2,61.0,47,Unknown,로스터릭,False,https://smartstore.naver.com/main/products/452259857,2025-09-23 00:52:05.022397,13000,https://shopping-phinf.pstatic.net/main_1012358/10123581983.18.jpg,Unknown,naver_shopping_search,식품,음료,커피,원두/생두,커피 원두,18.4344,0.5223929175888556,18.4344,0.5223929175888556,40.446000000000005,256.2,587.4300000000001
NAVER_82179367262,[특별 판매가]에티오피아 내추럴 예가체프 G4 원두커피 1kg,식품 > 음료 > 커피 > 원두/생두,15.48,3.8,57.0,64,콩볶는사람들,콩볶는사람들,False,https://smartstore.naver.com/main/products/4634846811,2025-09-23 00:52:05.022409,20900,https://shopping-phinf.pstatic.net/main_8217936/82179367262.6.jpg,콩볶는사람들,naver_shopping_search,식품,음료,커피,원두/생두,커피 원두,18.4344,0.8397344095820857,18.4344,0.8397344095820857,58.824,216.6,882.36
NAVER_82520858132,헤베커피 밸런스 블렌드 대용량 신선한 원두 1kg,식품 > 음료 > 커피 > 원두/생두,33.33,3.9,44.0,77,헤베커피,헤베커피,False,https://smartstore.naver.com/main/products/4976337808,2025-09-23 00:52:05.022421,45000,https://shopping-phinf.pstatic.net/main_8252085/82520858132.3.jpg,Unknown,naver_shopping_search,식품,음료,커피,원두/생두,커피 원두,18.4344,1.8080328082280952,18.4344,1.8080328082280952,129.987,171.6,1466.52
NAVER_88565532877,폴바셋 원두 커피 시그니처 로스팅 블렌드 1.01kg 대용량 코스트코,식품 > 음료 > 커피 > 원두/생두,17.61,3.7,92.0,55,폴바셋,유리카트,False,https://smartstore.naver.com/main/products/11021026670,2025-09-23 00:52:05.022433,23770,https://shopping-phinf.pstatic.net/main_8856553/88565532877.jpg,Unknown,naver_shopping_search,식품,음료,커피,원두/생두,커피 원두,18.4344,0.955279260512954,18.4344,0.955279260512954,65.157,340.40000000000003,1620.12
NAVER_9085420252,500g 커피원두 강배전 향좋은커피 고급원두 블렌딩 맛있는 월요일 홀빈,식품 > 음료 > 커피 > 원두/생두,13.7,4.2,90.0,69,Unknown,세네카 커피,False,https://smartstore.naver.com/main/products/341384894,2025-09-23 00:52:05.022444,18500,https://shopping-phinf.pstatic.net/main_9085420/9085420252.11.jpg,Unknown,naver_shopping_search,식품,음료,커피,원두/생두,커피 원두,18.4344,0.7431758017619233,18.4344,0.7431758017619233,57.54,378.0,1233.0
NAVER_53663909799,"폴바셋 시그니처 블렌드 풀 포텐셜 홀빈 , 1.01kg, 1개",식품 > 음료 > 커피 > 원두/생두,18.07,4.0,20.0,103,폴바셋,네이버,False,https://search.shopping.naver.com/catalog/53663909799,2025-09-23 00:52:05.022455,24390,https://shopping-phinf.pstatic.net/main_5366390/53663909799.20250320101904.jpg,Unknown,naver_shopping_search,식품,음료,커피,원두/생두,커피 원두,18.4344,0.9802326086013106,18.4344,0.9802326086013106,72.28,80.0,361.4
NAVER_53663656563,"테라로사 올데이 블렌드 원두커피 홀빈 , 1.13kg, 1개",식품 > 음료 > 커피 > 원두/생두,23.7,3.8,80.0,71,테라로사,네이버,False,https://search.shopping.naver.com/catalog/53663656563,2025-09-23 00:52:05.022466,31990,https://shopping-phinf.pstatic.net/main_5366365/53663656563.20250320094606.jpg,Unknown,naver_shopping_search,식품,음료,커피,원두/생두,커피 원두,18.4344,1.2856398906392397,18.4344,1.2856398906392397,90.05999999999999,304.0,1896.0
NAVER_86496601171,당일로스팅 원두 커피콩 1kg 고소한 산미없는 카페원두 맛있는 다크 홀빈 흑당블렌딩,식품 > 음료 > 커피 > 원두/생두,17.7,4.1,36.0,110,백당커피공장,백당커피공장,False,https://smartstore.naver.com/main/products/8952100848,2025-09-23 00:52:05.022478,23900,https://shopping-phinf.pstatic.net/main_8649660/86496601171.11.jpg,백당커피공장,naver_shopping_search,식품,음료,커피,원두/생두,커피 원두,18.4344,0.9601614373128499,18.4344,0.9601614373128499,72.57,147.6,637.1999999999999
NAVER_83150448108,스타벅스 원두 커피 블랙퍼스트 홀빈 1.13kg 대용량 코스트코,식품 > 음료 > 커피 > 원두/생두,26.63,4.0,97.0,49,스타벅스,코코로운,False,https://smartstore.naver.com/main/products/5605951607,2025-09-23 00:52:05.022490,35950,https://shopping-phinf.pstatic.net/main_8315044/83150448108.2.jpg,Unknown,naver_shopping_search,식품,음료,커피,원두/생두,커피 원두,18.4344,1.4445818686802934,18.4344,1.4445818686802934,106.52,388.0,2583.11
NAVER_88874331491,산미없는 원두 브라질 세하도 고소한 커피 홀빈 500g,식품 > 음료 > 커피 > 원두/생두,7.04,4.2,27.0,95,Unknown,라가커피,False,https://smartstore.naver.com/main/products/11329821160,2025-09-23 00:52:05.022504,9500,https://shopping-phinf.pstatic.net/main_8887433/88874331491.12.jpg,Unknown,naver_shopping_search,식품,음료,커피,원두/생두,커피 원두,18.4344,0.3818947185696307,18.4344,0.3818947185696307,29.568,113.4,190.08
NAVER_13444052645,갓볶은메가커피 에스프레소 블랜드 클래식 1kg,식품 > 음료 > 커피 > 원두/생두,14.67,3.7,77.0,43,Unknown,MEGACOFFEE,False,https://smartstore.naver.com/main/products/2479929864,2025-09-23 00:52:05.022515,19800,https://shopping-phinf.pstatic.net/main_1344405/13444052645.2.jpg,일디오,naver_shopping_search,식품,음료,커피,원두/생두,커피 원두,18.4344,0.795794818383023,18.4344,0.795794818383023,54.279,284.90000000000003,1129.59
NAVER_86919143026,모모스커피 에스쇼콜라 블렌드 스페셜티 원두 200g,식품 > 음료 > 커피 > 원두/생두,9.33,4.1,85.0,63,모모스커피,모모스커피,False,https://smartstore.naver.com/main/products/9374642703,2025-09-23 00:52:05.022527,12600,https://shopping-phinf.pstatic.net/main_8691914/86919143026.6.jpg,Unknown,naver_shopping_search,식품,음료,커피,원두/생두,커피 원두,18.4344,0.5061189949225361,18.4344,0.5061189949225361,38.253,348.49999999999994,793.05
NAVER_84460797283,원두납품 카페 대용량 원두 도매 하우스 블렌드 1kg,식품 > 음료 > 커피 > 원두/생두,52.22,4.4,104.0,59,수달리,수달리커피,False,https://smartstore.naver.com/main/products/6916296961,2025-09-23 00:52:05.022539,70500,https://shopping-phinf.pstatic.net/main_8446079/84460797283.21.jpg,Unknown,naver_shopping_search,식품,음료,커피,원두/생두,커피 원두,18.4344,2.8327474721173456,18.4344,2.8327474721173456,229.768,457.6,5430.88
NAVER_81205149960,커피 원두콩 케냐AA 산미있는 케냐 커피원두 200g,식품 > 음료 > 커피 > 원두/생두,8.07,4.2,55.0,76,뉴웨스트커피,뉴웨스트커피,False,https://smartstore.naver.com/main/products/3660632320,2025-09-23 00:52:05.022553,10900,https://shopping-phinf.pstatic.net/main_8120514/81205149960.16.jpg,뉴웨스트커피,naver_shopping_search,식품,음료,커피,원두/생두,커피 원두,18.4344,0.4377685197239943,18.4344,0.4377685197239943,33.894000000000005,231.0,443.85
NAVER_53665824910,"일리 디카페인 원두 홀빈 , 250g, 1개",식품 > 음료 > 커피 > 원두/생두,9.19,3.6,32.0,89,일리,네이버,False,https://search.shopping.naver.com/catalog/53665824910,2025-09-23 00:52:05.022565,12400,https://shopping-phinf.pstatic.net/main_5366582/53665824910.20250320143737.jpg,일리,naver_shopping_search,식품,음료,커피,원두/생두,커피 원두,18.4344,0.4985244976782537,18.4344,0.4985244976782537,33.083999999999996,115.2,294.08
NAVER_83535536129,"달콤하고 부드러운 루비아 블루문 디카페인 홀빈, 1kg, 1개",식품 > 음료 > 커피 > 원두/생두,32.44,3.7,74.0,106,루비아,루비아 커피,False,https://smartstore.naver.com/main/products/5991036641,2025-09-23 00:52:05.022578,43800,https://shopping-phinf.pstatic.net/main_8353553/83535536129.3.jpg,Unknown,naver_shopping_search,식품,음료,커피,원두/생두,커피 원두,18.4344,1.759753504318014,18.4344,1.759753504318014,120.02799999999999,273.8,2400.56
NAVER_11264846730,산미없는원두 맛있는 고소한 베트남 로부스타 원두 커피 1kg 홀빈 당일로스팅 브리즈빈,식품 > 음료 > 커피 > 원두/생두,8.81,4.1,27.0,63,브리즈빈,커피마켓어스,False,https://smartstore.naver.com/main/products/698806739,2025-09-23 00:52:05.022592,11900,https://shopping-phinf.pstatic.net/main_1126484/11264846730.13.jpg,커피마켓어스,naver_shopping_search,식품,음료,커피,원두/생두,커피 원두,18.4344,0.47791086230091573,18.4344,0.47791086230091573,36.121,110.69999999999999,237.87
NAVER_6733912415,커피생두 1Kg 뉴크롭 필더컵 베트남 마운틴 라이온 G1 외 17종,식품 > 음료 > 커피 > 원두/생두,6.52,3.9,12.0,49,필더컵,필더컵,False,https://smartstore.naver.com/main/products/123214125,2025-09-23 00:52:05.022611,8800,https://shopping-phinf.pstatic.net/main_6733912/6733912415.9.jpg,지오라인,naver_shopping_search,식품,음료,커피,원두/생두,커피 원두,18.4344,0.3536865859480102,18.4344,0.3536865859480102,25.427999999999997,46.8,78.24
NAVER_88606120071,원두커피 스페셜티 알파인오로라 디카페인 홀빈,식품 > 음료 > 커피 > 원두/생두,11.85,4.2,87.0,86,Unknown,스노우커피,False,https://smartstore.naver.com/main/products/11061613860,2025-09-23 00:52:05.022621,16000,https://shopping-phinf.pstatic.net/main_8860612/88606120071.1.jpg,Unknown,naver_shopping_search,식품,음료,커피,원두/생두,커피 원두,18.4344,0.6428199453196198,18.4344,0.6428199453196198,49.77,365.40000000000003,1030.95
NAVER_86978468962,[15주년 특가] 커피창고 원두커피 디카페인 블렌드 1kg 고소한 맛있는 홀빈 콩,식품 > 음료 > 커피 > 원두/생두,22.89,3.8,70.0,100,커피창고,커피창고,False,https://smartstore.naver.com/main/products/9433968639,2025-09-23 00:52:05.022633,30900,https://shopping-phinf.pstatic.net/main_8697846/86978468962.9.jpg,Unknown,naver_shopping_search,식품,음료,커피,원두/생두,커피 원두,18.4344,1.2417002994401771,18.4344,1.2417002994401771,86.982,266.0,1602.3
NAVER_88455441552,송마리커피집 디카페인 원두 고소한 콜롬비아 수프리모 슈가케인 홀빈 맛있는 콩 1kg,식품 > 음료 > 커피 > 원두/생두,22.07,3.6,67.0,34,Unknown,송마리커피집,False,https://smartstore.naver.com/main/products/10910935517,2025-09-23 00:52:05.022645,29800,https://shopping-phinf.pstatic.net/main_8845544/88455441552.1.jpg,Unknown,naver_shopping_search,식품,음료,커피,원두/생두,커피 원두,18.4344,1.1972182441522372,18.4344,1.1972182441522372,79.452,241.20000000000002,1478.69
NAVER_53664564474,"스타벅스 커클랜드 원두커피 하우스 블렌드 홀빈 , 1.13kg, 1개",식품 > 음료 > 커피 > 원두/생두,20.9,3.6,84.0,59,커클랜드,네이버,False,https://search.shopping.naver.com/catalog/53664564474,2025-09-23 00:52:05.022657,28220,https://shopping-phinf.pstatic.net/main_5366456/53664564474.20250320113413.jpg,스타벅스,naver_shopping_search,식품,음료,커피,원두/생두,커피 원두,18.4344,1.1337499457535911,18.4344,1.1337499457535911,75.24,302.40000000000003,1755.6
NAVER_53684824228,"워너빈로스터리 워너빈 베트남 로부스타 G1 원두커피 홀빈 , 1kg, 1개",식품 > 음료 > 커피 > 원두/생두,9.56,3.6,32.0,52,워너빈,네이버,False,https://search.shopping.naver.com/catalog/53684824228,2025-09-23 00:52:05.022669,12900,https://shopping-phinf.pstatic.net/main_5368482/53684824228.20250321121519.jpg,워너빈로스터리,naver_shopping_search,식품,음료,커피,원두/생두,커피 원두,18.4344,0.5185956689667144,18.4344,0.5185956689667144,34.416000000000004,115.2,305.92
NAVER_82282050907,베러베스트 블랜드 원두커피 500g 당일로스팅 홀빈 원두콩,식품 > 음료 > 커피 > 원두/생두,13.7,3.9,53.0,74,베러베스트커피,베러베스트,False,https://smartstore.naver.com/main/products/4737529443,2025-09-23 00:52:05.022681,18500,https://shopping-phinf.pstatic.net/main_8228205/82282050907.7.jpg,베러베스트커피,naver_shopping_search,식품,음료,커피,원두/생두,커피 원두,18.4344,0.7431758017619233,18.4344,0.7431758017619233,53.42999999999999,206.7,726.0999999999999
NAVER_11183866848,커볶 당일로스팅 원두커피 1kg 갓볶은 맛있는 고소한 원두 홀빈 콩 인도 카피로얄,식품 > 음료 > 커피 > 원두/생두,16.59,3.8,39.0,49,커피볶는집,커피볶는집,False,https://smartstore.naver.com/main/products/680791171,2025-09-23 00:52:05.022694,22400,https://shopping-phinf.pstatic.net/main_1118386/11183866848.13.jpg,Unknown,naver_shopping_search,식품,음료,커피,원두/생두,커피 원두,18.4344,0.8999479234474678,18.4344,0.8999479234474678,63.041999999999994,148.2,647.01
NAVER_53684810824,"라바짜 구스토 포르테 홀빈 , 1kg, 1개",식품 > 음료 > 커피 > 원두/생두,17.78,4.0,56.0,39,라바짜,네이버,False,https://search.shopping.naver.com/catalog/53684810824,2025-09-23 00:52:05.022704,24000,https://shopping-phinf.pstatic.net/main_5368481/53684810824.20250321115939.jpg,라바짜,naver_shopping_search,식품,음료,커피,원두/생두,커피 원두,18.4344,0.9645011500238685,18.4344,0.9645011500238685,71.12,224.0,995.6800000000001
NAVER_86008809081,더써드로스터스 당일로스팅 고소한 원두 산미없는 커피원두 브라질세하도 외 6종 홀빈 500g,식품 > 음료 > 커피 > 원두/생두,9.93,4.2,68.0,117,더써드로스터스,더써드로스터스,False,https://smartstore.naver.com/main/products/8464308758,2025-09-23 00:52:05.022719,13400,https://shopping-phinf.pstatic.net/main_8600880/86008809081.10.jpg,더써드로스터스,naver_shopping_search,식품,음료,커피,원두/생두,커피 원두,18.4344,0.5386668402551751,18.4344,0.5386668402551751,41.706,285.6,675.24
NAVER_53684810713,"라바짜 탑클래스 홀빈 , 1kg, 1개",식품 > 음료 > 커피 > 원두/생두,28.89,3.8,32.0,116,라바짜,네이버,False,https://search.shopping.naver.com/catalog/53684810713,2025-09-23 00:52:05.022730,39000,https://shopping-phinf.pstatic.net/main_5368481/53684810713.20250321115248.jpg,라바짜,naver_shopping_search,식품,음료,커피,원두/생두,커피 원두,18.4344,1.5671787527665668,18.4344,1.5671787527665668,109.782,121.6,924.48
NAVER_80987150310,[1kg] 일프로커피 프리미엄 블렌드 원두,식품 > 음료 > 커피 > 원두/생두,18.52,4.2,33.0,47,일프로커피,일프로커피,False,https://smartstore.naver.com/main/products/3442633214,2025-09-23 00:52:05.022742,25000,https://shopping-phinf.pstatic.net/main_8098715/80987150310.6.jpg,일프로커피컴퍼니,naver_shopping_search,식품,음료,커피,원두/생두,커피 원두,18.4344,1.00464349260079,18.4344,1.00464349260079,77.784,138.6,611.16
NAVER_53683754998,"스타벅스 브렉퍼스트 블렌드 미디엄 로스트 홀빈 , 1.13kg, 1개",식품 > 음료 > 커피 > 원두/생두,25.9,3.9,24.0,73,스타벅스,네이버,False,https://search.shopping.naver.com/catalog/53683754998,2025-09-23 00:52:05.022753,34960,https://shopping-phinf.pstatic.net/main_5368375/53683754998.20250321103635.jpg,Unknown,naver_shopping_search,식품,음료,커피,원두/생두,커피 원두,18.4344,1.4049819901922491,18.4344,1.4049819901922491,101.00999999999999,93.6,621.5999999999999
NAVER_89787332590,우즈커피 원두 1kg 대용량 로스팅 홀빈 커피콩 피크닉블렌드 외 4종,식품 > 음료 > 커피 > 원두/생두,14.07,4.2,67.0,48,Unknown,Woods Coffee,False,https://smartstore.naver.com/main/products/12242821874,2025-09-23 00:52:05.022764,19000,https://shopping-phinf.pstatic.net/main_8978733/89787332590.2.jpg,Unknown,naver_shopping_search,식품,음료,커피,원두/생두,커피 원두,18.4344,0.763246973050384,18.4344,0.763246973050384,59.094,281.40000000000003,942.69
NAVER_84759199697,[무료배송] 커피창고 원두커피 에티오피아 예가체프 G2 1kg 고소한 맛있는 홀빈 콩,식품 > 음료 > 커피 > 원두/생두,18.44,3.7,46.0,59,커피창고,커피창고,False,https://smartstore.naver.com/main/products/7214699375,2025-09-23 00:52:05.022777,24900,https://shopping-phinf.pstatic.net/main_8475919/84759199697.5.jpg,Unknown,naver_shopping_search,식품,음료,커피,원두/생두,커피 원두,18.4344,1.0003037798897714,18.4344,1.0003037798897714,68.22800000000001,170.20000000000002,848.24
NAVER_54209936128,"원두대장 커피 브라질 콜롬비아 홀빈 , 1kg, 1개",식품 > 음료 > 커피 > 원두/생두,10.96,4.1,83.0,120,Unknown,네이버,False,https://search.shopping.naver.com/catalog/54209936128,2025-09-23 00:52:05.022790,14800,https://shopping-phinf.pstatic.net/main_5420993/54209936128.20250415105611.jpg,Unknown,naver_shopping_search,식품,음료,커피,원두/생두,커피 원두,18.4344,0.5945406414095388,18.4344,0.5945406414095388,44.936,340.29999999999995,909.6800000000001
NAVER_53684810784,"라바짜 구스토 피에노 홀빈 , 1kg, 1개",식품 > 음료 > 커피 > 원두/생두,17.78,4.2,41.0,71,라바짜,네이버,False,https://search.shopping.naver.com/catalog/53684810784,2025-09-23 00:52:05.022800,24000,https://shopping-phinf.pstatic.net/main_5368481/53684810784.20250321115717.jpg,라바짜,naver_shopping_search,식품,음료,커피,원두/생두,커피 원두,18.4344,0.9645011500238685,18.4344,0.9645011500238685,74.676,172.20000000000002,728.98
NAVER_81412031293,빈마켓 블렌드 원두커피 원두납품 업소용 카페 원두 1kg,식품 > 음료 > 커피 > 원두/생두,15.48,3.9,91.0,118,Unknown,빈마켓,False,https://smartstore.naver.com/main/products/3867511280,2025-09-23 00:52:05.022811,20900,https://shopping-phinf.pstatic.net/main_8141203/81412031293.3.jpg,Unknown,naver_shopping_search,식품,음료,커피,원두/생두,커피 원두,18.4344,0.8397344095820857,18.4344,0.8397344095820857,60.372,354.9,1408.68
NAVER_86511479729,원두 커피콩 당일로스팅 1kg 산미없는 고소한 카페원두 에스프레소 블렌딩 바라던다크 홀빈,식품 > 음료 > 커피 > 원두/생두,18.67,3.9,15.0,90,바라던커피,바라던커피,False,https://smartstore.naver.com/main/products/8966979406,2025-09-23 00:52:05.022823,25200,https://shopping-phinf.pstatic.net/main_8651147/86511479729.8.jpg,바라던커피,naver_shopping_search,식품,음료,커피,원두/생두,커피 원두,18.4344,1.0127804539339496,18.4344,1.0127804539339496,72.813,58.5,280.05
NAVER_88758729403,[특별 판매가] 스타 블렌드 오리지널 원두커피 1kg,식품 > 음료 > 커피 > 원두/생두,12.96,4.2,28.0,48,콩볶는사람들,콩볶는사람들,False,https://smartstore.naver.com/main/products/11214219072,2025-09-23 00:52:05.022834,17500,https://shopping-phinf.pstatic.net/main_8875872/88758729403.1.jpg,콩볶는사람들,naver_shopping_search,식품,음료,커피,원두/생두,커피 원두,18.4344,0.703033459185002,18.4344,0.703033459185002,54.43200000000001,117.60000000000001,362.88
NAVER_86507008258,대용량 사무실 카페 업소용 원두 3kg 도매 납품 고소한 다크 흑당블렌드 갓볶은 커피콩,식품 > 음료 > 커피 > 원두/생두,51.78,4.0,60.0,57,백당커피공장,백당커피공장,False,https://smartstore.naver.com/main/products/8962507935,2025-09-23 00:52:05.022851,69900,https://shopping-phinf.pstatic.net/main_8650700/86507008258.4.jpg,백당커피공장,naver_shopping_search,식품,음료,커피,원두/생두,커피 원두,18.4344,2.808879052206744,18.4344,2.808879052206744,207.12,240.0,3106.8
NAVER_87577134888,모모스커피 프루티봉봉 블렌드 스페셜티 원두 1kg 대용량,식품 > 음료 > 커피 > 원두/생두,30.0,4.0,8.0,62,모모스커피,모모스커피,False,https://smartstore.naver.com/main/products/10032632384,2025-09-23 00:52:05.022862,40500,https://shopping-phinf.pstatic.net/main_8757713/87577134888.5.jpg,Unknown,naver_shopping_search,식품,음료,커피,원두/생두,커피 원두,18.4344,1.627392266631949,18.4344,1.627392266631949,120.0,32.0,240.0
NAVER_9189492643,블렌딩 원두커피 1kg 커피볶는 시골커피 갓볶은 고소한 산미 당일로스팅,식품 > 음료 > 커피 > 원두/생두,19.04,3.7,83.0,89,Unknown,시골커피,False,https://smartstore.naver.com/main/products/347174292,2025-09-23 00:52:05.022875,25700,https://shopping-phinf.pstatic.net/main_9189492/9189492643.6.jpg,Unknown,naver_shopping_search,식품,음료,커피,원두/생두,커피 원두,18.4344,1.0328516252224103,18.4344,1.0328516252224103,70.448,307.1,1580.32
NAVER_86878219145,폴바셋 원두 커피 시그니처 1.01kg 코스트코 로스팅 블렌드 브라질 에티오피아,식품 > 음료 > 커피 > 원두/생두,20.52,4.2,89.0,70,폴바셋,티에스shop,False,https://smartstore.naver.com/main/products/9333718822,2025-09-23 00:52:05.022886,27700,https://shopping-phinf.pstatic.net/main_8687821/86878219145.2.jpg,Unknown,naver_shopping_search,식품,음료,커피,원두/생두,커피 원두,18.4344,1.113136310376253,18.4344,1.113136310376253,86.184,373.8,1826.28
NAVER_54089383150,"모모스커피 에스쇼콜라 시그니처 블렌드 홀빈 , 500g, 1개",식품 > 음료 > 커피 > 원두/생두,16.59,4.2,18.0,75,모모스커피,네이버,False,https://search.shopping.naver.com/catalog/54089383150,2025-09-23 00:52:05.022897,22400,https://shopping-phinf.pstatic.net/main_5408938/54089383150.20250410122446.jpg,Unknown,naver_shopping_search,식품,음료,커피,원두/생두,커피 원두,18.4344,0.8999479234474678,18.4344,0.8999479234474678,69.678,75.60000000000001,298.62
NAVER_88218844375,5kg 대용량 원두납품 커피원두도매 카페납품 업소용 로스팅 홀빈 골드 리치 외 20종류,식품 > 음료 > 커피 > 원두/생두,58.15,4.1,38.0,24,Unknown,티타임커피,False,https://smartstore.naver.com/main/products/10674338453,2025-09-23 00:52:05.022908,78500,https://shopping-phinf.pstatic.net/main_8821884/88218844375.8.jpg,티타임,naver_shopping_search,식품,음료,커피,원두/생두,커피 원두,18.4344,3.154428676821594,18.4344,3.154428676821594,238.41499999999996,155.79999999999998,2209.7
NAVER_87693556768,일리 커피 에스프레소 분쇄 디카페인 250g 커피메이커용,식품 > 음료 > 커피 > 원두/생두,9.56,3.8,93.0,48,일리,illy store,False,https://smartstore.naver.com/main/products/10149053549,2025-09-23 00:52:05.022919,12900,https://shopping-phinf.pstatic.net/main_8769355/87693556768.jpg,일리,naver_shopping_search,식품,음료,커피,원두/생두,커피 원두,18.4344,0.5185956689667144,18.4344,0.5185956689667144,36.328,353.4,889.08
NAVER_86064968355,일리 커피 모카포트용 분쇄 클라시코 미디움 250g,식품 > 음료 > 커피 > 원두/생두,9.56,4.3,12.0,77,일리,illy store,False,https://smartstore.naver.com/main/products/8520468032,2025-09-23 00:52:05.022931,12900,https://shopping-phinf.pstatic.net/main_8606496/86064968355.1.jpg,일리,naver_shopping_search,식품,음료,커피,원두/생두,커피 원두,18.4344,0.5185956689667144,18.4344,0.5185956689667144,41.108,51.599999999999994,114.72
NAVER_84294005755,방탄커피 전용 곰팡이 독소 프리 원두 및 재료 500g 홀빈,식품 > 음료 > 커피 > 원두/생두,25.93,3.6,20.0,110,Unknown,그냥 커피,False,https://smartstore.naver.com/main/products/6749505433,2025-09-23 00:52:05.022942,35000,https://shopping-phinf.pstatic.net/main_8429400/84294005755.11.jpg,Unknown,naver_shopping_search,식품,음료,커피,원두/생두,커피 원두,18.4344,1.4066093824588812,18.4344,1.4066093824588812,93.348,72.0,518.6
NAVER_52936852117,"스타벅스 에스프레소 로스트 홀빈, 1.13kg, 1개",식품 > 음료 > 커피 > 원두/생두,31.66,3.8,71.0,65,스타벅스,네이버,False,https://search.shopping.naver.com/catalog/52936852117,2025-09-23 00:52:05.022954,42740,https://shopping-phinf.pstatic.net/main_5293685/52936852117.20250211123550.jpg,스타벅스,naver_shopping_search,식품,음료,커피,원두/생두,커피 원두,18.4344,1.7174413053855835,18.4344,1.7174413053855835,120.30799999999999,269.8,2247.86
NAVER_84389407922,원두납품 도매 사업자 원두 고소한 프렌들리 홀빈 1kg,식품 > 음료 > 커피 > 원두/생두,15.78,3.6,88.0,105,Unknown,이수팩토리로스터즈,False,https://smartstore.naver.com/main/products/6844907600,2025-09-23 00:52:05.022966,21300,https://shopping-phinf.pstatic.net/main_8438940/84389407922.11.jpg,Unknown,naver_shopping_search,식품,음료,커피,원두/생두,커피 원두,18.4344,0.8560083322484051,18.4344,0.8560083322484051,56.808,316.8,1388.6399999999999
NAVER_82280987370,베러베스트 블랜드 원두커피 200g 고소한 맛있는 당일로스팅 홀빈 콩 분쇄 가루,식품 > 음료 > 커피 > 원두/생두,7.33,4.2,59.0,37,베러베스트커피,베러베스트,False,https://smartstore.naver.com/main/products/4736465906,2025-09-23 00:52:05.022978,9900,https://shopping-phinf.pstatic.net/main_8228098/82280987370.8.jpg,베러베스트커피,naver_shopping_search,식품,음료,커피,원두/생두,커피 원두,18.4344,0.3976261771470729,18.4344,0.3976261771470729,30.786,247.8,432.47
NAVER_83571479973,콩스콩스 원두커피 1kg 마일드 블렌드,식품 > 음료 > 커피 > 원두/생두,12.96,3.7,13.0,54,콩스콩스,콩스콩스,False,https://smartstore.naver.com/main/products/6026980485,2025-09-23 00:52:05.022990,17500,https://shopping-phinf.pstatic.net/main_8357147/83571479973.8.jpg,콩스콩스,naver_shopping_search,식품,음료,커피,원두/생두,커피 원두,18.4344,0.703033459185002,18.4344,0.703033459185002,47.952000000000005,48.1,168.48000000000002
NAVER_84759190081,[무료배송] 커피창고 원두커피 케냐 AA 1kg 고소한 맛있는 홀빈 콩,식품 > 음료 > 커피 > 원두/생두,20.67,4.0,17.0,46,커피창고,커피창고,False,https://smartstore.naver.com/main/products/7214689759,2025-09-23 00:52:05.023001,27900,https://shopping-phinf.pstatic.net/main_8475919/84759190081.5.jpg,Unknown,naver_shopping_search,식품,음료,커피,원두/생두,커피 원두,18.4344,1.121273271709413,18.4344,1.121273271709413,82.68,68.0,351.39000000000004
NAVER_82588836031,칠린 블렌드(500g),식품 > 음료 > 커피 > 원두/생두,17.04,4.2,79.0,74,Unknown,아이덴티티커피랩,False,https://smartstore.naver.com/main/products/5044314971,2025-09-23 00:52:05.023011,23000,https://shopping-phinf.pstatic.net/main_8258883/82588836031.1.jpg,Unknown,naver_shopping_search,식품,음료,커피,원두/생두,커피 원두,18.4344,0.924358807446947,18.4344,0.924358807446947,71.568,331.8,1346.1599999999999
NAVER_82873798505,구뜨커피 1kg 산미없는 고소한 당일로스팅 홀빈 카페 커피원두 스페셜티 홈카페 NO3,식품 > 음료 > 커피 > 원두/생두,19.26,3.7,97.0,98,Unknown,로스팅커피원두도매납품쇼핑몰,False,https://smartstore.naver.com/main/products/5329305902,2025-09-23 00:52:05.023022,26000,https://shopping-phinf.pstatic.net/main_8287379/82873798505.4.jpg,Unknown,naver_shopping_search,식품,음료,커피,원두/생두,커피 원두,18.4344,1.0447858351777113,18.4344,1.0447858351777113,71.26200000000001,358.90000000000003,1868.2200000000003
NAVER_84171626826,"워너빈 블루드래곤 G1 베트남 원두커피 갓볶은 신선한 고소한 맛있는 콩 홀빈, 1kg, 1개",식품 > 음료 > 커피 > 원두/생두,9.56,3.9,44.0,91,워너빈,워너빈 커피,False,https://smartstore.naver.com/main/products/6627126504,2025-09-23 00:52:05.023034,12900,https://shopping-phinf.pstatic.net/main_8417162/84171626826.jpg,워너빈로스터리,naver_shopping_search,식품,음료,커피,원두/생두,커피 원두,18.4344,0.5185956689667144,18.4344,0.5185956689667144,37.284,171.6,420.64000000000004
NAVER_83139130495,1kg 간결커피 당일 로스팅 포레스트 블렌드 커피 원두 홀빈 납품,식품 > 음료 > 커피 > 원두/생두,19.26,3.9,22.0,90,Unknown,간결커피로스터스,False,https://smartstore.naver.com/main/products/5594634174,2025-09-23 00:52:05.023045,26000,https://shopping-phinf.pstatic.net/main_8313913/83139130495.15.jpg,간결커피로스터스,naver_shopping_search,식품,음료,커피,원두/생두,커피 원두,18.4344,1.0447858351777113,18.4344,1.0447858351777113,75.114,85.8,423.72
